source,pt_PT
"|||			The Batch {0} of an item {1} has negative stock in the warehouse {2}{3}.|||			Please add a stock quantity of {4} to proceed with this entry.|||			If it is not possible to make an adjustment entry, please enable 'Allow Negative Stock for Batch' in Stock Settings to proceed.|||			However, enabling this setting may lead to negative stock in the system.|||			So please ensure the stock levels are adjusted as soon as possible to maintain the correct valuation rate.","|||			O Lote {0} de um item {1} possui estoque negativo no armazém {2}{3}.|||			Adicione uma quantidade em estoque de {4} para prosseguir com esta entrada.|||			Se não for possível fazer uma entrada de ajuste, ative 'Permitir estoque negativo para lote' nas configurações de estoque para prosseguir.|||			Contudo, habilitar esta configuração pode levar a estoque negativo no sistema.|||			Portanto, certifique-se de que os níveis de estoque sejam ajustados o mais rápido possível para manter a taxa de avaliação correta."
 Address,Endereço
 Amount,Quantia
 BOM,BOM
 Is Child Table,É mesa infantil
 Is Subcontracted,É subcontratado
 Item,Item
 Name,Nome
 Phantom Item,Item Fantasma
 Rate,Avaliar
 Raw Material,Matéria-prima
 Skip Material Transfer,Pular transferência de material
 Sub Assembly,Submontagem
 Summary,Resumo
"""Is Fixed Asset"" cannot be unchecked, as Asset record exists against the item","""É ativo fixo"" não pode ser desmarcado, pois existe registro de ativo no item"
"""SN-01::10"" for ""SN-01"" to ""SN-10""","""SN-01::10"" para ""SN-01"" a ""SN-10"""
# In Stock,# Em estoque
# Req'd Items,# Itens necessários
%  Delivered,%  Entregue
% Amount Billed,% Valor faturado
% Billed,% faturada
% Complete Method,% Método concluído
% Completed,% Concluído
% Cost Allocation,% de alocação de custos
% Finished Item Quantity,% Quantidade de itens acabados
% Installed,% Instalado
% Of Grand Total,% do total geral
% Ordered,% encomendada
% Picked,% escolhido
% Process Loss,% Perda de Processo
% Produced,% Produzido
% Progress,% de progresso
% Raw Material Received,% Matéria Prima Recebida
% Raw Material Returned,% de matéria-prima devolvida
% Received,% Recebido
% Returned,% Devolvida
% of materials billed against this Sales Order,% de materiais faturados nesta ordem de vendas
% of materials delivered against this Pick List,% de materiais entregues nesta lista de seleção
% of materials delivered against this Sales Order,% de materiais entregues nesta ordem de vendas
'Account' in the Accounting section of Customer {0},'Conta' na seção Contabilidade do Cliente {0}
'Allow Multiple Sales Orders Against a Customer's Purchase Order','Permitir várias ordens de vendas em relação à ordem de compra de um cliente'
'Default {0} Account' in Company {1},'Conta {0} padrão' na empresa {1}
"'Inspection Required before Delivery' has disabled for the item {0}, no need to create the QI","'Inspeção necessária antes da entrega' foi desativada para o item {0}, não há necessidade de criar o QI"
"'Inspection Required before Purchase' has disabled for the item {0}, no need to create the QI","'Inspeção necessária antes da compra' foi desativada para o item {0}, não há necessidade de criar o QI"
'To Package No.' cannot be less than 'From Package No.','Para o pacote nº.' não pode ser inferior a 'Do pacote No.'
'{0}' account is already used by {1}. Use another account.,A conta '{0}' já é usada por {1}. Use outra conta.
'{0}' has been already added.,'{0}' já foi adicionado.
'{0}' should be in company currency {1}.,'{0}' deve estar na moeda da empresa {1}.
(A) Qty After Transaction,(A) Quantidade após transação
(B) Expected Qty After Transaction,(B) Quantidade esperada após a transação
(C) Total Qty in Queue,(C) Quantidade total na fila
(C) Total qty in queue,(C) Quantidade total na fila
(D) Balance Stock Value,(D) Valor do estoque de equilíbrio
(Daily Yield * No of Units Produced) / 100,(Rendimento Diário * Nº de Unidades Produzidas) / 100
(E) Balance Stock Value in Queue,(E) Saldo do valor do estoque na fila
(F) Change in Stock Value,(F) Alteração no valor do estoque
(G) Sum of Change in Stock Value,(G) Soma da variação no valor das ações
(Good Units Produced / Total Units Produced) × 100,(Boas Unidades Produzidas / Total de Unidades Produzidas) × 100
(H) Change in Stock Value (FIFO Queue),(H) Alteração no valor do estoque (fila FIFO)
(H) Valuation Rate,(H) Taxa de Avaliação
(Hour Rate / 60) * Actual Operation Time,(Taxa horária / 60) * Tempo real de operação
(I) Valuation Rate,(I) Taxa de Avaliação
(J) Valuation Rate as per FIFO,(J) Taxa de avaliação conforme FIFO
(K) Valuation = Value (D) ÷ Qty (A),(K) Avaliação = Valor (D) ÷ Quantidade (A)
(Purchase Order + Material Request + Actual Expense),(Ordem de Compra + Solicitação de Material + Despesa Real)
(Total Workstation Time / Manufacturing Time) * 60,(Tempo total da estação de trabalho/Tempo de fabricação) * 60
(including),(incluindo)
(none),(nenhum)
* Will be calculated in the transaction.,*Será calculado na transação.
0 - 30 Days,0 - 30 dias
0-30,0-30
0-30 Days,0-30 dias
1 Loyalty Points = How much base currency?,1 Pontos de Fidelidade = Quanta moeda base?
1{0},1{0}
2 Yearly,2 Anualmente
3 Yearly,3 Anualmente
30 - 60 Days,30 - 60 dias
30 mins,30 minutos
30-60,30-60
30-60 Days,30-60 dias
6 hrs,6 horas
60 - 90 Days,60 - 90 dias
60-90,60-90
60-90 Days,60-90 dias
90 - 120 Days,90 - 120 dias
90 Above,90 acima
<0,<0
"<b>Cannot create asset.</b><br><br>You're trying to create <b>{0} asset(s)</b> from {2} {3}.<br>However, only <b>{1} item(s)</b> were purchased and <b>{4} asset(s)</b> already exist against {5}.","<b>Não é possível criar recurso.</b><br><br>Você está tentando criar <b>{0} recurso(s)</b> de {2} {3}.<br>No entanto, apenas <b>{1} item(s)</b> foram comprados e já existem <b>{4} recurso(s)</b> em {5}."
<b>From Time</b> cannot be later than <b>To Time</b> for {0},<b>Hora inicial</b> não pode ser posterior a <b>Hora final</b> de {0}
<b>Row #{0}:</b> Bundle {1} in warehouse {2} has insufficient packed items:<br><div style='margin-top: 15px;'><ul style='line-height: 0.8;'>{3}</ul></div>,<b>Linha nº{0}:</b> o pacote {1} no armazém {2} tem itens embalados insuficientes:<br><div style='margin-top: 15px;'><ul style='line-height: 0.8;'>{3}</ul></div>
"<br>|||<h4>Note</h4>|||<ul>|||<li>|||You can use <a href=""https://jinja.palletsprojects.com/en/2.11.x/"" target=""_blank"">Jinja tags</a> in <b>Subject</b> and <b>Body</b> fields for dynamic values.|||</li><li>|||    All fields in this doctype are available under the <b>doc</b> object and all fields for the customer to whom the mail will go to is available under the  <b>customer</b> object.|||</li></ul>|||<h4> Examples</h4>|||<!-- {% raw %} -->|||<ul>|||    <li><b>Subject</b>:<br><br><pre><code>Statement Of Accounts for {{ customer.customer_name }}</code></pre><br></li>|||    <li><b>Body</b>: <br><br>|||<pre><code>Hello {{ customer.customer_name }},<br>PFA your Statement Of Accounts from {{ doc.from_date }} to {{ doc.to_date }}.</code> </pre></li>|||</ul>|||<!-- {% endraw %} -->","<br>|||<h4>Observação</h4>|||<ul>|||<li>|||Você pode usar <a href=""https://jinja.palletsprojects.com/en/2.11.x/"" target=""_blank"">Tags Jinja</a> nos campos <b>Assunto</b> e <b>Corpo</b> para valores dinâmicos.|||</li><li>|||    Todos os campos neste tipo de documento estão disponíveis no objeto <b>doc</b> e todos os campos do cliente para quem o e-mail será enviado estão disponíveis no objeto <b>customer</b>.|||</li></ul>|||<h4> Exemplos</h4>|||<!-- {% raw %} -->|||<ul>|||    <li><b>Assunto</b>:<br><br><pre><code>Declaração de contas para {{ customer.customer_name }}</code></pre><br></li>|||    <li><b>Body</b>: <br><br>|||<pre><code>Olá {{ customer.customer_name }},<br>PFA seu extrato de contas de {{ doc.from_date }} a {{ doc.to_date }}.</code> </pre></li>|||</ul>|||<!-- {% endraw %} -->"
"<div class=""columnHeading"">Other Details</div>","<div class=""columnHeading"">Outros detalhes</div>"
"<div class=""text-muted text-center"">No Matching Bank Transactions Found</div>","<div class=""text-muted text-center"">Nenhuma transação bancária correspondente encontrada</div>"
"<div class=""text-muted text-center"">{0}</div>","<div class=""text-muted text-center"">{0}</div>"
<div>|||<h3> All dimensions in centimeter only </h3>|||</div>,<div>|||<h3> Todas as dimensões apenas em centímetros </h3>|||</div>
"<h3>About Product Bundle</h3>||||||<p>Aggregate group of <b>Items</b> into another <b>Item</b>. This is useful if you are bundling a certain <b>Items</b> into a package and you maintain stock of the packed <b>Items</b> and not the aggregate <b>Item</b>.</p>|||<p>The package <b>Item</b> will have <code>Is Stock Item</code> as <b>No</b> and <code>Is Sales Item</code> as <b>Yes</b>.</p>|||<h4>Example:</h4>|||<p>If you are selling Laptops and Backpacks separately and have a special price if the customer buys both, then the Laptop + Backpack will be a new Product Bundle Item.</p>","<h3>Sobre o pacote de produtos</h3>||||||<p>Agregue um grupo de <b>Itens</b> em outro <b>Item</b>. Isso é útil se você estiver agrupando determinados <b>itens</b> em um pacote e mantiver estoque dos <b>itens</b> embalados e não do <b>item</b> agregado.</p>|||<p>O <b>item</b> do pacote terá <code>É item de estoque</code> como <b>Não</b> e <code>É item de venda</code> como <b>Sim</b>.</p>|||<h4>Exemplo:</h4>|||<p>Se você vende laptops e mochilas separadamente e tem um preço especial se o cliente comprar ambos, o laptop + mochila será um novo item do pacote de produtos.</p>"
"<h3>Currency Exchange Settings Help</h3>|||<p>There are 3 variables that could be used within the endpoint, result key and in values of the parameter.</p>|||<p>Exchange rate between {from_currency} and {to_currency} on {transaction_date} is fetched by the API.</p>|||<p>Example: If your endpoint is exchange.com/2021-08-01, then, you will have to input exchange.com/{transaction_date}</p>","<h3>Ajuda de configurações de câmbio</h3>|||<p>Existem três variáveis que podem ser usadas no endpoint, na chave de resultado e nos valores do parâmetro.</p>|||<p>A taxa de câmbio entre {from_currency} e {to_currency} em {transaction_date} é buscada pela API.</p>|||<p>Exemplo: se seu endpoint for exchange.com/2021-08-01, então você terá que inserir exchange.com/{transaction_date}</p>"
"<h4>Body Text and Closing Text Example</h4>||||||<div>We have noticed that you have not yet paid invoice {{sales_invoice}} for {{frappe.db.get_value(""Currency"", currency, ""symbol"")}} {{outstanding_amount}}. This is a friendly reminder that the invoice was due on {{due_date}}. Please pay the amount due immediately to avoid any further dunning cost.</div>||||||<h4>How to get fieldnames</h4>||||||<p>The fieldnames you can use in your template are the fields in the document. You can find out the fields of any documents via Setup &gt; Customize Form View and selecting the document type (e.g. Sales Invoice)</p>||||||<h4>Templating</h4>||||||<p>Templates are compiled using the Jinja Templating Language. To learn more about Jinja, <a class=""strong"" href=""http://jinja.pocoo.org/docs/dev/templates/"">read this documentation.</a></p>","<h4>Exemplo de corpo de texto e texto de fechamento</h4>||||||<div>Percebemos que você ainda não pagou a fatura {{sales_invoice}} de {{frappe.db.get_value(""Currency"", currency, ""symbol"")}} {{outstanding_amount}}. Este é um lembrete amigável de que a fatura vence em {{due_date}}. Pague o valor devido imediatamente para evitar custos adicionais de cobrança.</div>||||||<h4>Como obter nomes de campo</h4>||||||<p>Os nomes de campo que você pode usar em seu modelo são os campos do documento. Você pode descobrir os campos de qualquer documento em Configuração &gt; Personalize a visualização do formulário e selecione o tipo de documento (por exemplo, fatura de vendas)</p>||||||<h4>Modelos</h4>||||||<p>Os modelos são compilados usando a linguagem de modelos Jinja. Para saber mais sobre o Jinja, <a class=""strong"" href=""http://jinja.pocoo.org/docs/dev/templates/"">leia esta documentação.</a></p>"
"<h4>Contract Template Example</h4>||||||<pre>Contract for Customer {{ party_name }}||||||-Valid From : {{ start_date }} |||-Valid To : {{ end_date }}|||</pre>||||||<h4>How to get fieldnames</h4>||||||<p>The field names you can use in your Contract Template are the fields in the Contract for which you are creating the template. You can find out the fields of any documents via Setup &gt; Customize Form View and selecting the document type (e.g. Contract)</p>||||||<h4>Templating</h4>||||||<p>Templates are compiled using the Jinja Templating Language. To learn more about Jinja, <a class=""strong"" href=""http://jinja.pocoo.org/docs/dev/templates/"">read this documentation.</a></p>","<h4>Exemplo de modelo de contrato</h4>||||||<pre>Contrato para o cliente {{ party_name }}||||||-Válido de: {{ start_date }} |||-Válido até: {{ end_date }}|||</pre>||||||<h4>Como obter nomes de campo</h4>||||||<p>Os nomes de campos que você pode usar em seu modelo de contrato são os campos no Contrato para o qual você está criando o modelo. Você pode descobrir os campos de qualquer documento em Configuração &gt; Personalize a visualização do formulário e selecione o tipo de documento (por exemplo, Contrato)</p>||||||<h4>Modelos</h4>||||||<p>Os modelos são compilados usando a linguagem de modelos Jinja. Para saber mais sobre o Jinja, <a class=""strong"" href=""http://jinja.pocoo.org/docs/dev/templates/"">leia esta documentação.</a></p>"
"<h4>Standard Terms and Conditions Example</h4>||||||<pre>Delivery Terms for Order number {{ name }}||||||-Order Date : {{ transaction_date }} |||-Expected Delivery Date : {{ delivery_date }}|||</pre>||||||<h4>How to get fieldnames</h4>||||||<p>The fieldnames you can use in your email template are the fields in the document from which you are sending the email. You can find out the fields of any documents via Setup &gt; Customize Form View and selecting the document type (e.g. Sales Invoice)</p>||||||<h4>Templating</h4>||||||<p>Templates are compiled using the Jinja Templating Language. To learn more about Jinja, <a class=""strong"" href=""http://jinja.pocoo.org/docs/dev/templates/"">read this documentation.</a></p>","<h4>Exemplo de termos e condições padrão</h4>||||||<pre>Condições de entrega para o número do pedido {{ name }}||||||-Data do pedido: {{ transaction_date }} |||-Data de entrega esperada: {{ delivery_date }}|||</pre>||||||<h4>Como obter nomes de campo</h4>||||||<p>Os nomes de campo que você que você pode usar em seu modelo de e-mail são os campos do documento do qual você está enviando o e-mail. Você pode descobrir os campos de qualquer documento em Configuração &gt; Personalize a visualização do formulário e selecione o tipo de documento (por exemplo, fatura de vendas)</p>||||||<h4>Modelos</h4>||||||<p>Os modelos são compilados usando a linguagem de modelos Jinja. Para saber mais sobre o Jinja, <a class=""strong"" href=""http://jinja.pocoo.org/docs/dev/templates/"">leia esta documentação.</a></p>"
"<h5 class=""text-muted uppercase"">Or</h5>","<h5 class=""text-muted uppercase"">Ou</h5>"
"<label class=""control-label"" style=""margin-bottom: 0px;"">Account Number Settings</label>","<label class=""control-label"" style=""margin-bottom: 0px;"">Configurações do número da conta</label>"
"<label class=""control-label"" style=""margin-bottom: 0px;"">Amount In Words</label>","<label class=""control-label"" style=""margin-bottom: 0px;"">Quantidade em palavras</label>"
"<label class=""control-label"" style=""margin-bottom: 0px;"">Date Settings</label>","<label class=""control-label"" style=""margin-bottom: 0px;"">Configurações de data</label>"
<li>Clearance date must be after cheque date for row(s): {0}</li>,<li>A data de liberação deve ser posterior à data de verificação das linhas: {0}</li>
<li>Item {0} in row(s) {1} billed more than {2}</li>,<li>O item {0} na(s) linha(s) {1} faturou mais de {2}</li>
"<li>Packed Item {0}: Required {1}, Available {2}</li>","<li>Item embalado {0}: obrigatório {1}, disponível {2}</li>"
<li>Payment document required for row(s): {0}</li>,<li>Documento de pagamento necessário para linha(s): {0}</li>
<li>{}</li>,<li>{}</li>
<p>Cannot overbill for the following Items:</p>,<p>Não é possível cobrar a mais pelos seguintes itens:</p>
<p>Following {0}s doesn't belong to Company {1} :</p>,<p>Os seguintes {0}s não pertencem à Empresa {1}:</p>
"<p>In your <b>Email Template</b>, you can use the following special variables:|||</p>|||<ul>|||        <li>|||            <code>{{ update_password_link }}</code>: A link where your supplier can set a new password to log into your portal.|||        </li>|||        <li>|||            <code>{{ portal_link }}</code>: A link to this RFQ in your supplier portal.|||        </li>|||        <li>|||            <code>{{ supplier_name }}</code>: The company name of your supplier.|||        </li>|||        <li>|||            <code>{{ contact.salutation }} {{ contact.last_name }}</code>: The contact person of your supplier.|||        </li><li>|||            <code>{{ user_fullname }}</code>: Your full name.|||        </li>|||    </ul>|||<p></p>|||<p>Apart from these, you can access all values in this RFQ, like <code>{{ message_for_supplier }}</code> or <code>{{ terms }}</code>.</p>","<p>No seu <b>Modelo de e-mail</b>, você pode usar as seguintes variáveis ​​especiais:|||</p>|||<ul>|||        <li>|||            <code>{{ update_password_link }}</code>: Um link onde seu fornecedor pode definir uma nova senha para fazer login em seu portal.|||        </li>|||        <li>|||            <code>{{ portal_link }}</code>: Um link para esta RFQ no portal do seu fornecedor.|||        </li>|||        <li>|||            <code>{{ fornecedor_name }}</code>: O nome da empresa do seu fornecedor.|||        </li>|||        <li>|||            <code>{{ contact.salutation }} {{ contact.last_name }}</code>: A pessoa de contato do seu fornecedor.|||        </li><li>|||            <code>{{ user_fullname }}</code>: Seu nome completo.|||        </li>|||    </ul>|||<p></p>|||<p>Além desses, você pode acessar todos os valores nesta RFQ, como <code>{{ message_for_supplier }}</code> ou <code>{{ termos }}</code>.</p>"
<p>Please correct the following row(s):</p><ul>,<p>Corrija as seguintes linhas:</p><ul>
<p>Posting Date {0} cannot be before Purchase Order date for the following:</p><ul>,<p>A data de lançamento {0} não pode ser anterior à data do pedido de compra para o seguinte:</p><ul>
"<p>Price List Rate has not been set as editable in Selling Settings. In this scenario, setting <strong>Update Price List Based On</strong> to <strong>Price List Rate</strong> will prevent auto-updation of Item Price.</p>Are you sure you want to continue?","<p>A Taxa da Lista de Preços não foi definida como editável nas Configurações de Venda. Neste cenário, definir <strong>Atualizar lista de preços com base em</strong> como <strong>Taxa da lista de preços</strong> impedirá a atualização automática do preço do item.</p>Tem certeza de que deseja continuar?"
"<p>To allow over-billing, please set allowance in Accounts Settings.</p>","<p>Para permitir faturamento excessivo, defina o limite nas configurações da conta.</p>"
"<pre><h5>Message Example</h5>||||||&lt;p&gt; Thank You for being a part of {{ doc.company }}! We hope you are enjoying the service.&lt;/p&gt;||||||&lt;p&gt; Please find enclosed the E Bill statement. The outstanding amount is {{ doc.grand_total }}.&lt;/p&gt;||||||&lt;p&gt; We don't want you to be spending time running around in order to pay for your Bill.<br>After all, life is beautiful and the time you have in hand should be spent to enjoy it!<br>So here are our little ways to help you get more time for life! &lt;/p&gt;||||||&lt;a href=""{{ payment_url }}""&gt; click here to pay &lt;/a&gt;||||||</pre>|||","<pre><h5>Exemplo de mensagem</h5>||||||&lt;p&gt; Obrigado por fazer parte da {{ doc.company }}! Esperamos que você esteja gostando do serviço.&lt;/p&gt;||||||&lt;p&gt; Por favor, encontre em anexo a declaração do E Bill. O valor pendente é {{ doc.grand_total }}.&lt;/p&gt;||||||&lt;p&gt; Não queremos que você perca tempo correndo para pagar suas contas.<br>Afinal, a vida é linda e o tempo que você tem em mãos deve ser gasto para aproveitá-la!<br>Então aqui estão nossas pequenas maneiras de ajudá-lo a conseguir mais tempo para a vida! &lt;/p&gt;||||||&lt;a href=""{{ payment_url }}""&gt; clique aqui para pagar &lt;/a&gt;||||||</pre>|||"
"<pre><h5>Message Example</h5>||||||&lt;p&gt;Dear {{ doc.contact_person }},&lt;/p&gt;||||||&lt;p&gt;Requesting payment for {{ doc.doctype }}, {{ doc.name }} for {{ doc.grand_total }}.&lt;/p&gt;||||||&lt;a href=""{{ payment_url }}""&gt; click here to pay &lt;/a&gt;||||||</pre>|||","<pre><h5>Exemplo de mensagem</h5>||||||&lt;p&gt;Prezado {{ doc.contact_person }},&lt;/p&gt;||||||&lt;p&gt;Solicitando pagamento para {{ doc.doctype }}, {{ doc.name }} para {{ doc.grand_total }}.&lt;/p&gt;||||||&lt;a href=""{{ payment_url }}""&gt; clique aqui para pagar &lt;/a&gt;||||||</pre>|||"
<strong>Grand Total:</strong> {0},<strong>Total geral:</strong> {0}
<strong>Outstanding Amount:</strong> {0},<strong>Valor pendente:</strong> {0}
"<table class=""table table-bordered table-condensed"">|||<thead>|||  <tr>|||         <th class=""table-sr"" style=""width: 50%;"">Child Document</th>|||         <th class=""table-sr"" style=""width: 50%;"">Non Child Document</th>|||   </tr>|||</thead>|||<tbody>|||<tr>|||         <td>|||                  <p> To access parent document field use parent.fieldname and to access child table document field use doc.fieldname </p>||||||         </td>|||         <td>|||                    <p>To access document field use doc.fieldname </p>|||         </td>|||</tr>|||<tr>|||        <td>|||                   <p><b>Example: </b> parent.doctype == ""Stock Entry"" and doc.item_code == ""Test"" </p>||||||        </td>|||         <td>|||                   <p><b>Example: </b> doc.doctype == ""Stock Entry"" and doc.purpose == ""Manufacture""</p>    |||          </td>|||</tr>||||||</tbody>|||</table>|||||||||||||||||||||","<table class=""table table-bordered table-condensed"">|||<thead>|||  <tr>|||         <th class=""table-sr"" style=""width: 50%;"">Documento filho</th>|||         <th class=""table-sr"" style=""width: 50%;"">Documento não filho</th>|||   </tr>|||</thead>|||<tbody>|||<tr>|||         <td>|||                  <p> Para acessar o campo do documento pai use parent.fieldname e para acessar o campo do documento da tabela filho use doc.fieldname </p>||||||         </td>|||         <td>|||                    <p>Para acessar o campo do documento use doc.fieldname </p>|||         </td>|||</tr>|||<tr>|||        <td>|||                   <p><b>Exemplo: </b> parent.doctype == ""Entrada de estoque"" e doc.item_code == ""Teste"" </p>||||||        </td>|||         <td>|||                   <p><b>Exemplo: </b> doc.doctype == ""Entrada de Estoque"" e doc.purpose == ""Fabricação""</p> |||          </td>|||</tr>||||||</tbody>|||</table>||||||||||||||||||||"
A - B,A-B
A - C,A-C
A Holiday List can be added to exclude counting these days for the Workstation.,Uma Lista de Feriados pode ser adicionada para excluir a contagem desses dias para a Estação de Trabalho.
A Packing Slip can only be created for Draft Delivery Note.,Uma guia de remessa só pode ser criada para rascunho de nota de entrega.
"A Price List is a collection of Item Prices either Selling, Buying, or both","Uma lista de preços é uma coleção de preços de itens de venda, compra ou ambos"
"A Product or a Service that is bought, sold or kept in stock.","Um Produto ou Serviço que é comprado, vendido ou mantido em estoque."
A Reconciliation Job {0} is running for the same filters. Cannot reconcile now,Uma tarefa de reconciliação {0} está em execução para os mesmos filtros. Não é possível reconciliar agora
A Reverse Journal Entry {0} already exists for this Journal Entry.,Já existe um lançamento contábil reverso {0} para este lançamento contábil.
A condition for a Shipping Rule,Uma condição para uma regra de envio
A customer must have primary contact email.,Um cliente deve ter e-mail de contato principal.
A driver must be set to submit.,Um driver deve ser configurado para enviar.
A logical Warehouse against which stock entries are made.,Um armazém lógico no qual são feitas entradas de estoque.
A naming series conflict occurred while creating serial numbers. Please change the naming series for the item {0}.,Ocorreu um conflito de nomenclatura de série durante a criação de números de série. Altere a série de nomes do item {0}.
A new fiscal year has been automatically created.,Um novo ano fiscal foi criado automaticamente.
A template with tax category {0} already exists. Only one template is allowed with each tax category,Já existe um modelo com categoria fiscal {0}. Apenas um modelo é permitido para cada categoria de imposto
A third party distributor / dealer / commission agent / affiliate / reseller who sells the companies products for a commission.,Um distribuidor/revendedor/agente comissionado/afiliado/revendedor terceirizado que vende os produtos da empresa por uma comissão.
A+,UM+
A-,UM-
A4,A4
AB+,AB+
AB-,AB-
ACC-ADS-.YYYY.-,ACC-ADS-.AAAA.-
ACC-AML-.YYYY.-,ACC-AML-.AAAA.-
ACC-ASA-.YYYY.-,ACC-ASA-.AAAA.-
ACC-ASC-.YYYY.-,ACC-ASC-.AAAA.-
ACC-ASR-.YYYY.-,ACC-ASR-.AAAA.-
ACC-ASS-.YYYY.-,ACC-ASS-.AAAA.-
ACC-BTN-.YYYY.-,ACC-BTN-.AAAA.-
ACC-JV-.YYYY.-,ACC-JV-.AAAA.-
ACC-PAY-.YYYY.-,ACC-PAGAR-.AAAA.-
ACC-PINV-.YYYY.-,ACC-PINV-.AAAA.-
ACC-PINV-RET-.YYYY.-,ACC-PINV-RET-.AAAA.-
ACC-PRQ-.YYYY.-,ACC-PRQ-.AAAA.-
ACC-PSINV-.YYYY.-,ACC-PSINV-.AAAA.-
ACC-SH-.YYYY.-,ACC-SH-.AAAA.-
ACC-SINV-.YYYY.-,ACC-SINV-.AAAA.-
ACC-SINV-RET-.YYYY.-,ACC-SINV-RET-.AAAA.-
ALL records will be deleted (entire DocType cleared),TODOS os registros serão excluídos (todo o DocType apagado)
AMC Expiry (Serial),Expiração AMC (série)
AMC Expiry Date,Data de expiração do AMC
API,API
API Details,Detalhes da API
AWB Number,Número AWB
Abbr,Abbr
Abbreviation,Abreviação
Abbreviation: {0} must appear only once,Abreviatura: {0} deve aparecer apenas uma vez
Abortar,Abortar
About,Sobre
About {0} minute remaining,Cerca de {0} minutos restantes
About {0} minutes remaining,Cerca de {0} minutos restantes
About {0} seconds remaining,Cerca de {0} segundos restantes
Above,Acima
Above 120 Days,Acima de 120 dias
Acceptance Criteria Formula,Fórmula de Critérios de Aceitação
Acceptance Criteria Value,Valor dos critérios de aceitação
Accepted Qty,Quantidade aceita
Accepted Qty in Stock UOM,Quantidade aceita em estoque UOM
Accepted Warehouse,Armazém Aceito
According to CEFACT/ICG/2010/IC013 or CEFACT/ICG/2010/IC010,De acordo com CEFACT/ICG/2010/IC013 ou CEFACT/ICG/2010/IC010
"According to the BOM {0}, the Item '{1}' is missing in the stock entry.","De acordo com a BOM {0}, o Item '{1}' está faltando no lançamento de estoque."
Account,Conta
Account Category,Categoria da conta
Account Category Name,Nome da categoria da conta
Account Closing Balance,Saldo de fechamento de conta
Account Currency,Moeda da conta
Account Currency (From),Moeda da conta (de)
Account Currency (To),Moeda da conta (até)
Account Data,Dados da conta
Account Detail Level,Nível de detalhe da conta
Account Details,Detalhes da conta
Account Head,Chefe de conta
Account Manager,Gerente de contas
Account Opening Balance,Saldo de abertura de conta
Account Paid From,Conta paga de
Account Paid To,Conta paga para
Account Subtype,Subtipo de conta
Account Type,Tipo de conta
Account for Change Amount,Conta para valor de alteração
Account is mandatory,A conta é obrigatória
Account not Found,Conta não encontrada
Account with child nodes cannot be converted to ledger,A conta com nós filhos não pode ser convertida em razão
Account with child nodes cannot be set as ledger,A conta com nós filhos não pode ser definida como razão
Account {0} added multiple times,Conta {0} adicionada várias vezes
Account {0} cannot be converted to Group as it is already set as {1} for {2}.,A conta {0} não pode ser convertida em Grupo porque já está definida como {1} para {2}.
Account {0} cannot be disabled as it is already set as {1} for {2}.,A conta {0} não pode ser desativada porque já está definida como {1} para {2}.
Account {0} does not belong to company {1},A conta {0} não pertence à empresa {1}
Account {0} doesn't belong to Company {1},A conta {0} não pertence à Empresa {1}
Account {0} is disabled.,A conta {0} está desativada.
Account {0} should be of type Expense,A conta {0} deve ser do tipo Despesa
Account {0}: You can not assign itself as parent account,Conta {0}: você não pode atribuir-se como conta pai
Accounting Details,Detalhes contábeis
Accounting Dimension <b>{0}</b> is required for 'Balance Sheet' account {1}.,A dimensão contábil <b>{0}</b> é necessária para a conta 'Balanço Patrimonial' {1}.
Accounting Dimension <b>{0}</b> is required for 'Profit and Loss' account {1}.,A dimensão contábil <b>{0}</b> é necessária para a conta 'Lucros e perdas' {1}.
Accounting Dimension Filter,Filtro de Dimensão Contábil
Accounting Dimensions ,Dimensões Contábeis
Accounting Dimensions Filter,Filtro de Dimensões Contábeis
Accounting Entries,Lançamentos Contábeis
Accounting Entry for LCV in Stock Entry {0},Lançamento contábil para LCV em entrada de estoque {0}
Accounting Entry for Landed Cost Voucher for SCR {0},Lançamento contábil para comprovante de custo final para SCR {0}
Accounting Entry for {0},Lançamento contábil para {0}
Accounting entries are frozen up to this date. Only users with the specified role can create or modify entries before this date.,Os lançamentos contábeis estão congelados até esta data. Somente usuários com a função especificada podem criar ou modificar entradas antes desta data.
Accounts Closing,Fechamento de contas
Accounts Frozen Till Date,Contas congeladas até a data
Accounts Included in Report,Contas incluídas no relatório
Accounts Manager,Gerente de contas
Accounts Missing from Report,Contas ausentes no relatório
Accounts Payable Summary,Resumo de contas a pagar
Accounts Receivable / Payable Tuning,Ajuste de contas a receber/a pagar
Accounts Receivable Credit Account,Conta de crédito de contas a receber
Accounts Receivable Discounted Account,Conta com desconto de contas a receber
Accounts Receivable Summary,Resumo de contas a receber
Accounts Receivable Unpaid Account,Conta não paga de contas a receber
Accounts Receivable/Payable,Contas a receber/a pagar
Accounts User,Usuário de contas
Accounts to Merge,Contas para mesclar
Accrued Expenses,Despesas acumuladas
Accumulated Depreciation Account,Conta de depreciação acumulada
Accumulated Monthly Budget for Account {0} against {1} {2} is {3}. It will be collectively ({4}) exceeded by {5},O orçamento mensal acumulado para a conta {0} em relação a {1} {2} é {3}. Será coletivamente ({4}) excedido em {5}
Accumulated Monthly Budget for Account {0} against {1}: {2} is {3}. It will be exceeded by {4},Orçamento mensal acumulado para a conta {0} em relação a {1}: {2} é {3}. Será excedido em {4}
Acquisition Date,Data de aquisição
Action,Ação
Action If Quality Inspection Is Not Submitted,Ação se a inspeção de qualidade não for enviada
Action If Quality Inspection Is Rejected,Ação se a inspeção de qualidade for rejeitada
Action If Same Rate is Not Maintained,Ação se a mesma taxa não for mantida
Action if Accumulated Monthly Budget Exceeded on Actual,Ação se o orçamento mensal acumulado for excedido em relação ao real
Action if Accumulated Monthly Budget Exceeded on MR,Ação se o orçamento mensal acumulado for excedido em MR
Action if Accumulated Monthly Budget Exceeded on PO,Ação se o orçamento mensal acumulado for excedido no pedido de compra
Action if Accumulative Monthly Budget Exceeded on Cumulative Expense,Ação se o orçamento mensal acumulativo for excedido nas despesas cumulativas
Action if Annual Budget Exceeded on Actual,Ação se o orçamento anual for excedido em relação ao real
Action if Annual Budget Exceeded on MR,Ação se o orçamento anual for excedido em MR
Action if Annual Budget Exceeded on PO,Ação se o orçamento anual for excedido no pedido de compra
Action if Anual Budget Exceeded on Cumulative Expense,Ação se o orçamento anual for excedido nas despesas cumulativas
Action if Same Rate is Not Maintained Throughout  Internal Transaction,Ação se a mesma taxa não for mantida durante a transação interna
Action if Same Rate is Not Maintained Throughout Sales Cycle,Ação se a mesma taxa não for mantida durante todo o ciclo de vendas
Action on New Invoice,Ação na nova fatura
Actions,Ações
Actions performed,Ações realizadas
Activate Serial / Batch No for Item,Ativar número de série/lote para item
Active,Ativo
Active Leads,Leads ativos
Active Status,Status Ativo
Activities,Atividades
Activity,Atividade
Activity Cost exists for Employee {0} against Activity Type - {1},Existe custo de atividade para o funcionário {0} em relação ao tipo de atividade - {1}
Activity Type,Tipo de atividade
Actual Balance Qty,Quantidade de saldo real
Actual Batch Quantity,Quantidade real do lote
Actual Date,Data real
Actual Demand,Demanda real
Actual End Date (via Timesheet),Data de término real (via quadro de horários)
Actual End Date cannot be before Actual Start Date,A data de término real não pode ser anterior à data de início real
Actual End Time,Hora de término real
Actual Expense,Despesa Real
Actual Expenses,Despesas reais
Actual Operating Cost,Custo operacional real
Actual Operation Time,Tempo real de operação
Actual Posting,Postagem real
Actual Qty,Quantidade real
Actual Qty (at source/target),Quantidade real (na origem/destino)
Actual Qty in Warehouse,Quantidade real no armazém
Actual Qty is mandatory,A quantidade real é obrigatória
Actual Qty {0} / Waiting Qty {1},Quantidade real {0} / Quantidade em espera {1}
Actual Qty: Quantity available in the warehouse.,Quantidade Real: Quantidade disponível no armazém.
Actual Start Date (via Timesheet),Data de início real (via quadro de horários)
Actual Start Time,Hora de início real
Actual Time,Hora real
Actual Time and Cost,Tempo e custo reais
Actual Time in Hours (via Timesheet),Tempo real em horas (via quadro de horários)
Actual type tax cannot be included in Item rate in row {0},O imposto de tipo real não pode ser incluído na taxa do item na linha {0}
Ad-hoc Qty,Quantidade ad hoc
Add,Adicionar
Add Child,Adicionar filho
Add Columns in Transaction Currency,Adicionar colunas na moeda da transação
Add Comment,Adicionar comentário
Add Corrective Operation Cost in Finished Good Valuation,Adicionar custo de operação corretiva na avaliação de produto acabado
Add Discount,Adicionar desconto
Add Items in the Purpose Table,Adicionar itens na tabela de finalidades
Add Lead to Prospect,Adicionar lead ao cliente potencial
Add Leads,Adicionar leads
Add Local Holidays,Adicionar feriados locais
Add Manually,Adicionar manualmente
Add Multiple,Adicionar vários
Add Or Deduct,Adicionar ou deduzir
Add Participants,Adicionar participantes
Add Phantom Item,Adicionar item fantasma
Add Quote,Adicionar cotação
Add Raw Materials,Adicionar matérias-primas
Add Safety Stock,Adicionar estoque de segurança
Add Schedule,Adicionar agendamento
Add Serial / Batch Bundle,Adicionar pacote serial/lote
Add Serial / Batch No,Adicionar número de série/lote
Add Serial / Batch No (Rejected Qty),Adicionar número de série/lote (quantidade rejeitada)
Add Stock,Adicionar estoque
Add Sub Assembly,Adicionar subconjunto
Add Template,Adicionar modelo
Add Weekly Holidays,Adicionar feriados semanais
Add a Note,Adicione uma nota
Add details,Adicionar detalhes
Add or Deduct,Adicionar ou Deduzir
Add to Prospect,Adicionar ao cliente potencial
Add to Transit,Adicionar ao transporte público
Add vouchers to generate preview.,Adicione vouchers para gerar visualização.
Add {0},Adicionar {0}
Added By,Adicionado por
Added On,Adicionado
Added Supplier Role to User {0}.,Função de fornecedor adicionada ao usuário {0}.
Added {0} ({1}),Adicionado {0} ({1})
Added {1} Role to User {0}.,Adicionada {1} função ao usuário {0}.
Adding Lead to Prospect...,Adicionando lead ao cliente potencial...
Additional,Adicional
Additional Asset Cost,Custo Adicional de Ativos
Additional Cost,Custo Adicional
Additional Cost Per Qty,Custo adicional por quantidade
Additional Costs,Custos Adicionais
Additional Data,Dados Adicionais
Additional Details,Detalhes Adicionais
Additional Discount,Desconto Adicional
Additional Discount Amount,Valor de desconto adicional
Additional Discount Amount (Company Currency),Valor de desconto adicional (moeda da empresa)
Additional Discount Amount ({discount_amount}) cannot exceed the total before such discount ({total_before_discount}),O valor do desconto adicional ({discount_amount}) não pode exceder o total antes desse desconto ({total_before_discount})
Additional Discount Percentage,Porcentagem de desconto adicional
Additional Finished Good,Produto Acabado Adicional
Additional Info,Informações Adicionais
Additional Information,Informações adicionais
Additional Information updated successfully.,Informações adicionais atualizadas com sucesso.
Additional Material Transfer,Transferência de Material Adicional
Additional Notes,Notas Adicionais
Additional Operating Cost,Custo Operacional Adicional
Additional Transferred Qty,Quantidade Transferida Adicional
"Additional Transferred Qty {0}|||					cannot be greater than {1}.|||					To fix this, increase the percentage value|||					of the field 'Transfer Extra Raw Materials to WIP'|||					in Manufacturing Settings.","Quantidade transferida adicional {0}|||					não pode ser maior que {1}.|||					Para corrigir isso, aumente o valor percentual|||					do campo 'Transferir matéria-prima extra para WIP' |||					em Configurações de fabricação."
Additional information regarding the customer.,Informações adicionais sobre o cliente.
Additional {0} {1} of item {2} required as per BOM to complete this transaction,Adicional {0} {1} do item {2} necessário de acordo com a BOM para concluir esta transação
Address,Endereço
Address & Contact,Endereço e contato
Address & Contacts,Endereço e Contatos
Address Desc,Descrição do endereço
Address HTML,Endereço HTML
Address Line 1,Endereço Linha 1
Address Line 2,Linha de endereço 2
Address Name,Nome do endereço
Address Type,Tipo de endereço
Address and Contact,Endereço e Contato
Address and Contacts,Endereço e Contatos
Address used to determine Tax Category in transactions,Endereço usado para determinar a categoria fiscal nas transações
Adicionar linha,Adicionar linha
Adjust Qty,Ajustar quantidade
Adjustment Against,Ajuste Contra
Adjustment based on Purchase Invoice rate,Ajuste com base na taxa da fatura de compra
Administrator,Administrador
Advance Account,Conta Antecipada
Advance Account: {0} must be in either customer billing currency: {1} or Company default currency: {2},Conta Antecipada: {0} deve estar na moeda de faturamento do cliente: {1} ou na moeda padrão da empresa: {2}
Advance Paid,Adiantamento pago
Advance Paid (Company Currency),Adiantamento pago (moeda da empresa)
Advance Payment,Pagamento antecipado
Advance Payment Date,Data de pagamento antecipado
Advance Payment Ledger Entry,Entrada de razão de pagamento antecipado
Advance Payment Status,Status de pagamento antecipado
Advance Taxes and Charges,Impostos e taxas antecipadas
Advance Voucher No,Voucher Antecipado Não
Advance Voucher Type,Tipo de voucher antecipado
Advance amount,Valor adiantado
Advance amount cannot be greater than {0} {1},O valor do adiantamento não pode ser superior a {0} {1}
Advance paid against {0} {1} cannot be greater than Grand Total {2},O adiantamento pago contra {0} {1} não pode ser maior que o total geral {2}
Advance payments allocated against orders will only be fetched,Os adiantamentos atribuídos às encomendas só serão obtidos
Advanced Filtering,Filtragem Avançada
Advances,Avanços
"After save, please refresh the page to apply the changes.","Depois de salvar, atualize a página para aplicar as alterações."
Against,Contra
Against Blanket Order,Contra a ordem geral
Against Customer Order {0},Contra pedido do cliente {0}
Against Delivery Note Item,Contra item de nota de entrega
Against Docname,Contra Docname
Against Doctype,Contra Doctype
Against Document Detail No,Contra detalhe do documento não
Against Document No,Contra o documento nº
Against Expense Account,Contra conta de despesas
Against Finished Good,Contra o bem acabado
Against Income Account,Conta Contra Renda
Against Journal Entry {0} does not have any unmatched {1} entry,O lançamento contábil manual {0} não possui nenhuma entrada {1} sem correspondência
Against Journal Entry {0} is already adjusted against some other voucher,O lançamento contábil manual {0} já está ajustado em relação a algum outro voucher
Against Pick List,Contra lista de seleção
Against Sales Invoice,Contra fatura de vendas
Against Sales Invoice Item,Contra item da fatura de vendas
Against Sales Order,Contra ordem de vendas
Against Sales Order Item,Contra item da ordem de vendas
Against Stock Entry,Contra entrada de ações
Against Supplier Invoice {0},Contra fatura do fornecedor {0}
Against Voucher No,Contra Voucher Não
Against Voucher Type,Contra tipo de voucher
Age ({0}),Idade ({0})
Ageing Range,Faixa de envelhecimento
Ageing Report based on {0} up to {1},Relatório de antiguidade baseado em {0} até {1}
Agenda,Agenda
Agent Busy Message,Mensagem de agente ocupado
Agent Details,Detalhes do Agente
Agent Group,Grupo de agentes
Agent Unavailable Message,Mensagem de agente indisponível
Agents,Agentes
Aggregate a group of Items into another Item. This is useful if you are maintaining the stock of the packed items and not the bundled item,Agregue um grupo de itens em outro item. Isto é útil se você estiver mantendo o estoque dos itens embalados e não do item agrupado
Algorithm,Algoritmo
All,Todos
All Activities,Todas as atividades
All Activities HTML,Todas as atividades HTML
All BOMs,Todas as listas de materiais
All Contact,Todos os contatos
All Customer Contact,Todos os contatos do cliente
All Day,O dia todo
All Employee (Active),Todos os funcionários (ativos)
All Items,Todos os itens
All Lead (Open),Todos os leads (abertos)
All Parties ,Todas as partes
All Sales Partner Contact,Todos os contatos do parceiro de vendas
All Sales Person,Todos os vendedores
All Sales Transactions can be tagged against multiple Sales Persons so that you can set and monitor targets.,Todas as transações de vendas podem ser marcadas em vários vendedores para que você possa definir e monitorar metas.
All Supplier Contact,Todos os contatos do fornecedor
All allocations have been successfully reconciled,Todas as alocações foram reconciliadas com sucesso
All communications including and above this shall be moved into the new Issue,"Todas as comunicações, incluindo e acima desta, serão movidas para a nova edição"
All items are already requested,Todos os itens já foram solicitados
All items have already been received,Todos os itens já foram recebidos
All items in this document already have a linked Quality Inspection.,Todos os itens deste documento já possuem uma Inspeção de Qualidade vinculada.
All items must be linked to a Sales Order or Subcontracting Inward Order for this Sales Invoice.,Todos os itens devem estar vinculados a uma Ordem de vendas ou Pedido de Entrada de Subcontratação para esta Fatura de Venda.
All linked Sales Orders must be subcontracted.,Todas as ordens de vendas vinculadas devem ser subcontratadas.
All the Comments and Emails will be copied from one document to another newly created document(Lead -> Opportunity -> Quotation) throughout the CRM documents.,Todos os comentários e e-mails serão copiados de um documento para outro documento recém-criado (Lead -> Oportunidade -> Cotação) em todos os documentos do CRM.
All the items have been already returned.,Todos os itens já foram devolvidos.
"All the required items (raw materials) will be fetched from BOM and populated in this table. Here you can also change the Source Warehouse for any item. And during the production, you can track transferred raw materials from this table.","Todos os itens necessários (matérias-primas) serão obtidos da BOM e preenchidos nesta tabela. Aqui você também pode alterar o Armazém de Origem para qualquer item. E durante a produção, você pode acompanhar as matérias-primas transferidas desta tabela."
Allocate Advances Automatically (FIFO),Alocar adiantamentos automaticamente (FIFO)
Allocate Payment Based On Payment Terms,Alocar pagamento com base nas condições de pagamento
Allocate Payment Request,Alocar solicitação de pagamento
Allocated,Alocado
Allocated Entries,Entradas alocadas
Allocated To:,Alocado para:
Allocated amount,Valor alocado
Allocations,Alocações
Allotted Qty,Quantidade atribuída
Allow,Permitir
Allow Alternative Item,Permitir item alternativo
Allow Alternative Item must be checked on Item {},Permitir item alternativo deve estar marcado no item {}
Allow Continuous Material Consumption,Permitir consumo contínuo de material
Allow Delivery of Overproduced Qty,Permitir entrega de quantidade superproduzida
Allow Editing of Items and Quantities in Work Order,Permitir edição de itens e quantidades na ordem de serviço
Allow Excess Material Transfer,Permitir transferência de material em excesso
Allow Implicit Pegged Currency Conversion,Permitir conversão implícita de moeda indexada
Allow In Returns,Permitir devoluções
Allow Internal Transfers at Arm's Length Price,Permitir transferências internas a preço de mercado
Allow Item To Be Added Multiple Times in a Transaction,Permitir que o item seja adicionado várias vezes em uma transação
Allow Item to Be Added Multiple Times in a Transaction,Permitir que o item seja adicionado várias vezes em uma transação
Allow Item to be Added Multiple Times in a Transaction,Permitir que o item seja adicionado várias vezes em uma transação
Allow Lead Duplication based on Emails,Permitir duplicação de leads com base em e-mails
Allow Multiple Sales Orders Against a Customer's Purchase Order,Permitir várias ordens de vendas em relação à ordem de compra de um cliente
Allow Negative Stock,Permitir estoque negativo
Allow Negative Stock for Batch,Permitir estoque negativo para lote
Allow Negative rates for Items,Permitir taxas negativas para itens
Allow Or Restrict Dimension,Permitir ou restringir dimensão
Allow Overtime,Permitir horas extras
Allow Partial Payment,Permitir pagamento parcial
Allow Partial Reservation,Permitir reserva parcial
Allow Production on Holidays,Permitir produção em feriados
Allow Purchase,Permitir compra
Allow Purchase Invoice Creation Without Purchase Order,Permitir criação de fatura de compra sem pedido de compra
Allow Purchase Invoice Creation Without Purchase Receipt,Permitir criação de fatura de compra sem recibo de compra
Allow Purchase Order with Zero Quantity,Permitir pedido de compra com quantidade zero
Allow Quotation with Zero Quantity,Permitir cotação com quantidade zero
Allow Rename Attribute Value,Permitir renomear valor do atributo
Allow Request for Quotation with Zero Quantity,Permitir solicitação de cotação com quantidade zero
Allow Resetting Service Level Agreement,Permitir redefinição do acordo de nível de serviço
Allow Sales,Permitir vendas
Allow Sales Invoice Creation Without Delivery Note,Permitir criação de fatura de venda sem nota de entrega
Allow Sales Invoice Creation Without Sales Order,Permitir a criação de faturas de vendas sem ordem de vendas
Allow Sales Order Creation For Expired Quotation,Permitir criação de ordem de vendas para cotação expirada
Allow Sales Order with Zero Quantity,Permitir ordem de vendas com quantidade zero
Allow Stale Exchange Rates,Permitir taxas de câmbio obsoletas
Allow Supplier Quotation with Zero Quantity,Permitir cotação de fornecedor com quantidade zero
Allow UOM with Conversion Rate Defined in Item,Permitir UOM com taxa de conversão definida no item
Allow User to Edit Discount,Permitir que o usuário edite o desconto
Allow User to Edit Price List Rate in Transactions,Permitir que o usuário edite a taxa da lista de preços nas transações
Allow User to Edit Rate,Permitir que o usuário edite a taxa
Allow Variant UOM to be different from Template UOM,Permitir que a UOM da variante seja diferente da UOM do modelo
Allow Zero Rate,Permitir taxa zero
Allow Zero Valuation Rate,Permitir taxa de avaliação zero
Allow existing Serial No to be Manufactured/Received again,Permitir que o número de série existente seja fabricado/recebido novamente
Allow material consumptions without immediately manufacturing finished goods against a Work Order,Permitir consumo de materiais sem fabricar imediatamente produtos acabados de acordo com uma ordem de serviço
Allow multi-currency invoices against single party account ,Permitir faturas em várias moedas em contas de parte única
Allow to Edit Stock UOM Qty for Purchase Documents,Permitir editar quantidade de unidade de medida de estoque para documentos de compra
Allow to Edit Stock UOM Qty for Sales Documents,Permitir editar quantidade de UOM de estoque para documentos de vendas
Allow to Make Quality Inspection after Purchase / Delivery,Permitir fazer inspeção de qualidade após compra/entrega
Allow transferring raw materials even after the Required Quantity is fulfilled,Permitir a transferência de matéria-prima mesmo após o cumprimento da Quantidade Necessária
Allowed Dimension,Dimensão permitida
Allowed Doctypes,Tipos de documentos permitidos
Allowed primary roles are 'Customer' and 'Supplier'. Please select one of these roles only.,As funções primárias permitidas são 'Cliente' e 'Fornecedor'. Selecione apenas uma dessas funções.
Allows to keep aside a specific quantity of inventory for a particular order.,Permite reservar uma quantidade específica de estoque para um determinado pedido.
Allows users to submit Purchase Orders with zero quantity. Useful when rates are fixed but the quantities are not. Eg. Rate Contracts.,"Permite que os usuários enviem pedidos de compra com quantidade zero. Útil quando as taxas são fixas, mas as quantidades não. Por exemplo. Contratos de taxas."
Allows users to submit Quotations with zero quantity. Useful when rates are fixed but the quantities are not. Eg. Rate Contracts.,"Permite que os usuários enviem cotações com quantidade zero. Útil quando as taxas são fixas, mas as quantidades não. Por exemplo. Contratos de taxas."
Allows users to submit Request for Quotations with zero quantity. Useful when rates are fixed but the quantities are not. Eg. Rate Contracts.,"Permite que os usuários enviem Solicitações de Cotações com quantidade zero. Útil quando as taxas são fixas, mas as quantidades não. Por exemplo. Contratos de taxas."
Allows users to submit Sales Orders with zero quantity. Useful when rates are fixed but the quantities are not. Eg. Rate Contracts.,"Permite que os usuários enviem Ordens de vendas com quantidade zero. Útil quando as taxas são fixas, mas as quantidades não. Por exemplo. Contratos de taxas."
Allows users to submit Supplier Quotations with zero quantity. Useful when rates are fixed but the quantities are not. Eg. Rate Contracts.,"Permite que os usuários enviem cotações de fornecedores com quantidade zero. Útil quando as taxas são fixas, mas as quantidades não. Por exemplo. Contratos de taxas."
Already Picked,Já escolhido
Already record exists for the item {0},Já existe registro para o item {0}
"Already set default in pos profile {0} for user {1}, kindly disabled default","Já configurei o padrão no perfil pos {0} para o usuário {1}, por favor desativei o padrão"
Also you can't switch back to FIFO after setting the valuation method to Moving Average for this item.,"Além disso, você não pode voltar para FIFO depois de definir o método de avaliação para Média Móvel para este item."
Alternate Item,Item alternativo
Alternative Item Code,Código de item alternativo
Alternative Item Name,Nome alternativo do item
Alternative Items,Itens Alternativos
Alternative item must not be same as item code,O item alternativo não deve ser igual ao código do item
"Alternatively, you can download the template and fill your data in.","Alternativamente, você pode baixar o modelo e preencher seus dados."
Always Ask,Sempre pergunte
Amended From,Alterado de
Amount (AED),Valor (AED)
Amount (Company Currency),Valor (moeda da empresa)
Amount Difference,Diferença de valor
Amount Difference with Purchase Invoice,Diferença de valor com fatura de compra
Amount Eligible for Commission,Valor Elegível para Comissão
Amount In Figure,Quantidade na figura
Amount in Account Currency,Valor na moeda da conta
Amount in Words,Quantidade em palavras
Amount in party's bank account currency,Valor na moeda da conta bancária da parte
Amount in transaction currency,Valor na moeda da transação
Amount in {0},Valor em {0}
Amount to Bill,Valor a faturar
Amounts,Valores
An Item Group is a way to classify items based on types.,Um Grupo de Itens é uma forma de classificar itens com base em tipos.
An error has been appeared while reposting item valuation via {0},Apareceu um erro ao repassar a avaliação do item por meio de {0}
An error occurred for certain Items while creating Material Requests based on Re-order level. Please rectify these issues :,Ocorreu um erro para determinados itens ao criar solicitações de materiais com base no nível de novo pedido. Corrija estes problemas:
Analysis Chart,Gráfico de análise
Analytical Accounting,Contabilidade Analítica
Annual,Anual
Annual Budget for Account {0} against {1} {2} is {3}. It will be collectively ({4}) exceeded by {5},O orçamento anual da conta {0} em relação a {1} {2} é {3}. Será coletivamente ({4}) excedido em {5}
Annual Budget for Account {0} against {1}: {2} is {3}. It will be exceeded by {4},Orçamento anual para a conta {0} em relação a {1}: {2} é {3}. Será excedido em {4}
Annual Expenses,Despesas Anuais
Annual Income,Renda Anual
Annual Revenue,Receita Anual
Another Budget record '{0}' already exists against {1} '{2}' and account '{3}' with overlapping fiscal years.,Já existe outro registro de orçamento '{0}' em relação a {1} '{2}' e à conta '{3}' com anos fiscais sobrepostos.
"Another Cost Center Allocation record {0} applicable from {1}, hence this allocation will be applicable upto {2}","Outro registro de Alocação de Centro de Custo {0} aplicável a partir de {1}, portanto, esta alocação será aplicável até {2}"
Another Payment Request is already processed,Outra solicitação de pagamento já foi processada
Another Sales Person {0} exists with the same Employee id,Existe outro vendedor {0} com o mesmo ID de funcionário
"Any one of following filters required: warehouse, Item Code, Item Group","Qualquer um dos seguintes filtros é necessário: armazém, código do item, grupo de itens"
Applicable Charges,Encargos Aplicáveis
Applicable Dimension,Dimensão aplicável
Applicable For,Aplicável para
Applicable Holiday List,Lista de feriados aplicáveis
Applicable Modules,Módulos Aplicáveis
Applicable On Account,Aplicável por conta
Applicable To (Designation),Aplicável a (designação)
Applicable To (Employee),Aplicável a (funcionário)
Applicable To (Role),Aplicável a (função)
Applicable To (User),Aplicável a (usuário)
Applicable for Countries,Aplicável para países
Applicable for Users,Aplicável para usuários
Applicable for external driver,Aplicável para driver externo
"Applicable if the company is SpA, SApA or SRL","Aplicável se a empresa for SpA, SAPA ou SRL"
Applicable on Cumulative Expense,Aplicável em Despesas Acumuladas
Applicable on Material Request,Aplicável mediante solicitação de material
Applicable on Purchase Order,Aplicável no pedido de compra
Applicable on booking actual expenses,Aplicável na reserva de despesas reais
Applied on each reading.,Aplicado em cada leitura.
Applied putaway rules.,Regras de armazenamento aplicadas.
Applies To,Aplica-se a
Apply Additional Discount On,Aplicar desconto adicional em
Apply Discount On,Aplicar desconto em
Apply Discount on Discounted Rate,Aplicar desconto na tarifa com desconto
Apply Discount on Rate,Aplicar desconto na tarifa
Apply Multiple Pricing Rules,Aplicar várias regras de preços
Apply On,Aplicar em
Apply Putaway Rule,Aplicar regra de armazenamento
Apply Recursion Over (As Per Transaction UOM),Aplicar recursão (conforme UOM de transação)
Apply Rule On Brand,Aplicar regra na marca
Apply Rule On Item Code,Aplicar regra no código do item
Apply Rule On Item Group,Aplicar regra no grupo de itens
Apply Rule On Other,Aplicar regra em outro
Apply SLA for Resolution Time,Aplicar SLA para tempo de resolução
Apply discounts and margins on products,Aplicar descontos e margens em produtos
Apply restriction on dimension values,Aplicar restrição em valores de dimensão
Apply to All Inventory Documents,Aplicar a todos os documentos de inventário
Apply to Document,Aplicar ao documento
Appointment Created Successfully,Compromisso criado com sucesso
Appointment Details,Detalhes do compromisso
Appointment Duration (In Minutes),Duração do compromisso (em minutos)
Appointment Scheduling Disabled,Agendamento de compromissos desativado
Appointment Scheduling has been disabled for this site,O agendamento de consultas foi desativado para este site
Appointment With,Compromisso com
Appointment was created. But no lead was found. Please check the email to confirm,O compromisso foi criado. Mas nenhuma pista foi encontrada. Verifique o e-mail para confirmar
Appraisal Template,Modelo de avaliação
Approvers,Aprovadores
Approving Role (above authorized value),Função de aprovação (acima do valor autorizado)
Approving User  (above authorized value),Aprovando Usuário (acima do valor autorizado)
Approximately match the description/party name against parties,Combine aproximadamente a descrição/nome da parte com as partes
Are you sure you want to clear all demo data?,Tem certeza de que deseja limpar todos os dados de demonstração?
Are you sure you want to delete this Item?,Tem certeza de que deseja excluir este item?
Are you sure you want to delete {0}?<p>This action will also delete all associated Common Code documents.</p>,Tem certeza de que deseja excluir {0}?<p>Esta ação também excluirá todos os documentos associados do Common Code.</p>
Are you sure you want to restart this subscription?,Tem certeza de que deseja reiniciar esta assinatura?
Are you sure you want to revise this budget? The current budget will be cancelled and a new draft will be created.,Tem certeza de que deseja revisar este orçamento? O orçamento atual será cancelado e um novo projeto será criado.
Area,Área
Area UOM,Unidade de medida de área
Artigo,Artigo
Artigo (Item),Artigo (Item)
Artigo não encontrado no POS,Artigo não encontrado no POS
As on Date,Como na data
As per Stock UOM,Conforme UOM de estoque
"As there are existing submitted transactions against item {0}, you can not change the value of {1}.","Como existem transações enviadas para o item {0}, não é possível alterar o valor de {1}."
"As there are reserved stock, you cannot disable {0}.","Como há estoque reservado, você não pode desabilitar {0}."
"As there are sufficient Sub Assembly Items, Work Order is not required for Warehouse {0}.","Como há itens de subconjunto suficientes, a Ordem de Serviço não é necessária para o Armazém {0}."
"As {0} is enabled, you can not enable {1}.","Como {0} está ativado, você não pode ativar {1}."
Assembly Items,Itens de montagem
Asset Account,Conta de Ativos
Asset Activity,Atividade de ativos
Asset Capitalization,Capitalização de Ativos
Asset Capitalization Asset Item,Item de ativo de capitalização de ativos
Asset Capitalization Service Item,Item de serviço de capitalização de ativos
Asset Capitalization Stock Item,Item de estoque de capitalização de ativos
Asset Category Name,Nome da categoria de ativo
Asset Category is mandatory for Fixed Asset item,A categoria do ativo é obrigatória para o item do ativo fixo
Asset Depreciation Cost Center,Centro de custos de depreciação de ativos
Asset Depreciation Schedule,Cronograma de depreciação de ativos
Asset Depreciation Schedule for Asset {0} and Finance Book {1} is not using shift based depreciation,O Cronograma de Depreciação de Ativos para o Ativo {0} e o Livro Financeiro {1} não está usando depreciação baseada em turnos
Asset Depreciation Schedule not found for Asset {0} and Finance Book {1},Cronograma de depreciação de ativos não encontrado para o ativo {0} e livro financeiro {1}
Asset Depreciation Schedule {0} for Asset {1} already exists.,O Cronograma de Depreciação de Ativos {0} para o Ativo {1} já existe.
Asset Depreciation Schedule {0} for Asset {1} and Finance Book {2} already exists.,O Cronograma de Depreciação de Ativos {0} para o Ativo {1} e o Livro Financeiro {2} já existe.
"Asset Depreciation Schedules created/updated:<br>{0}<br><br>Please check, edit if needed, and submit the Asset.","Cronogramas de depreciação de ativos criados/atualizados:<br>{0}<br><br>Verifique, edite se necessário e envie o ativo."
Asset Details,Detalhes do ativo
Asset Disposal,Alienação de ativos
Asset ID,ID do recurso
Asset Location,Localização do ativo
Asset Movement Item,Item de movimentação de ativos
Asset Naming Series,Série de nomenclatura de ativos
Asset Owner,Proprietário do ativo
Asset Owner Company,Empresa proprietária de ativos
Asset Quantity,Quantidade de ativos
Asset Received But Not Billed,Ativo recebido mas não faturado
Asset Repair Consumed Item,Item consumido para reparo de ativo
Asset Repair Purchase Invoice,Fatura de compra de reparo de ativos
Asset Settings,Configurações de ativos
Asset Shift Allocation,Alocação de deslocamento de ativos
Asset Shift Factor,Fator de mudança de ativos
Asset Shift Factor {0} is set as default currently. Please change it first.,"O fator de mudança de ativo {0} está definido como padrão atualmente. Por favor, altere-o primeiro."
Asset Status,Status do ativo
Asset Type,Tipo de ativo
Asset cancelled,Recurso cancelado
"Asset cannot be cancelled, as it is already {0}",O recurso não pode ser cancelado porque já é {0}
Asset cannot be scrapped before the last depreciation entry.,O ativo não pode ser sucateado antes da última entrada de depreciação.
Asset capitalized after Asset Capitalization {0} was submitted,Ativo capitalizado após o envio da Capitalização de ativos {0}
Asset created,Recurso criado
Asset created after being split from Asset {0},Ativo criado após ser separado do Ativo {0}
Asset deleted,Recurso excluído
Asset issued to Employee {0},Ativo emitido para o Funcionário {0}
Asset out of order due to Asset Repair {0},Ativo fora de serviço devido ao reparo do ativo {0}
Asset received at Location {0} and issued to Employee {1},Ativo recebido no Local {0} e emitido para o Funcionário {1}
Asset restored,Recurso restaurado
Asset restored after Asset Capitalization {0} was cancelled,Ativo restaurado após o cancelamento da capitalização de ativos {0}
Asset returned,Ativo devolvido
Asset scrapped,Ativo descartado
Asset sold,Ativo vendido
Asset submitted,Recurso enviado
Asset transferred to Location {0},Ativo transferido para o local {0}
Asset updated after being split into Asset {0},Ativo atualizado após ser dividido em Ativo {0}
Asset updated due to Asset Repair {0} {1}.,Ativo atualizado devido ao Reparo de Ativo {0} {1}.
"Asset {0} cannot be scrapped, as it is already {1}","O recurso {0} não pode ser descartado, pois já é {1}"
Asset {0} does not belong to Item {1},O ativo {0} não pertence ao item {1}
Asset {0} does not belong to the custodian {1},O ativo {0} não pertence ao custodiante {1}
Asset {0} does not belong to the location {1},O ativo {0} não pertence ao local {1}
Asset {0} does not exist,O recurso {0} não existe
Asset {0} has been updated. Please set the depreciation details if any and submit it.,"O ativo {0} foi atualizado. Defina os detalhes da depreciação, se houver, e envie-os."
Asset {0} is in {1} status and cannot be repaired.,O ativo {0} está no status {1} e não pode ser reparado.
Asset {0} is not set to calculate depreciation.,O ativo {0} não está configurado para calcular a depreciação.
Asset {0} is not submitted. Please submit the asset before proceeding.,O ativo {0} não foi enviado. Envie o recurso antes de continuar.
Asset {assets_link} created for {item_code},Ativo {assets_link} criado para {item_code}
Asset's depreciation schedule updated after Asset Shift Allocation {0},Cronograma de depreciação do ativo atualizado após a alocação de deslocamento de ativo {0}
Asset's value adjusted after cancellation of Asset Value Adjustment {0},Valor do ativo ajustado após cancelamento do ajuste de valor do ativo {0}
Asset's value adjusted after submission of Asset Value Adjustment {0},Valor do ativo ajustado após o envio do Ajuste de valor do ativo {0}
Assets {assets_link} created for {item_code},Ativos {assets_link} criados para {item_code}
Assign Job to Employee,Atribuir trabalho ao funcionário
Assign To,Atribuir a
Assign to Name,Atribuir ao nome
Assigned To,Atribuído a
Assignment Conditions,Condições de Atribuição
At Row #{0}: The picked quantity {1} for the item {2} is greater than available stock {3} for the batch {4} in the warehouse {5}. Please restock the item.,"Na Linha #{0}: A quantidade separada {1} para o item {2} é maior que o estoque disponível {3} para o lote {4} no armazém {5}. Por favor, reabasteça o item."
At Row #{0}: The picked quantity {1} for the item {2} is greater than available stock {3} in the warehouse {4}.,Na linha #{0}: a quantidade separada {1} do item {2} é maior que o estoque disponível {3} no armazém {4}.
At Row {0}: In Serial and Batch Bundle {1} must have docstatus as 1 and not 0,Na linha {0}: no pacote serial e em lote {1} deve ter docstatus como 1 e não 0
At least one account with exchange gain or loss is required,É necessária pelo menos uma conta com ganho ou perda cambial
At least one asset has to be selected.,Pelo menos um ativo deve ser selecionado.
At least one invoice has to be selected.,Pelo menos uma fatura deve ser selecionada.
At least one item should be entered with negative quantity in return document,Pelo menos um item deve ser inserido com quantidade negativa no documento de devolução
At least one of the Selling or Buying must be selected,Pelo menos uma das opções de Venda ou Compra deve ser selecionada
At least one raw material item must be present in the stock entry for the type {0},Pelo menos um item de matéria-prima deve estar presente no lançamento de estoque do tipo {0}
At least one row is required for a financial report template,É necessária pelo menos uma linha para um modelo de relatório financeiro
At least one warehouse is mandatory,Pelo menos um armazém é obrigatório
"At row #{0}: the Difference Account must not be a Stock type account, please change the Account Type for the account {1} or select a different account","Na linha #{0}: a conta de diferença não deve ser uma conta do tipo Stock, altere o tipo de conta da conta {1} ou selecione uma conta diferente"
At row #{0}: the sequence id {1} cannot be less than previous row sequence id {2},Na linha #{0}: o ID de sequência {1} não pode ser menor que o ID de sequência da linha anterior {2}
"At row #{0}: you have selected the Difference Account {1}, which is a Cost of Goods Sold type account. Please select a different account","Na linha #{0}: você selecionou a conta de diferença {1}, que é uma conta do tipo Custo dos produtos vendidos. Selecione uma conta diferente"
At row {0}: Batch No is mandatory for Item {1},Na linha {0}: o número do lote é obrigatório para o item {1}
At row {0}: Parent Row No cannot be set for item {1},Na linha {0}: o número da linha pai não pode ser definido para o item {1}
At row {0}: Qty is mandatory for the batch {1},Na linha {0}: a quantidade é obrigatória para o lote {1}
At row {0}: Serial No is mandatory for Item {1},Na linha {0}: o número de série é obrigatório para o item {1}
At row {0}: Serial and Batch Bundle {1} has already created. Please remove the values from the serial no or batch no fields.,Na linha {0}: Pacote serial e em lote {1} já foi criado. Remova os valores dos campos nº de série ou nº de lote.
At row {0}: set Parent Row No for item {1},Na linha {0}: defina o número da linha pai para o item {1}
Atleast one raw material for Finished Good Item {0} should be customer provided.,Pelo menos uma matéria-prima para o item de produto acabado {0} deve ser fornecida pelo cliente.
Attach CSV File,Anexar arquivo CSV
"Attach a comma separated .csv file with two columns, one for the old name and one for the new name.","Anexe um arquivo .csv separado por vírgulas com duas colunas, uma para o nome antigo e outra para o novo nome."
Attach custom Chart of Accounts file,Anexar arquivo de plano de contas personalizado
Attachments,Anexos
Attendance & Leaves,Presença e licenças
Attendance Device ID (Biometric/RF tag ID),ID do dispositivo de atendimento (ID da etiqueta biométrica/RF)
Attribute,Atributo
Attribute Name,Nome do Atributo
Attribute Value,Valor do Atributo
Attribute value: {0} must appear only once,Valor do atributo: {0} deve aparecer apenas uma vez
Auditor,Auditor
Authorised By,Autorizado por
Authorized Value,Valor Autorizado
Auto Create Assets on Purchase,Criação automática de ativos na compra
Auto Create Exchange Rate Revaluation,Criação automática de reavaliação de taxa de câmbio
Auto Create Purchase Receipt,Criar recibo de compra automaticamente
Auto Create Serial and Batch Bundle For Outward,Criação automática de pacote serial e em lote para exterior
Auto Create Subcontracting Order,Criar automaticamente pedido de subcontratação
Auto Created,Criado automaticamente
Auto Created (Reorder),Criado automaticamente (reordenar)
Auto Created Serial and Batch Bundle,Pacote serial e em lote criado automaticamente
Auto Creation of Contact,Criação automática de contato
Auto Fetch,Busca automática
Auto Fetch Serial Numbers,Busca automática de números de série
Auto Insert Item Price If Missing,Inserir automaticamente o preço do item se estiver faltando
Auto Material Request,Solicitação de material automático
Auto Opt In (For all customers),Ativação automática (para todos os clientes)
Auto Reconcile,Reconciliação automática
Auto Reconcile Payments,Reconciliação automática de pagamentos
Auto Reconciliation,Reconciliação automática
Auto Reconciliation Job Trigger,Acionador de trabalho de reconciliação automática
Auto Reconciliation has started in the background,A reconciliação automática começou em segundo plano
Auto Reconciliation of Payments has been disabled. Enable it through {0},A reconciliação automática de pagamentos foi desativada. Ative-o por meio de {0}
Auto Repeat,Repetição automática
Auto Repeat Detail,Detalhe de repetição automática
Auto Reserve Serial and Batch Nos,Números de série e lote de reserva automática
Auto Reserve Stock,Estoque de reserva automática
Auto Reserve Stock for Sales Order on Purchase,Estoque de reserva automática para ordem de vendas na compra
Auto Tax Settings Error,Erro nas configurações de imposto automático
Auto User Creation Error,Erro de criação automática de usuário
Auto close Opportunity Replied after the no. of days mentioned above,Oportunidade de fechamento automático respondida após o não. de dias mencionados acima
Auto match and set the Party in Bank Transactions,Combine automaticamente e defina a parte nas transações bancárias
Auto re-order,Reordenar automaticamente
Auto write off precision loss while consolidation,Baixa automática de perda de precisão durante a consolidação
Automatically Add Filtered Item To Cart,Adicionar item filtrado automaticamente ao carrinho
Automatically Add Taxes and Charges from Item Tax Template,Adicionar automaticamente impostos e encargos do modelo de imposto de item
Automatically Add Taxes from Taxes and Charges Template,Adicionar impostos automaticamente a partir do modelo de impostos e cobranças
Automatically Create New Batch,Criar novo lote automaticamente
Automatically Fetch Payment Terms from Order/Quotation,Buscar automaticamente as condições de pagamento do pedido/cotação
Automatically Process Deferred Accounting Entry,Processar automaticamente lançamento contábil diferido
Automatically post balancing accounting entry,Lançar lançamento contábil de balanceamento automaticamente
Availability Of Slots,Disponibilidade de slots
Available / Future Inventory,Inventário Disponível/Futuro
Available Batch Qty at From Warehouse,Quantidade de lote disponível no armazém
Available Batch Qty at Warehouse,Quantidade de lote disponível no armazém
Available Batch Report,Relatório de lote disponível
Available Qty,Quantidade disponível
Available Qty For Consumption,Quantidade disponível para consumo
Available Qty at Company,Quantidade disponível na empresa
Available Qty at Source Warehouse,Quantidade disponível no armazém de origem
Available Qty at Target Warehouse,Quantidade disponível no Target Warehouse
Available Qty at WIP Warehouse,Quantidade disponível no armazém WIP
Available Qty at Warehouse,Quantidade disponível no armazém
Available Qty to Reserve,Quantidade disponível para reserva
Available Quantity,Quantidade disponível
Available Serial No,Número de série disponível
Available for Use Date,Data disponível para uso
Average Commission Rate,Taxa média de comissão
Average Completion,Conclusão média
Average Discount,Desconto Médio
Average Response Time,Tempo Médio de Resposta
Average time taken by the supplier to deliver,Tempo médio que o fornecedor leva para entregar
Avg Rate,Taxa média
Avg Rate (Balance Stock),Taxa média (estoque de saldo)
B+,B+
B-,B-
BFS,BFS
BIN Qty,Quantidade do BIN
BOM 1,Lista técnica 1
BOM 2,Lista técnica 2
BOM Configuration,Configuração da lista de materiais
BOM Created,BOM criada
BOM Creator,BOM Creator
BOM Creator Item,Item do criador da BOM
BOM Detail No,Detalhe da BOM Não
BOM Explorer,BOM Explorer
BOM Explosion Item,Item de explosão de BOM
BOM ID,BOM ID
BOM Info,BOM Info
BOM Item,BOM Item
BOM Level,BOM Level
BOM No,BOM No
BOM No (For Semi-Finished Goods),BOM Não (para produtos semiacabados)
BOM No. for a Finished Good Item,Nº da lista técnica para um item de produto acabado
BOM Secondary Item,Item secundário da lista técnica
BOM Secondary Item Reference,Referência de item secundário da BOM
BOM Stock Analysis,Análise de estoque de BOM
BOM Tree,Árvore BOM
BOM Update Batch,Lote de atualização de BOM
BOM Update Initiated,Atualização da BOM iniciada
BOM Update Log,Registro de atualização da lista de materiais
BOM Update Tool Log with job status maintained,Log da ferramenta de atualização da BOM com status do trabalho mantido
BOM Updation already in progress. Please wait until {0} is complete.,Atualização da BOM já em andamento. Aguarde até que {0} seja concluído.
BOM Updation is queued and may take a few minutes. Check {0} for progress.,A atualização da BOM está na fila e pode levar alguns minutos. Verifique {0} para ver o progresso.
BOM and Finished Good Quantity is mandatory for Disassembly,BOM e quantidade de produto acabado são obrigatórias para desmontagem
BOM and Production,BOM e produção
BOM does not contain any stock item,BOM não contém nenhum item de estoque
BOM recursion: {0} cannot be child of {1},Recursão da BOM: {0} não pode ser filho de {1}
BOM recursion: {1} cannot be parent or child of {0},Recursão da BOM: {1} não pode ser pai ou filho de {0}
BOM {0} not found for the item {1},BOM {0} não encontrada para o item {1}
BOMs Updated,Listas de materiais atualizadas
BOMs created successfully,BOMs criadas com sucesso
BOMs creation failed,Falha na criação de BOMs
"BOMs creation has been enqueued, kindly check the status after some time",A criação de BOMs foi enfileirada. Verifique o status após algum tempo
BUDGET-.########,ORÇAMENTO-.########
Backflush Materials From WIP Warehouse,Backflush de materiais do armazém WIP
Backflush Raw Materials,Backflush de matérias-primas
Backflush Raw Materials Based On,Backflush de matérias-primas com base em
Backflush Raw Materials From Work-in-Progress Warehouse,Backflush de matérias-primas do armazém de trabalho em andamento
Backflush Raw Materials of Subcontract Based On,Backflush de matérias-primas de subcontrato com base em
Balance (Dr - Cr),Saldo (Dr - Cr)
Balance In Account Currency,Saldo na moeda da conta
Balance In Base Currency,Saldo na moeda base
Balance Qty,Quantidade de saldo
Balance Qty (Stock),Quantidade de saldo (estoque)
Balance Serial No,Número de série da balança
Balance Sheet Closing Balance,Balanço Patrimonial Saldo Final
Balance Sheet Summary,Resumo do Balanço
Balance Stock Qty,Quantidade de estoque de saldo
Balance Stock Value,Valor do estoque de equilíbrio
Balance Type,Tipo de saldo
Balance must be,O equilíbrio deve ser
Bank / Cash Account,Conta bancária/dinheiro
Bank A/C No.,Banco A/C Não.
Bank Account Details,Detalhes da conta bancária
Bank Account Info,Informações da conta bancária
Bank Account No,Conta Bancária Não
Bank Account Type,Tipo de conta bancária
Bank Account {} in Bank Transaction {} is not matching with Bank Account {},A conta bancária {} na transação bancária {} não corresponde à conta bancária {}
Bank Balance,Saldo Bancário
Bank Charges,Encargos Bancários
Bank Charges Account,Conta de encargos bancários
Bank Credit Balance,Saldo de crédito bancário
Bank Entry,Entrada Bancária
Bank Guarantee Number,Número da Garantia Bancária
Bank Guarantee Type,Tipo de Garantia Bancária
Bank Name,Nome do banco
Bank Reconciliation Tool,Ferramenta de reconciliação bancária
Bank Statement Import,Importação de extrato bancário
Bank Statement balance as per General Ledger,Saldo do extrato bancário de acordo com o Razão Geral
Bank Transaction {0} Matched,Transação bancária {0} correspondida
Bank Transaction {0} added as Journal Entry,Transação bancária {0} adicionada como lançamento contábil manual
Bank Transaction {0} added as Payment Entry,Transação bancária {0} adicionada como entrada de pagamento
Bank Transaction {0} is already fully reconciled,A transação bancária {0} já está totalmente reconciliada
Bank Transaction {0} updated,Transação bancária {0} atualizada
Bank/Cash Account,Conta bancária/dinheiro
Bank/Cash Account {0} doesn't belong to company {1},A conta bancária/dinheiro {0} não pertence à empresa {1}
Barcode,Código de barras
Barcode Type,Tipo de código de barras
Barcode {0} already used in Item {1},Código de barras {0} já utilizado no item {1}
Barcodes,Códigos de barras
Base Amount,Valor base
Base Amount (Company Currency),Valor Base (Moeda da Empresa)
Base Change Amount (Company Currency),Valor de alteração base (moeda da empresa)
Base Cost (Company Currency),Custo Base (Moeda da Empresa)
Base Cost Per Unit,Custo Base por Unidade
Base Hour Rate(Company Currency),Taxa horária base (moeda da empresa)
Base Rate,Taxa básica
Base Tax Withheld,Imposto Base Retido
Base Taxable Amount,Valor base tributável
Base Total Billable Amount,Valor base total faturável
Base Total Billed Amount,Valor base total faturado
Base Total Costing Amount,Valor base do custo total
Based On,Baseado em
Based On Payment Terms,Com base nas condições de pagamento
Based On Price List,Com base na lista de preços
Based On Value,Baseado no valor
"Based on your HR Policy, select your leave allocation period's end date","Com base na sua Política de RH, selecione a data de término do período de alocação de licenças"
"Based on your HR Policy, select your leave allocation period's start date","Com base na sua Política de RH, selecione a data de início do período de alocação de licenças"
Basic Amount,Valor Básico
Basic Rate (Company Currency),Taxa Básica (Moeda da Empresa)
Basic Rate (as per Stock UOM),Taxa Básica (conforme UOM de Estoque)
Batch Description,Descrição do lote
Batch Details,Detalhes do lote
Batch Expiry Date,Data de validade do lote
Batch ID,ID do lote
Batch Item Expiry Status,Status de expiração do item em lote
Batch No,Lote Não
Batch No is mandatory,O número do lote é obrigatório
Batch No {0} does not exists,Lote nº {0} não existe
Batch No {0} is linked with Item {1} which has serial no. Please scan serial no instead.,"O lote nº {0} está vinculado ao item {1} que possui o número de série. Em vez disso, digitalize o número de série."
"Batch No {0} is not present in the original {1} {2}, hence you can't return it against the {1} {2}","O lote nº {0} não está presente no {1} {2} original, portanto, você não pode devolvê-lo ao {1} {2}"
Batch No.,Lote nº.
Batch Nos,Números de lote
Batch Nos are created successfully,Os números de lote foram criados com sucesso
Batch Not Available for Return,Lote não disponível para devolução
Batch Number Series,Série de números de lote
Batch Qty,Quantidade do lote
Batch Qty updated successfully,Quantidade do lote atualizada com sucesso
Batch Qty updated to {0},Quantidade do lote atualizada para {0}
Batch Quantity,Quantidade do lote
Batch Size,Tamanho do lote
Batch UOM,Unidade de medida do lote
Batch and Serial No,Lote e número de série
Batch not created for item {} since it does not have a batch series.,Lote não criado para o item {} porque ele não possui uma série de lotes.
Batch {0} and Warehouse,Lote {0} e Armazém
Batch {0} is not available in warehouse {1},O lote {0} não está disponível no armazém {1}
Batch {0} of Item {1} has expired.,O lote {0} do item {1} expirou.
Batch {0} of Item {1} is disabled.,O lote {0} do item {1} está desativado.
Batchwise Valuation,Avaliação em lote
Before reconciliation,Antes da reconciliação
Begin On (Days),Começar em (dias)
Beginning of the current subscription period,Início do período de assinatura atual
Below Subscription Plans are of different currency to the party default billing currency/Company currency: {0},Os Planos de Assinatura abaixo têm moedas diferentes da moeda de faturamento padrão da parte/moeda da Empresa: {0}
Bill No,Projeto de lei não
Bill for Rejected Quantity in Purchase Invoice,Cobrança por quantidade rejeitada na fatura de compra
Billed Amt,Valor faturado
Billed Items To Be Received,Itens faturados a serem recebidos
"Billed, Received & Returned","Faturado, recebido e devolvido"
Billing Address,Endereço de Cobrança
Billing Address Details,Detalhes do endereço de cobrança
Billing Address Name,Nome do endereço de cobrança
Billing Address does not belong to the {0},O endereço de cobrança não pertence a {0}
Billing City,Cidade de cobrança
Billing Country,País de cobrança
Billing County,Condado de cobrança
Billing Currency,Moeda de cobrança
Billing Details,Detalhes de cobrança
Billing Email,E-mail de cobrança
Billing Interval,Intervalo de cobrança
Billing Interval Count,Contagem de intervalo de cobrança
Billing Interval in Subscription Plan must be Month to follow calendar months,O intervalo de cobrança no plano de assinatura deve ser o mês seguinte aos meses corridos
Billing Rate,Taxa de faturamento
Billing State,Estado de cobrança
Billing Status,Status de faturamento
Billing Zipcode,CEP de cobrança
Billing currency must be equal to either default company's currency or party account currency,A moeda de cobrança deve ser igual à moeda padrão da empresa ou à moeda da conta do terceiro
Bin Qty Recalculated,Quantidade do compartimento recalculada
Bio / Cover Letter,Biografia / Carta de Apresentação
Bisect Accounting Statements,Bissectar Demonstrações Contábeis
Bisect Left,Bissectar à Esquerda
Bisect Nodes,Bissetar nós
Bisect Right,Bissectar à Direita
Bisecting From,Dividindo de
Bisecting Left ...,Bisectando à Esquerda...
Bisecting Right ...,Dividindo à Direita...
Bisecting To,Dividindo para
Biweekly,Quinzenal
Blank Line,Linha em branco
Blanket Order Allowance (%),Provisão para pedidos gerais (%)
Blanket Order Item,Item de pedido geral
Blanket Order Rate,Taxa de pedido geral
Block Supplier,Fornecedor de blocos
Blog Subscriber,Assinante do blog
Blood Group,Grupo sanguíneo
Blue,Azul
Body,Corpo
Body Text,Corpo do texto
Body and Closing Text Help,Ajuda para corpo e texto de fechamento
Bold Text,Texto em negrito
"Bold text for emphasis (totals, major headings)","Texto em negrito para ênfase (totais, títulos principais)"
Book Advance Payments as Liability option is chosen. Paid From account changed from {0} to {1}.,A opção Reservar pagamentos antecipados como responsabilidade é escolhida. Pago da conta alterado de {0} para {1}.
Book Advance Payments in Separate Party Account,Reservar pagamentos antecipados em conta separada
Book Asset Depreciation Entry Automatically,Registrar entrada de depreciação de ativos automaticamente
Book Deferred Entries Based On,Reservar entradas diferidas com base em
Book Deferred Entries Via Journal Entry,Registrar lançamentos diferidos por meio de lançamento contábil manual
Book Tax Loss on Early Payment Discount,Registrar prejuízo fiscal com desconto por pagamento antecipado
Book an appointment,Marque uma consulta
Booked Fixed Asset,Ativo Fixo Reservado
Books have been closed till the period ending on {0},Os livros foram fechados até o período que termina em {0}
Both,Ambos
Both Payable Account: {0} and Advance Account: {1} must be of same currency for company: {2},Tanto a Conta a Pagar: {0} quanto a Conta Antecipada: {1} devem ter a mesma moeda para a empresa: {2}
Both Receivable Account: {0} and Advance Account: {1} must be of same currency for company: {2},Tanto a Conta a Receber: {0} quanto a Conta Antecipada: {1} devem ter a mesma moeda para a empresa: {2}
Both {0} Account: {1} and Advance Account: {2} must be of same currency for company: {3},Tanto a {0} Conta: {1} quanto a Conta Antecipada: {2} devem ter a mesma moeda para a empresa: {3}
Branch Code,Código da filial
Brand,Marca
Brand Defaults,Padrões de marca
Brand Name,Marca
Breakdown,Discriminação
Bucket Size,Tamanho do balde
Budget Amount,Valor do orçamento
Budget Amount can not be {0}.,O valor do orçamento não pode ser {0}.
Budget Detail,Detalhe do orçamento
Budget Distribution,Distribuição Orçamentária
Budget Distribution Total,Total de distribuição orçamentária
Budget End Date,Data de término do orçamento
Budget Exceeded,Orçamento excedido
Budget Limit Exceeded,Limite de orçamento excedido
Budget Start Date,Data de início do orçamento
Buffer Time,Tempo de buffer
Buffered Cursor,Cursor em buffer
Build All?,Construir tudo?
Build Tree,Construir árvore
Buildable Qty,Quantidade edificável
Bulk Rename Jobs,Renomear trabalhos em massa
Bulk Transaction,Transação em massa
Bulk Transaction Log,Log de transações em massa
Bulk Transaction Log Detail,Detalhe do log de transações em massa
Bundle Items,Itens do pacote
Bundle Qty,Quantidade do pacote
Busy,Ocupado
Buyer of Goods and Services.,Comprador de bens e serviços.
Buying & Selling Settings,Configurações de compra e venda
Buying and Selling,Compra e Venda
"Buying must be checked, if Applicable For is selected as {0}",A compra deve ser marcada se Aplicável a estiver selecionado como {0}
"By default, the Supplier Name is set as per the Supplier Name entered. If you want Suppliers to be named by a <a href='https://docs.erpnext.com/docs/user/manual/en/setting-up/settings/naming-series' target='_blank'>Naming Series</a> choose the 'Naming Series' option.","Por padrão, o Nome do Fornecedor é definido de acordo com o Nome do Fornecedor inserido. Se você deseja que os fornecedores sejam nomeados por uma <a href='https://docs.erpnext.com/docs/user/manual/en/setting-up/settings/naming-series' target='_blank'>Série de nomenclatura</a>, escolha a opção 'Série de nomenclatura'."
By-Product,Subproduto
Bypass Credit Limit Check at Sales Order,Ignorar verificação de limite de crédito na ordem de vendas
Bypass credit check at Sales Order,Ignorar verificação de crédito na ordem de vendas
CANCELLED,CANCELADO
CBAL-.#####,CBAL-.######
CC,CC
CC To,CC para
CODE-39,CÓDIGO-39
COGS By Item Group,CPV por grupo de itens
COGS Debit,Débito CPV
CRM,CRM
CRM Note,Nota de CRM
CRM Settings,Configurações de CRM
CRM-LEAD-.YYYY.-,CRM-LEAD-.AAAA.-
CRM-OPP-.YYYY.-,CRM-OPP-.AAAA.-
CUST-.YYYY.-,PERSONALIZADO-.AAAA.-
Calculate Ageing With,Calcule o envelhecimento com
Calculate Based On,Calcular com base em
Calculate Depreciation,Calcular depreciação
Calculate Estimated Arrival Times,Calcular tempos estimados de chegada
Calculate Product Bundle Price based on Child Items' Rates,Calcule o preço do pacote de produtos com base nas taxas dos itens secundários
Calculate but don't show on final report,"Calcular, mas não mostrar no relatório final"
Calculate daily depreciation using total days in depreciation period,Calcule a depreciação diária usando o total de dias no período de depreciação
Calculated Amount,Valor calculado
Calculations,Cálculos
Calendar Event,Evento do calendário
Calibration,Calibração
Call Again,Ligue novamente
Call Details,Detalhes da chamada
Call Duration in seconds,Duração da chamada em segundos
Call Ended,Chamada encerrada
Call Handling Schedule,Cronograma de tratamento de chamadas
Call Received By,Chamada recebida por
Call Receiving Device,Dispositivo de recepção de chamadas
Call Routing,Roteamento de chamadas
Call Schedule Row {0}: To time slot should always be ahead of From time slot.,Linha de agendamento de chamada {0}: O intervalo de tempo de destino deve estar sempre à frente do intervalo de tempo de origem.
Call Summary Saved,Resumo de chamada salvo
Call Type,Tipo de chamada
Callback,Ligar de volta
Campaign,Campanha
Campaign Email Schedule,Cronograma de e-mail da campanha
Campaign Item,Item de campanha
Campaign Name,Nome da campanha
Campaign Naming By,Nomeação de campanha por
Campaign Schedules,Cronogramas de campanha
Campaign {0} not found,Campanha {0} não encontrada
Can not close Work Order. Since {0} Job Cards are in Work In Progress state.,Não é possível fechar a Ordem de Serviço. Como {0} os cartões de trabalho estão no estado Trabalho em andamento.
"Can not filter based on Child Account, if grouped by Account","Não é possível filtrar com base na conta infantil, se agrupada por conta"
"Can not filter based on POS Profile, if grouped by POS Profile","Não é possível filtrar com base no perfil POS, se agrupado por perfil POS"
"Can not filter based on Voucher No, if grouped by Voucher","Não é possível filtrar com base no número do voucher, se agrupado por voucher"
Can refer row only if the charge type is 'On Previous Row Amount' or 'Previous Row Total',Pode consultar a linha somente se o tipo de cobrança for 'Valor da linha anterior' ou 'Total da linha anterior'
"Can't change the valuation method, as there are transactions against some items which do not have its own valuation method","Não é possível alterar o método de avaliação, pois existem transações em alguns itens que não possuem método de avaliação próprio"
Cancel At End Of Period,Cancelar no final do período
Cancel Material Visits {0} before cancelling this Maintenance Visit,Cancelar visitas de materiais {0} antes de cancelar esta visita de manutenção
Cancel Subscription After Grace Period,Cancelar assinatura após período de carência
Cancelation Date,Data de cancelamento
Cancelled,Cancelado
Cannot Assign Cashier,Não é possível atribuir caixa
Cannot Calculate Arrival Time as Driver Address is Missing.,Não é possível calcular a hora de chegada porque o endereço do motorista está ausente.
Cannot Change Inventory Account Setting,Não é possível alterar a configuração da conta de inventário
Cannot Create Return,Não é possível criar devolução
Cannot Merge,Não é possível mesclar
Cannot Optimize Route as Driver Address is Missing.,Não é possível otimizar a rota porque o endereço do driver está ausente.
Cannot Resubmit Ledger entries for vouchers in Closed fiscal year.,Não é possível reenviar entradas do razão para vouchers no ano fiscal encerrado.
Cannot add child table {0} to deletion list. Child tables are automatically deleted with their parent DocTypes.,Não é possível adicionar a tabela filha {0} à lista de exclusão. As tabelas filhas são excluídas automaticamente com seus DocTypes pai.
"Cannot amend {0} {1}, please create a new one instead.","Não é possível alterar {0} {1}. Em vez disso, crie um novo."
Cannot apply TDS against multiple parties in one entry,Não é possível aplicar TDS a várias partes em uma entrada
Cannot be a fixed asset item as Stock Ledger is created.,Não pode ser um item de ativo fixo porque o razão de estoque é criado.
Cannot cancel Asset Depreciation Schedule {0} as it has a draft journal entry {1}.,Não é possível cancelar o Cronograma de depreciação de ativos {0} porque ele possui um lançamento contábil preliminar {1}.
Cannot cancel POS Closing Entry,Não é possível cancelar a entrada de fechamento do POS
"Cannot cancel Stock Reservation Entry {0}, as it has used in the work order {1}. Please cancel the work order first or unreserved the stock","Não é possível cancelar a entrada de reserva de estoque {0}, pois foi utilizada na ordem de serviço {1}. Por favor, cancele a ordem de serviço primeiro ou cancele a reserva do estoque"
Cannot cancel as processing of cancelled documents is pending.,Não é possível cancelar porque o processamento dos documentos cancelados está pendente.
Cannot cancel because submitted Stock Entry {0} exists,Não é possível cancelar porque existe a entrada de estoque enviada {0}
Cannot cancel the transaction. Reposting of item valuation on submission is not completed yet.,Não é possível cancelar a transação. A repostagem da avaliação do item no envio ainda não foi concluída.
Cannot cancel this Manufacturing Stock Entry as quantity of Finished Good produced cannot be less than quantity delivered in the linked Subcontracting Inward Order.,Não é possível cancelar esta entrada de estoque de fabricação porque a quantidade de produto acabado produzido não pode ser inferior à quantidade entregue no pedido de entrada de subcontratação vinculado.
Cannot cancel this document as it is linked with the submitted Asset Value Adjustment <b>{0}</b>. Please cancel the Asset Value Adjustment to continue.,Não é possível cancelar este documento porque ele está vinculado ao ajuste de valor do ativo enviado <b>{0}</b>. Cancele o ajuste do valor patrimonial para continuar.
Cannot cancel this document as it is linked with the submitted asset {asset_link}. Please cancel the asset to continue.,Não é possível cancelar este documento porque ele está vinculado ao ativo enviado {asset_link}. Cancele o ativo para continuar.
Cannot change Reference Document Type.,Não é possível alterar o tipo de documento de referência.
Cannot change Service Stop Date for item in row {0},Não é possível alterar a data de interrupção do serviço para o item na linha {0}
Cannot change Variant properties after stock transaction. You will have to make a new Item to do this.,Não é possível alterar as propriedades da variante após a transação de estoque. Você terá que criar um novo item para fazer isso.
Cannot complete task {0} as its dependant task {1} are not completed / cancelled.,Não é possível concluir a tarefa {0} porque sua tarefa dependente {1} não foi concluída/cancelada.
Cannot convert Cost Center to ledger as it has child nodes,Não é possível converter o centro de custo em razão porque ele possui nós filhos
Cannot convert Task to non-group because the following child Tasks exist: {0}.,Não é possível converter Tarefa em não-grupo porque existem as seguintes Tarefas filhas: {0}.
Cannot convert to Group because Account Type is selected.,Não é possível converter para Grupo porque o Tipo de Conta está selecionado.
Cannot covert to Group because Account Type is selected.,Não é possível converter para Grupo porque o Tipo de Conta está selecionado.
Cannot create Stock Reservation Entries for future dated Purchase Receipts.,Não é possível criar entradas de reserva de estoque para recibos de compra com datas futuras.
Cannot create a pick list for Sales Order {0} because it has reserved stock. Please unreserve the stock in order to create a pick list.,Não é possível criar uma lista de seleção para a ordem de vendas {0} porque ela possui estoque reservado. Cancele a reserva do estoque para criar uma lista de seleção.
Cannot create accounting entries against disabled accounts: {0},Não é possível criar lançamentos contábeis em contas desativadas: {0}
Cannot create return for consolidated invoice {0}.,Não é possível criar devolução para fatura consolidada {0}.
Cannot deactivate or cancel BOM as it is linked with other BOMs,"Não é possível desativar ou cancelar a BOM, pois ela está vinculada a outras BOMs"
"Cannot declare as lost, because Quotation has been made.","Não é possível declarar como perdido, pois a cotação foi feita."
Cannot deduct when category is for 'Valuation' or 'Valuation and Total',Não é possível deduzir quando a categoria é para 'Avaliação' ou 'Avaliação e Total'
Cannot delete Exchange Gain/Loss row,Não é possível excluir a linha de ganhos/perdas cambiais
Cannot delete an item which has been ordered,Não é possível excluir um item que foi pedido
Cannot delete protected core DocType: {0},Não é possível excluir DocType principal protegido: {0}
Cannot delete virtual DocType: {0}. Virtual DocTypes do not have database tables.,Não é possível excluir DocType virtual: {0}. DocTypes virtuais não possuem tabelas de banco de dados.
"Cannot disable Serial and Batch No for Item, as there are existing records for serial / batch.","Não é possível desabilitar o número de série e lote do item, pois já existem registros de série/lote."
"Cannot disable perpetual inventory, as there are existing Stock Ledger Entries for the company {0}. Please cancel the stock transactions first and try again.","Não é possível desativar o estoque permanente, pois já existem entradas do razão de estoque para a empresa {0}. Cancele primeiro as transações de ações e tente novamente."
Cannot disable {0} as it may lead to incorrect stock valuation.,"Não é possível desativar {0}, pois isso pode levar a uma avaliação incorreta do estoque."
Cannot disassemble more than produced quantity.,Não é possível desmontar mais do que a quantidade produzida.
Cannot disassemble {0} qty against Stock Entry {1}. Only {2} qty available to disassemble.,Não é possível desmontar {0} quantidade em relação à entrada de estoque {1}. Apenas {2} quantidade disponível para desmontagem.
"Cannot enable Item-wise Inventory Account, as there are existing Stock Ledger Entries for the company {0} with Warehouse-wise Inventory Account. Please cancel the stock transactions first and try again.","Não é possível ativar a conta de estoque por item, pois existem entradas do razão de estoque para a empresa {0} com conta de estoque por armazém. Cancele primeiro as transações de ações e tente novamente."
Cannot ensure delivery by Serial No as Item {0} is added with and without Ensure Delivery by Serial No.,"Não é possível garantir a entrega pelo número de série, pois o item {0} é adicionado com e sem Garantir a entrega pelo número de série."
Cannot fetch selected rows for submitted Payment Request,Não é possível buscar as linhas selecionadas para a solicitação de pagamento enviada
Cannot find Item or Warehouse with this Barcode,Não é possível encontrar Item ou Armazém com este Código de Barras
Cannot find Item with this Barcode,Não foi possível encontrar o item com este código de barras
Cannot find a default warehouse for item {0}. Please set one in the Item Master or in Stock Settings.,"Não é possível localizar um armazém padrão para o item {0}. Por favor, defina um no Item Master ou nas Configurações de Estoque."
Cannot merge {0} '{1}' into '{2}' as both have existing accounting entries in different currencies for company '{3}'.,Não é possível mesclar {0} '{1}' em '{2}' porque ambos possuem lançamentos contábeis existentes em moedas diferentes para a empresa '{3}'.
Cannot produce more Item {0} than Sales Order quantity {1} {2},Não é possível produzir mais Item {0} do que a quantidade da Ordem de vendas {1} {2}
Cannot produce more item for {0},Não é possível produzir mais itens para {0}
Cannot produce more than {0} items for {1},Não é possível produzir mais de {0} itens para {1}
Cannot receive from customer against negative outstanding,Não é possível receber do cliente contra saldo negativo
Cannot reduce quantity than ordered or purchased quantity,Não é possível reduzir a quantidade além da quantidade solicitada ou comprada
Cannot refer row number greater than or equal to current row number for this Charge type,Não é possível referir o número da linha maior ou igual ao número da linha atual para este tipo de cobrança
Cannot retrieve link token for update. Check Error Log for more information,Não é possível recuperar o token do link para atualização. Verifique o log de erros para obter mais informações
Cannot retrieve link token. Check Error Log for more information,Não é possível recuperar o token do link. Verifique o log de erros para obter mais informações
Cannot select a Group type Customer Group. Please select a non-group Customer Group.,Não é possível selecionar um grupo de clientes do tipo Grupo. Selecione um grupo de clientes que não seja do grupo.
Cannot select charge type as 'On Previous Row Amount' or 'On Previous Row Total' for first row,Não é possível selecionar o tipo de cobrança como 'Valor da linha anterior' ou 'Total da linha anterior' para a primeira linha
Cannot set as Lost as Sales Order is made.,Não é possível definir como Perdido porque a Ordem de vendas é feita.
Cannot set multiple Item Defaults for a company.,Não é possível definir vários padrões de item para uma empresa.
Cannot start deletion. Another deletion {0} is already queued/running. Please wait for it to complete.,Não é possível iniciar a exclusão. Outra exclusão {0} já está na fila/em execução. Aguarde a conclusão.
Cannot update rate as item {0} is already ordered or purchased against this quotation,Não é possível atualizar a taxa porque o item {0} já foi pedido ou comprado com base nesta cotação
Cannot {0} from {1} without any negative outstanding invoice,Não é possível {0} de {1} sem nenhuma fatura pendente negativa
Canonical URI,URI canônico
Capacity,Capacidade
Capacity (Stock UOM),Capacidade (UM de estoque)
Capacity Planning,Planejamento de capacidade
Capacity Planning For (Days),Planejamento de capacidade para (dias)
Capacity in Stock UOM,Capacidade em estoque UOM
Capacity must be greater than 0,A capacidade deve ser maior que 0
Capital Equipment,Equipamento de capital
Capital Work In Progress Account,Conta de trabalho de capital em andamento
Capitalize Asset,Capitalizar Ativo
Capitalize Repair Cost,Capitalizar o custo de reparo
Capitalize this asset before submitting.,Capitalize este ativo antes de enviar.
Capitalized,Capitalizado
Carrier,Operadora
Carrier Service,Serviço de transportadora
Carry Forward Communication and Comments,Levar adiante comunicações e comentários
Cash Entry,Entrada de dinheiro
Cash/Bank Account,Dinheiro/Conta Bancária
Cashier is currently assigned to another POS.,O caixa está atualmente atribuído a outro POS.
Catch All,Pegue tudo
Categorize By,Categorizar por
Categorize by,Categorizar por
Categorize by Account,Categorizar por conta
Categorize by Item,Categorizar por item
Categorize by Party,Categorizar por partido
Categorize by Supplier,Categorizar por Fornecedor
Categorize by Voucher,Categorizar por Voucher
Categorize by Voucher (Consolidated),Categorizar por Voucher (Consolidado)
Category,Categoria
Category Details,Detalhes da categoria
Caution: This might alter frozen accounts.,Cuidado: isso pode alterar contas congeladas.
Cellphone Number,Número de celular
Certificate,Certificado
Certificate Details,Detalhes do certificado
Certificate Limit,Limite de certificado
Certificate No,Certificado Não
Certificate Required,Certificado obrigatório
Change Amount,Alterar valor
Change in Stock Value,Mudança no valor do estoque
Change the account type to Receivable or select a different account.,Altere o tipo de conta para Contas a Receber ou selecione uma conta diferente.
Change this date manually to setup the next synchronization start date,Altere esta data manualmente para configurar a próxima data de início da sincronização
Changed customer name to '{}' as '{}' already exists.,Nome do cliente alterado para '{}' porque '{}' já existe.
Changes,Mudanças
Changes in {0},Mudanças em {0}
"Changing the valuation method to Moving Average will affect new transactions. If backdated entries are added, earlier FIFO-based entries will be reposted, which may change closing balances.","A alteração do método de avaliação para Média Móvel afetará novas transações. Se forem adicionados lançamentos retroativos, os lançamentos anteriores baseados em FIFO serão relançados, o que poderá alterar os saldos finais."
Channel Partner,Parceiro de canal
Charge of type 'Actual' in row {0} cannot be included in Item Rate or Paid Amount,A cobrança do tipo 'Real' na linha {0} não pode ser incluída na Taxa do Item ou no Valor Pago
Chargeable,Cobrável
Charges Incurred,Encargos incorridos
Charges are updated in Purchase Receipt against each item,As cobranças são atualizadas no recibo de compra em relação a cada item
"Charges will be distributed proportionately based on item qty or amount, as per your selection","As cobranças serão distribuídas proporcionalmente com base na quantidade ou valor do item, conforme sua seleção"
Chart,Gráfico
Chart Of Accounts,Plano de contas
Chart Of Accounts Template,Modelo de plano de contas
Chart Preview,Pré-visualização do gráfico
Chart Tree,Árvore de gráfico
Chassis No,Chassi Não
Chat,Bater papo
Check Availability in Warehouse,Verifique a disponibilidade no armazém
Check Supplier Invoice Number Uniqueness,Verifique a exclusividade do número da fatura do fornecedor
Check if it is a hydroponic unit,Verifique se é uma unidade hidropônica
Check if material transfer entry is not required,Verifique se a entrada de transferência de material não é necessária
Check if this tax is not applicable to items (distinct from 0% rate),Verifique se este imposto não é aplicável aos itens (diferente da alíquota de 0%)
Check row {0} for account {1}: Party Type is only allowed for Receivable or Payable accounts,Verifique a linha {0} da conta {1}: o tipo de parte só é permitido para contas a receber ou a pagar
Check row {0} for account {1}: Party is only allowed if Party Type is set,Verifique a linha {0} da conta {1}: A festa só é permitida se o Tipo de festa estiver definido
Check this to disallow fractions. (for Nos),Marque isto para proibir frações. (para números)
Checked On,Verificado
Checking this will round off the tax amount to the nearest integer,Marcar isto arredondará o valor do imposto para o número inteiro mais próximo
Checkout,Confira
Cheque,Verificar
Cheque Date,Data de verificação
Cheque Height,Verifique a altura
Cheque Number,Verifique o número
Cheque Print Template,Verifique o modelo de impressão
Cheque Size,Verifique o tamanho
Cheque Width,Verifique a largura
Cheque/Reference No,Cheque/Nº de referência
Cheques and Deposits Incorrectly cleared,Cheques e depósitos compensados ​​incorretamente
Child DocTypes,Tipos de documentos filhos
Child Docname,Nome do documento filho
Child Row Reference,Referência de linha secundária
Child Table Not Allowed,Tabela filho não permitida
Child tables that will also be deleted,Tabelas filhas que também serão excluídas
City,Cidade
Claimed Landed Cost Amount (Company Currency),Valor do custo final reivindicado (moeda da empresa)
Class / Percentage,Classe/Porcentagem
Classification of Customers by region,Classificação de Clientes por região
Clauses and Conditions,Cláusulas e Condições
Clear Last Scanned Warehouse,Limpar último armazém digitalizado
Clear Link,Limpar link
Clear Notifications,Limpar notificações
Clear Table,Limpar tabela
Clearance date changed from {0} to {1} via Bank Clearance Tool,Data de compensação alterada de {0} para {1} através da ferramenta de compensação bancária
Clearing Demo Data...,Limpando dados de demonstração...
Click on 'Get Finished Goods for Manufacture' to fetch the items from the above Sales Orders. Items only for which a BOM is present will be fetched.,Clique em 'Obter produtos acabados para fabricação' para buscar os itens das ordens de vendas acima. Somente os itens para os quais uma BOM estiver presente serão buscados.
Click on Add to Holidays. This will populate the holidays table with all the dates that fall on the selected weekly off. Repeat the process for populating the dates for all your weekly holidays,Clique em Adicionar aos feriados. Isso preencherá a tabela de feriados com todas as datas que caem na folga semanal selecionada. Repita o processo para preencher as datas de todos os seus feriados semanais
Click on Get Sales Orders to fetch sales orders based on the above filters.,Clique em Obter ordens de vendas para buscar ordens de vendas com base nos filtros acima.
Click on Import Invoices button once the zip file has been attached to the document. Any errors related to processing will be shown in the Error Log.,Clique no botão Importar faturas assim que o arquivo zip for anexado ao documento. Quaisquer erros relacionados ao processamento serão mostrados no Log de Erros.
Click on the link below to verify your email and confirm the appointment,Clique no link abaixo para verificar seu e-mail e confirmar o agendamento
Click this button if you encounter a negative stock error for a serial or batch item. The system will fetch the available serials or batches automatically.,Clique neste botão se encontrar um erro de estoque negativo para um item de série ou lote. O sistema irá buscar os números de série ou lotes disponíveis automaticamente.
Click to add email / phone,Clique para adicionar e-mail/telefone
Cliente,Cliente
Close,Fechar
Close Issue After Days,Fechar problema após dias
Close Replied Opportunity After Days,Fechar oportunidade respondida após dias
Closed,Fechado
Closed Documents,Documentos Fechados
Closed Work Order can not be stopped or Re-opened,A ordem de serviço fechada não pode ser interrompida ou reaberta
Closed order cannot be cancelled. Unclose to cancel.,Pedido fechado não pode ser cancelado. Abrir para cancelar.
Closing,Fechando
Closing (Cr),Fechamento (Cr)
Closing Account Head,Encerramento do chefe da conta
Closing Account {0} must be of type Liability / Equity,A conta de encerramento {0} deve ser do tipo Passivo/Patrimônio
Closing Amount,Valor de fechamento
Closing Balance as per Bank Statement,Saldo final conforme extrato bancário
Closing Balance as per ERP,Saldo final conforme ERP
Closing Date,Data de encerramento
Closing Text,Texto de encerramento
Closing [Opening + Total] ,Fechamento [Abertura + Total]
Co-Product,Coproduto
Code List,Lista de códigos
"Code to reference this line in formulas (e.g., REV100, EXP200, ASSET100)","Código para fazer referência a esta linha em fórmulas (por exemplo, REV100, EXP200, ASSET100)"
Codigo,Código
Codigo do pais não configurado para a empresa ${company_name}.,Codigo do pais não configurado para a empresa ${company_name}.
Collapse All,Recolher tudo
Collect Outstanding Amount,Coletar valor pendente
Collect Progress,Colete Progresso
Collection Factor (=1 LP),Fator de Coleta (=1 LP)
Collection Rules,Regras de coleta
Collection Tier,Nível de coleta
"Color to highlight values (e.g., red for exceptions)","Cor para destacar valores (por exemplo, vermelho para exceções)"
Column in Bank File,Coluna no arquivo bancário
Column {0},Coluna {0}
Columns are not according to template. Please compare the uploaded file with standard template,As colunas não estão de acordo com o modelo. Compare o arquivo enviado com o modelo padrão
Combined invoice portion must equal 100%,A parcela combinada da fatura deve ser igual a 100%
Comments,Comentários
Commission Rate,Taxa de comissão
Commission Rate %,Taxa de comissão%
Commission Rate (%),Taxa de comissão (%)
Common Code,Código Comum
Communication,Comunicação
Communication Channel,Canal de comunicação
Communication Medium Timeslot,Período de tempo do meio de comunicação
Communication Medium Type,Tipo de meio de comunicação
Companies,Empresas
Company Account,Conta da empresa
Company Account is mandatory,A conta corporativa é obrigatória
Company Address,Endereço da empresa
Company Address Display,Exibição do endereço da empresa
Company Address Name,Nome do endereço da empresa
Company Address is missing. You don't have permission to create an Address. Please contact your System Manager.,O endereço da empresa está faltando. Você não tem permissão para criar um endereço. Entre em contato com o gerente do sistema.
Company Address is missing. You don't have permission to update it. Please contact your System Manager.,O endereço da empresa está faltando. Você não tem permissão para atualizá-lo. Entre em contato com o gerente do sistema.
Company Bank Account,Conta bancária da empresa
Company Billing Address,Endereço de cobrança da empresa
Company Contact Person,Pessoa de contato da empresa
Company Description,Descrição da Empresa
Company Details,Detalhes da empresa
Company Email,E-mail da empresa
Company Field,Campo da empresa
Company Logo,Logotipo da empresa
Company Name,nome da empresa
Company Shipping Address,Endereço de envio da empresa
Company Tax ID,NIF da empresa
Company and Posting Date is mandatory,A empresa e a data de lançamento são obrigatórias
Company is mandatory,A empresa é obrigatória
Company is mandatory for company account,Empresa é obrigatória para conta corporativa
Company is mandatory for generating an invoice. Please set a default company in Global Defaults.,A empresa é obrigatória para geração de fatura. Defina uma empresa padrão em Padrões globais.
Company link field name used for filtering (optional - leave empty to delete all records),Nome do campo do link da empresa usado para filtragem (opcional – deixe em branco para excluir todos os registros)
Company or Personal Email is mandatory when 'Create User Automatically' is enabled,O e-mail corporativo ou pessoal é obrigatório quando 'Criar usuário automaticamente' está ativado
Company registration numbers for your reference. Tax numbers etc.,Números de registro da empresa para sua referência. Números fiscais etc.
Company which internal customer represents,Empresa que o cliente interno representa
Company which internal customer represents.,Empresa que o cliente interno representa.
Company which internal supplier represents,Empresa cujo fornecedor interno representa
Company {0} added multiple times,Empresa {0} adicionada várias vezes
Company {0} is added more than once,A empresa {0} foi adicionada mais de uma vez
Company {0} is not in South Africa.,A empresa {0} não está na África do Sul.
Company {} does not exist yet. Taxes setup aborted.,A empresa {} ainda não existe. Configuração de impostos abortada.
Company {} does not match with POS Profile Company {},A empresa {} não corresponde ao perfil de POS da empresa {}
Competitor,Concorrente
Competitor Detail,Detalhes do concorrente
Competitor Name,Nome do Concorrente
Competitors,Concorrentes
Complete,Completo
Complete Job,Concluir trabalho
Complete Order,Concluir pedido
Completed,Concluído
Completed By,Concluído por
Completed On,Concluído em
Completed On cannot be greater than Today,Concluído em não pode ser maior que Hoje
Completed Qty,Quantidade concluída
Completed Qty cannot be greater than 'Qty to Manufacture',A quantidade concluída não pode ser maior que 'Qtd para fabricação'
Completed Tasks,Tarefas Concluídas
Completed Time,Tempo concluído
Completion By,Conclusão por
Completion Date can not be before Failure Date. Please adjust the dates accordingly.,"A Data de Conclusão não pode ser anterior à Data da Falha. Por favor, ajuste as datas de acordo."
Completion Status,Status de conclusão
Component Expense Account,Conta de despesas de componentes
Component Name,Nome do Componente
Components,Componentes
Composite Asset,Ativo Composto
Composite Component,Componente Composto
Comprehensive Insurance,Seguro Abrangente
Computer,Computador
Condition,Doença
Conditional Rule,Regra Condicional
Conditional Rule Examples,Exemplos de regras condicionais
Conditions will be applied on all the selected items combined. ,As condições serão aplicadas a todos os itens selecionados combinados.
Configuration,Configuração
Configure Product Assembly,Configurar montagem do produto
Configure the action to stop the transaction or just warn if the same rate is not maintained.,Configure a ação para interromper a transação ou apenas avisar caso a mesma taxa não seja mantida.
Configure the default Price List when creating a new Purchase transaction. Item prices will be fetched from this Price List.,Configure a Lista de Preços padrão ao criar uma nova transação de Compra. Os preços dos itens serão obtidos nesta Lista de Preços.
Confirm before resetting posting date,Confirme antes de redefinir a data de postagem
Confirmation Date,Data de confirmação
Connection,Conexão
Connections,Conexões
Consider Minimum Order Qty,Considere a quantidade mínima do pedido
Consider Process Loss,Considere a perda de processo
Consider Projected Qty in Calculation,Considere a quantidade projetada no cálculo
Consider Projected Qty in Calculation (RM),Considere a quantidade projetada no cálculo (RM)
Consider Rejected Warehouses,Considere armazéns rejeitados
Consider Tax or Charge for,Considere Imposto ou Taxa para
Consider for Tax Withholding,Considere para retenção de imposto
Consider for Tax Withholding ,Considere para retenção de imposto
Considered In Paid Amount,Considerado no valor pago
Consolidate Sales Order Items,Consolidar itens da ordem de vendas
Consolidate Sub Assembly Items,Consolidar itens de subconjunto
Consolidated,Consolidado
Consolidated Credit Note,Nota de Crédito Consolidada
Consolidated Sales Invoice,Fatura de Venda Consolidada
Consolidated Trial Balance,Balancete consolidado
Consolidated Trial Balance can be generated for Companies having same root Company.,O Balancete Consolidado pode ser gerado para Empresas que tenham a mesma Empresa Raiz.
Consolidated Trial balance could not be generated as Exchange Rate from {0} to {1} is not available for {2}.,Não foi possível gerar o balancete consolidado porque a taxa de câmbio de {0} a {1} não está disponível para {2}.
Consultant,Consultor
Consumables,Consumíveis
Consume Components,Consumir Componentes
Consumed Asset Total Value,Valor total do ativo consumido
Consumed Assets,Ativos Consumidos
Consumed Items,Itens Consumidos
Consumed Items Cost,Custo de Itens Consumidos
Consumed Qty,Quantidade consumida
Consumed Qty cannot be greater than Reserved Qty for item {0},A Quantidade Consumida não pode ser maior que a Quantidade Reservada para o item {0}
Consumed Quantity,Quantidade consumida
Consumed Stock Items,Itens de estoque consumidos
"Consumed Stock Items, Consumed Asset Items or Consumed Service Items is mandatory for Capitalization","Itens de estoque consumidos, itens de ativos consumidos ou itens de serviço consumidos são obrigatórios para capitalização"
Consumed Stock Total Value,Valor total do estoque consumido
Consumed quantity of item {0} exceeds transferred quantity.,A quantidade consumida do item {0} excede a quantidade transferida.
Consumption Rate,Taxa de consumo
Contact Desc,Descrição do contato
Contact Email,E-mail de contato
Contact HTML,Entre em contato com HTML
Contact Info,Informações de contato
Contact Information,Informações de contato
Contact List,Lista de Contatos
Contact Mobile,Contate o celular
Contact Mobile No,Contato Celular Não
Contact Name,Nome do contato
Contact No.,Número de contato
Contact Person,Pessoa de contato
Contact Person does not belong to the {0},A pessoa de contato não pertence a {0}
Continuar,Continuar
Continue,Continuar
Contra Entry,Contra entrada
Contract Details,Detalhes do contrato
Contract End Date,Data de término do contrato
Contract Period,Período do Contrato
Contract Template Help,Ajuda do modelo de contrato
Contract Terms,Termos do Contrato
Contract Terms and Conditions,Termos e Condições do Contrato
Contribution %,% de contribuição
Contribution (%),Contribuição (%)
Contribution Qty,Quantidade de contribuição
Contribution to Net Total,Contribuição para o total líquido
Control Action,Ação de controle
Control Action for Cumulative Expense,Ação de controle para despesa acumulada
Control Historical Stock Transactions,Controle de transações históricas de estoque
Controls how raw materials are consumed during the ‘Manufacture’ stock entry.,Controla como as matérias-primas são consumidas durante a entrada no estoque de ‘Fabricação’.
Conversion factor for item {0} has been reset to 1.0 as the uom {1} is same as stock uom {2}.,"O fator de conversão do item {0} foi redefinido para 1,0, pois o uom {1} é igual ao estoque uom {2}."
Conversion rate cannot be 0,A taxa de conversão não pode ser 0
"Conversion rate is 1.00, but document currency is different from company currency","A taxa de conversão é 1,00, mas a moeda do documento é diferente da moeda da empresa"
Conversion rate must be 1.00 if document currency is same as company currency,"A taxa de conversão deverá ser 1,00 se a moeda do documento for igual à moeda da empresa"
Convert Item Description to Clean HTML in Transactions,Converter a descrição do item em HTML limpo em transações
Convert to Item Based Reposting,Converter para repostagem baseada em item
Convert to Ledger,Converter em razão
Copied From,Copiado de
Copy Fields to Variant,Copiar campos para variante
Corrective,Corretivo
Corrective Action,Ação Corretiva
Corrective Job Card,Cartão de trabalho corretivo
Corrective Operation,Operação Corretiva
Corrective Operation Cost,Custo de Operação Corretiva
Corrective/Preventive,Corretivo/Preventivo
Cost,Custo
Cost Allocation,Alocação de custos
Cost Allocation %,% de alocação de custos
Cost Allocation / Process Loss,Alocação de Custos/Perda de Processo
Cost Center Allocation,Alocação de Centro de Custo
Cost Center Allocation Percentage,Porcentagem de alocação do centro de custo
Cost Center Allocation Percentages,Porcentagens de alocação de centro de custo
Cost Center Name,Nome do centro de custo
Cost Center for Item rows has been updated to {0},O centro de custo para linhas de item foi atualizado para {0}
"Cost Center is a part of Cost Center Allocation, hence cannot be converted to a group","O Centro de Custo faz parte da Alocação de Centro de Custo, portanto não pode ser convertido em um grupo"
Cost Center with Allocation records can not be converted to a group,Registros de Centro de Custo com Alocação não podem ser convertidos para grupo
Cost Center {0} cannot be used for allocation as it is used as main cost center in other allocation record.,"O centro de custo {0} não pode ser utilizado para alocação, pois é utilizado como centro de custo principal em outro registro de alocação."
Cost Center {} doesn't belong to Company {},O centro de custo {} não pertence à empresa {}
Cost Center {} is a group cost center and group cost centers cannot be used in transactions,Centro de custo {} é um centro de custo de grupo e centros de custo de grupo não podem ser usados ​​em transações
Cost Configuration,Configuração de custos
Cost Per Unit,Custo por unidade
Cost allocation between finished goods and secondary items should equal 100%,A alocação de custos entre produtos acabados e itens secundários deve ser igual a 100%
Cost of Goods Sold Account in Items Table,Conta de Custo das Mercadorias Vendidas na Tabela de Itens
Cost of Poor Quality Report,Relatório de custo de má qualidade
Cost of various activities,Custo de diversas atividades
Cost to Company (CTC),Custo para a Empresa (CTC)
Costing,Custeio
Costing Amount,Valor de custo
Costing Details,Detalhes de custos
Costing Rate,Taxa de Custeio
Costing and Billing,Custeio e Faturamento
Costing and Billing fields has been updated,Os campos Custo e Faturamento foram atualizados
Could Not Delete Demo Data,Não foi possível excluir dados de demonstração
Could not auto create Customer due to the following missing mandatory field(s):,Não foi possível criar automaticamente o Cliente devido aos seguintes campos obrigatórios ausentes:
"Could not create Credit Note automatically, please uncheck 'Issue Credit Note' and submit again","Não foi possível criar nota de crédito automaticamente, desmarque 'Emitir nota de crédito' e envie novamente"
Could not detect the Company for updating Bank Accounts,Não foi possível detectar a empresa para atualização de contas bancárias
Could not find a suitable shift to match the difference: {0},Não foi possível encontrar um turno adequado para corresponder à diferença: {0}
Could not find path for ,Não foi possível encontrar o caminho para
Count,Contar
Country,País
Country of Origin,País de origem
Coupon Code Based,Baseado em código de cupom
Coupon Description,Descrição do cupom
Coupon Name,Nome do cupom
Coupon Type,Tipo de cupom
Cr,Cr
Create,Criar
Create Chart Of Accounts Based On,Criar plano de contas com base em
Create Employee records.,Crie registros de funcionários.
Create Grouped Asset,Criar ativo agrupado
Create Job Card based on Batch Size,Criar cartão de trabalho com base no tamanho do lote
Create Journal Entries,Criar lançamentos contábeis manuais
Create Lead,Criar lead
Create Leads,Criar leads
Create Ledger Entries for Change Amount,Criar entradas contábeis para valor de alteração
Create Link,Criar link
Create MPS,Criar MPS
Create Missing Party,Criar festa perdida
Create Multi-level BOM,Criar BOM multinível
Create New Contact,Criar novo contato
Create New Customer,Criar novo cliente
Create New Lead,Criar novo lead
Create Opportunity,Criar oportunidade
Create Payment Entry for Consolidated POS Invoices.,Criar lançamento de pagamento para faturas de POS consolidadas.
Create Payment Request,Criar solicitação de pagamento
Create Prospect,Criar cliente potencial
Create Receiver List,Criar lista de destinatários
Create Reposting Entries,Criar entradas de repostagem
Create Reposting Entry,Criar entrada de repostagem
Create Sales Orders to help you plan your work and deliver on-time,Crie ordens de vendas para ajudá-lo a planejar seu trabalho e entregar no prazo
Create Stock Entry,Criar entrada de estoque
Create User Automatically,Criar usuário automaticamente
Create User Permission,Criar permissão de usuário
Create Workstation,Criar estação de trabalho
Create a variant with the template image.,Crie uma variante com a imagem do modelo.
Create an incoming stock transaction for the Item.,Crie uma transação de estoque de entrada para o item.
Create in Draft Status,Criar em status de rascunho
Create {0} {1} ?,Criar {0} {1}?
Created By Migration,Criado pela migração
Created On,Criado em
Created {0} scorecards for {1} between:,Foram criados {0} scorecards para {1} entre:
"Creates a User account for this employee using the Preferred, Company, or Personal email.","Cria uma conta de usuário para este funcionário usando o email Preferencial, Empresarial ou Pessoal."
Creating Delivery Note ...,Criando nota de entrega...
Creating Delivery Schedule...,Criando cronograma de entrega...
Creating Journal Entries...,Criando lançamentos contábeis manuais...
Creating Packing Slip ...,Criando guia de remessa...
Creating Purchase Invoices ...,Criando faturas de compra...
Creating Purchase Receipt ...,Criando recibo de compra...
Creating Sales Invoices ...,Criando faturas de vendas...
Creating Stock Entry,Criando entrada de estoque
Creating Subcontracting Inward Order ...,Criando ordem de entrada de subcontratação...
Creating Subcontracting Order ...,Criando ordem de subcontratação...
Creating Subcontracting Receipt ...,Criando recibo de subcontratação...
Creating User...,Criando usuário...
Creating demo data,Criando dados de demonstração
Creating {} out of {} {},Criando {} de {} {}
Creation,Criação
Creation of <b><a href='/app/{0}'>{1}(s)</a></b> successful,Criação de <b><a href='/app/{0}'>{1}(s)</a></b> bem-sucedida
"Creation of {0} failed.|||				Check <b><a href=""/app/bulk-transaction-log"">Bulk Transaction Log</a></b>","Falha na criação de {0}.|||				Verifique o <b><a href=""/app/bulk-transaction-log"">Registro de transações em massa</a></b>"
"Creation of {0} partially successful.|||				Check <b><a href=""/app/bulk-transaction-log"">Bulk Transaction Log</a></b>","Criação de {0} parcialmente bem-sucedida.|||				Verifique o <b><a href=""/app/bulk-transaction-log"">Registro de transações em massa</a></b>"
Credit (Transaction),Crédito (Transação)
Credit Amount,Valor do crédito
Credit Amount in Account Currency,Valor do crédito na moeda da conta
Credit Amount in Reporting Currency,Valor do crédito na moeda do relatório
Credit Amount in Transaction Currency,Valor do crédito na moeda da transação
Credit Card Entry,Entrada de cartão de crédito
Credit Days,Dias de crédito
Credit Limit Crossed,Limite de crédito ultrapassado
Credit Limit Settings,Configurações de limite de crédito
Credit Limit and Payment Terms,Limite de crédito e condições de pagamento
Credit Limit:,Limite de crédito:
Credit Limits,Limites de crédito
Credit Months,Meses de crédito
"Credit Note will update it's own outstanding amount, even if 'Return Against' is specified.","A Nota de Crédito atualizará seu próprio valor pendente, mesmo se 'Retorno Contra' for especificado."
Credit To,Crédito para
Credit in Company Currency,Crédito na moeda da empresa
Creditor Turnover Ratio,Taxa de rotatividade de credores
Criteria,Critérios
Criteria Formula,Fórmula de critérios
Criteria Name,Nome do critério
Criteria Setup,Configuração de critérios
Criteria Weight,Peso dos critérios
Criteria weights must add up to 100%,Os pesos dos critérios devem somar 100%
Cron Interval should be between 1 and 59 Min,O intervalo Cron deve estar entre 1 e 59 minutos
Cross Listing of Item in multiple groups,Listagem cruzada de itens em vários grupos
Cumulative Threshold,Limite Cumulativo
Currency,Moeda
Currency Exchange Settings Details,Detalhes das configurações de câmbio
Currency Exchange Settings Result,Resultado das configurações de câmbio
Currency and Price List,Moeda e lista de preços
Currency can not be changed after making entries using some other currency,A moeda não pode ser alterada após fazer entradas usando outra moeda
Currency filters are currently unsupported in Custom Financial Report.,"Atualmente, os filtros de moeda não são suportados no Relatório Financeiro Personalizado."
Current Address,Endereço Atual
Current Address Is,O endereço atual é
Current Amount,Valor atual
Current Asset,Ativo atual
Current Asset Value,Valor do ativo atual
Current BOM,Lista técnica atual
Current Exchange Rate,Taxa de câmbio atual
Current Index,Índice Atual
Current Invoice End Date,Data de término da fatura atual
Current Invoice Start Date,Data de início da fatura atual
Current Level,Nível atual
Current Liability,Responsabilidade Atual
Current Node,Nó Atual
Current Qty,Quantidade atual
Current Ratio,Razão Atual
Current Serial / Batch Bundle,Pacote serial/lote atual
Current Serial No,Número de série atual
Current State,Estado atual
Current Status,Status atual
Current Valuation Rate,Taxa de avaliação atual
Curves,Curvas
Custodian,Custodiante
Custody,Custódia
Custom,Personalizado
Custom API,API personalizada
Custom Financial Statement,Demonstrativo financeiro personalizado
Custom Remark,Observação personalizada
Custom Remarks,Comentários personalizados
Custom delimiters,Delimitadores personalizados
Custom?,Personalizado?
Customer ,Cliente
Customer / Item / Item Group,Cliente/item/grupo de itens
Customer / Lead Address,Endereço do cliente/lead
Customer > Customer Group > Territory,Cliente > Grupo de Clientes > Território
Customer Address,Endereço do cliente
Customer Advances,Avanços do cliente
Customer Code,Código do cliente
Customer Contact Email,E-mail de contato do cliente
Customer Currency,Moeda do cliente
Customer Defaults,Padrões do cliente
Customer Details,Detalhes do cliente
Customer Feedback,Feedback do cliente
Customer Group Item,Item do grupo de clientes
Customer Group Name,Nome do grupo de clientes
Customer Groups,Grupos de clientes
Customer Item,Item do cliente
Customer Items,Itens do cliente
Customer LPO No.,Cliente LPO nº.
Customer Ledger Summary,Resumo do razão de clientes
Customer Mobile No,Cliente Celular Não
Customer Name: ,Nome do cliente:
Customer Naming By,Nomeação do cliente por
Customer Number,Número do cliente
Customer Number At Supplier,Número do cliente no fornecedor
Customer Numbers,Números de clientes
Customer PO Details,Detalhes da ordem de compra do cliente
Customer POS ID,ID do POS do cliente
Customer Portal Users,Usuários do Portal do Cliente
Customer Primary Address,Endereço principal do cliente
Customer Primary Contact,Contato principal do cliente
Customer Provided,Fornecido pelo cliente
Customer Provided Item Cost,Custo do item fornecido pelo cliente
Customer Territory,Território do Cliente
Customer Type,Tipo de cliente
Customer Warehouse,Armazém do Cliente
Customer Warehouse (Optional),Armazém do Cliente (Opcional)
Customer Warehouse {0} does not belong to Customer {1}.,O Armazém do Cliente {0} não pertence ao Cliente {1}.
Customer or Item,Cliente ou Item
Customer required for 'Customerwise Discount',Cliente necessário para 'Desconto do Cliente'
Customer's Item Code,Código do item do cliente
Customer's Purchase Order,Ordem de compra do cliente
Customer's Purchase Order Date,Data do pedido de compra do cliente
Customer's Purchase Order No,Ordem de compra do cliente nº
Customer: ,Cliente:
Customers,Clientes
Customerwise Discount,Desconto por cliente
D - E,D-E
DFS,DFS
DT-,DT-
DUNN-.MM.-.YY.-,DUNN-.MM.-.AA.-
Daily,Diário
Daily Time to send,Horário diário para enviar
Daily Yield (%),Rendimento Diário (%)
Dashboard,Painel
Data Based On,Dados baseados em
Data Fetch Method,Método de busca de dados
Data Import Configuration,Configuração de importação de dados
Data Source,Fonte de dados
Date,Data
Date ,Data
Date Of Retirement,Data de aposentadoria
Date Settings,Configurações de data
Date must be between {0} and {1},A data deve estar entre {0} e {1}
Date of Birth,Data de nascimento
Date of Birth cannot be greater than today.,A data de nascimento não pode ser posterior à data de hoje.
Date of Commencement,Data de início
Date of Establishment,Data de Estabelecimento
Date of Incorporation,Data de Incorporação
Date of Issue,Data de emissão
Date of Joining,Data de adesão
Date: {0} to {1},Data: {0} a {1}
Dates,Datas
Dates to Process,Datas para processar
Day,Dia
Day Of Week,Dia da semana
Day to Send,Dia para enviar
Day(s) after invoice date,Dia(s) após a data da fatura
Day(s) after the end of the invoice month,Dia(s) após o final do mês da fatura
Days,Dias
Days Until Due,Dias até o vencimento
Days before the current subscription period,Dias antes do período de assinatura atual
Days for which Holidays are blocked for this department.,Dias em que os feriados estão bloqueados para este departamento.
DeLinked,Desvinculado
Deal Owner,Proprietário do negócio
Dear,Querido
"Dear System Manager,","Prezado Gerente de Sistema,"
Debit (Transaction),Débito (transação)
Debit / Credit Note Posting Date,Data de lançamento da nota de débito/crédito
Debit Amount,Valor do débito
Debit Amount in Account Currency,Valor de débito na moeda da conta
Debit Amount in Reporting Currency,Valor de débito na moeda do relatório
Debit Amount in Transaction Currency,Valor de débito na moeda da transação
Debit Note Issued,Nota de Débito Emitida
"Debit Note will update it's own outstanding amount, even if 'Return Against' is specified.","A Nota de Débito atualizará seu próprio valor pendente, mesmo se 'Retorno Contra' for especificado."
Debit To,Débito para
Debit and Credit not equal for {0} #{1}. Difference is {2}.,Débito e Crédito não são iguais para {0} #{1}. A diferença é {2}.
Debit in Company Currency,Débito na moeda da empresa
Debit to,Débito para
Debit-Credit Mismatch,Incompatibilidade Débito-Crédito
Debit-Credit mismatch,Incompatibilidade Débito-Crédito
Debt Equity Ratio,Índice de endividamento
Debtor Turnover Ratio,Taxa de rotatividade de devedores
Debtor/Creditor,Devedor/Credor
Debtor/Creditor Advance,Adiantamento do Devedor/Credor
Deduct,Deduzir
Deduct Tax On Basis,Deduzir o imposto com base
Deducted From,Deduzido de
Deductee Details,Detalhes do deduzido
Deductions or Loss,Deduções ou Perdas
Default Account,Conta padrão
Default Accounts,Contas padrão
Default Activity Cost exists for Activity Type - {0},Existe custo de atividade padrão para o tipo de atividade - {0}
Default Advance Account,Conta antecipada padrão
Default Advance Paid Account,Conta pré-paga padrão
Default Advance Received Account,Conta padrão recebida antecipadamente
Default Ageing Range,Faixa de validade padrão
Default BOM,BOM padrão
Default BOM ({0}) must be active for this item or its template,A BOM padrão ({0}) deve estar ativa para este item ou seu modelo
Default BOM not found for FG Item {0},BOM padrão não encontrada para item FG {0}
Default BOM not found for Item {0} and Project {1},BOM padrão não encontrada para o item {0} e o projeto {1}
Default Bank Account,Conta bancária padrão
Default Billing Rate,Taxa de faturamento padrão
Default Buying Cost Center,Centro de custo de compra padrão
Default Buying Price List,Lista de preços de compra padrão
Default Buying Terms,Termos de compra padrão
Default COGS Account,Conta COGS padrão
Default Cash Account,Conta de dinheiro padrão
Default Common Code,Código Comum Padrão
Default Company,Empresa padrão
Default Company Bank Account,Conta bancária da empresa padrão
Default Cost Center,Centro de custo padrão
Default Cost of Goods Sold Account,Conta de custo padrão de mercadorias vendidas
Default Costing Rate,Taxa de custo padrão
Default Currency,Moeda padrão
Default Customer Group,Grupo de clientes padrão
Default Deferred Expense Account,Conta de despesas diferidas padrão
Default Deferred Revenue Account,Conta de receita diferida padrão
Default Dimension,Dimensão padrão
Default Discount Account,Conta de desconto padrão
Default Distance Unit,Unidade de distância padrão
Default Employee Advance Account,Conta de adiantamento de funcionário padrão
Default Expense Account,Conta de despesas padrão
Default Expense Claim Payable Account,Conta a pagar de relatório de despesas padrão
Default Finance Book,Livro Financeiro Padrão
Default Finished Goods Warehouse,Armazém de produtos acabados padrão
Default Holiday List,Lista de feriados padrão
Default In-Transit Warehouse,Armazém em trânsito padrão
Default Income Account,Conta de renda padrão
Default Inventory Account,Conta de inventário padrão
Default Item Group,Grupo de itens padrão
Default Item Manufacturer,Fabricante do item padrão
Default Manufacturer Part No,Número de peça padrão do fabricante
Default Material Request Type,Tipo de solicitação de material padrão
Default Operating Cost Account,Conta de custo operacional padrão
Default Payable Account,Conta a pagar padrão
Default Payment Discount Account,Conta de desconto de pagamento padrão
Default Payment Request Message,Mensagem de solicitação de pagamento padrão
Default Payment Terms Template,Modelo de termos de pagamento padrão
Default Payroll Payable Account,Conta a pagar de folha de pagamento padrão
Default Price List,Lista de preços padrão
Default Priority,Prioridade padrão
Default Provisional Account,Conta provisória padrão
Default Provisional Account (Service),Conta provisória padrão (serviço)
Default Purchase Unit of Measure,Unidade de medida de compra padrão
Default Quotation Validity Days,Dias de validade da cotação padrão
Default Receivable Account,Conta a receber padrão
Default Sales Contact,Contato de vendas padrão
Default Sales Unit of Measure,Unidade de medida de vendas padrão
Default Scrap Warehouse,Depósito de sucata padrão
Default Selling Cost Center,Centro de custo de venda padrão
Default Selling Terms,Termos de venda padrão
Default Service Level Agreement,Acordo de nível de serviço padrão
Default Service Level Agreement for {0} already exists.,O Acordo de Nível de Serviço Padrão para {0} já existe.
Default Shift,Turno padrão
Default Source Warehouse,Armazém de origem padrão
Default Stock UOM,Unidade de medida de estoque padrão
Default Stock Valuation Method,Método de avaliação de estoque padrão
Default Supplier,Fornecedor padrão
Default Supplier Group,Grupo de fornecedores padrão
Default Target Warehouse,Armazém de destino padrão
Default Territory,Território padrão
Default Unit of Measure,Unidade de medida padrão
Default Unit of Measure for Item {0} cannot be changed directly because you have already made some transaction(s) with another UOM. You need to either cancel the linked documents or create a new Item.,A unidade de medida padrão do item {0} não pode ser alterada diretamente porque você já fez algumas transações com outra UOM. Você precisa cancelar os documentos vinculados ou criar um novo item.
Default Unit of Measure for Item {0} cannot be changed directly because you have already made some transaction(s) with another UOM. You will need to create a new Item to use a different Default UOM.,A unidade de medida padrão do item {0} não pode ser alterada diretamente porque você já fez algumas transações com outra UOM. Você precisará criar um novo item para usar uma UDM padrão diferente.
Default Valuation Method,Método de avaliação padrão
Default Warehouse,Armazém Padrão
Default Warehouse for Sales Return,Armazém padrão para devolução de vendas
Default Workstation,Estação de trabalho padrão
Default account will be automatically updated in POS Invoice when this mode is selected.,A conta padrão será atualizada automaticamente na Fatura POS quando este modo for selecionado.
Default settings for your stock-related transactions,Configurações padrão para suas transações relacionadas a ações
"Default tax templates for sales, purchase and items are created.","São criados modelos de impostos padrão para vendas, compras e itens."
Default: 10 mins,Padrão: 10 minutos
Deferred Accounting,Contabilidade diferida
Deferred Accounting Defaults,Padrões de contabilidade diferida
Deferred Accounting Settings,Configurações de contabilidade diferida
Deferred Expense,Despesa Diferida
Deferred Expense Account,Conta de despesas diferidas
Deferred Revenue,Receita diferida
Deferred Revenue Account,Conta de receita diferida
Deferred Revenue and Expense,Receitas e despesas diferidas
Deferred accounting failed for some invoices:,A contabilização diferida falhou para algumas faturas:
Define Project type.,Defina o tipo de projeto.
Defines the date after which the item can no longer be used in transactions or manufacturing,Define a data após a qual o item não poderá mais ser usado em transações ou fabricação
Delay (In Days),Atraso (em dias)
Delay between Delivery Stops,Atraso entre paradas de entrega
Delayed,Atrasado
Delayed Tasks Summary,Resumo de tarefas atrasadas
Delete,Excluir
Delete Accounting and Stock Ledger Entries on deletion of Transaction,Excluir entradas contábeis e contábeis de estoque na exclusão da transação
Delete Bins,Excluir caixas
Delete Cancelled Ledger Entries,Excluir entradas contábeis canceladas
Delete Demo Data,Excluir dados de demonstração
Delete Dimension,Excluir dimensão
Delete Leads and Addresses,Excluir leads e endereços
Delete Transactions,Excluir transações
Deleted,Excluído
Deleting {0} and all associated Common Code documents...,Excluindo {0} e todos os documentos de código comum associados...
Deletion in Progress!,Exclusão em andamento!
Deletion process restarted,Processo de exclusão reiniciado
Deletion will start automatically after submission.,A exclusão começará automaticamente após o envio.
Delimiter options,Opções de delimitador
Deliver Secondary Items,Entregar itens secundários
Delivered By Supplier,Entregue pelo fornecedor
Delivered Items To Be Billed,Itens entregues a serem cobrados
Delivered Qty,Quantidade entregue
Delivered Qty (in Stock UOM),Quantidade entregue (Unidade de medida em estoque)
Delivered by Supplier (Drop Ship),Entregue pelo Fornecedor (Drop Ship)
Delivery Details,Detalhes da entrega
Delivery From Date,Data de entrega
Delivery Manager,Gerente de entrega
Delivery Note Item,Item de nota de entrega
Delivery Note No,Nota de Entrega Não
Delivery Note Packed Item,Item embalado com nota de entrega
Delivery Notes should not be in draft state when submitting a Delivery Trip. The following Delivery Notes are still in draft state: {0}. Please submit them first.,"As Notas de Entrega não devem estar em estado de rascunho ao enviar uma Viagem de Entrega. As seguintes Notas de Entrega ainda estão em estado de rascunho: {0}. Por favor, envie-os primeiro."
Delivery Schedule,Cronograma de entrega
Delivery Schedule Item,Item de programação de entrega
Delivery Status,Status de entrega
Delivery Stops,Paradas de entrega
Delivery To,Entrega para
Delivery To Date,Entrega até a data
Delivery User,Usuário de entrega
Delivery Warehouse,Armazém de Entrega
Delivery to,Entrega para
Delivery warehouse required for stock item {0},Armazém de entrega necessário para item em estoque {0}
Demand,Demanda
Demand Qty,Quantidade de demanda
Demand vs Supply,Demanda vs Oferta
Demo Bank Account,Conta bancária de demonstração
Demo Company,Empresa de demonstração
Demo Data creation failed.,Falha na criação de dados de demonstração.
Demo data cleared,Dados de demonstração apagados
Demo data creation failed. Check notifications for more info.,Falha na criação de dados de demonstração. Verifique as notificações para mais informações.
Department,Departamento
Departure Time,Hora de partida
Dependant SLE Voucher Detail No,Detalhe do Voucher SLE Dependente Não
Dependencies,Dependências
Dependent Task {0} is not a Template Task,A Tarefa Dependente {0} não é uma Tarefa Modelo
Dependent Tasks,Tarefas Dependentes
Depends on Tasks,Depende das tarefas
Deposit,Depósito
Depreciate based on daily pro-rata,Depreciação com base no pró-rata diário
Depreciate based on shifts,Depreciar com base em turnos
Depreciation Details,Detalhes de depreciação
Depreciation Entry Posting Status,Status de lançamento de entrada de depreciação
Depreciation Entry against asset {0},Lançamento de depreciação contra o ativo {0}
Depreciation Entry against {0} worth {1},Entrada de depreciação contra {0} no valor de {1}
Depreciation Expense Account,Conta de despesas de depreciação
Depreciation Expense Account should be an Income or Expense Account.,A conta de despesas de depreciação deve ser uma conta de receitas ou despesas.
Depreciation Method,Método de depreciação
Depreciation Options,Opções de depreciação
Depreciation Posting Date,Data de lançamento de depreciação
Depreciation Posting Date cannot be before Available-for-use Date,A data de lançamento de depreciação não pode ser anterior à data de disponibilidade para uso
Depreciation Row {0}: Depreciation Posting Date cannot be before Available-for-use Date,Linha de depreciação {0}: a data de lançamento de depreciação não pode ser anterior à data de disponibilidade para uso
Depreciation Schedule View,Visualização do cronograma de depreciação
Depreciation cannot be calculated for fully depreciated assets,A depreciação não pode ser calculada para ativos totalmente depreciados
Depreciation eliminated via reversal,Depreciação eliminada via reversão
Desconto (%),Desconto (%)
Description,Descrição
Description of Content,Descrição do conteúdo
"Descriptive name for your template (e.g., 'Standard P&L', 'Detailed Balance Sheet')","Nome descritivo do seu modelo (por exemplo, 'P&L padrão', 'Balanço patrimonial detalhado')"
Designation,Designação
Desk User,Usuário de mesa
Details,Detalhes
Determine Address Tax Category From,Determinar a categoria de imposto de endereço de
Diesel,Diesel
Difference (Dr - Cr),Diferença (Dr - Cr)
Difference Account in Items Table,Conta de diferenças na tabela de itens
"Difference Account must be a Asset/Liability type account (Temporary Opening), since this Stock Entry is an Opening Entry","A Conta Diferença deve ser uma conta do tipo Ativo/Passivo (Abertura Temporária), pois este Lançamento de Estoque é um Lançamento de Abertura"
"Difference Account must be a Asset/Liability type account, since this Stock Reconciliation is an Opening Entry","A Conta Diferença deve ser uma conta do tipo Ativo/Passivo, uma vez que esta Reconciliação de Estoque é um Lançamento de Abertura"
Difference Amount (Company Currency),Valor da diferença (moeda da empresa)
Difference In,Diferença em
Difference Posting Date,Data de lançamento de diferença
Difference Qty,Quantidade de diferença
Different 'Source Warehouse' and 'Target Warehouse' can be set for each row.,Diferentes 'Armazém de Origem' e 'Armazém de Destino' podem ser definidos para cada linha.
Different UOM for items will lead to incorrect (Total) Net Weight value. Make sure that Net Weight of each item is in the same UOM.,UOM diferentes para itens levarão a um valor de peso líquido (total) incorreto. Certifique-se de que o Peso Líquido de cada item esteja na mesma UDM.
Dimension Defaults,Padrões de dimensão
Dimension Details,Detalhes da dimensão
Dimension Filter Help,Ajuda do filtro de dimensão
Dimension Name,Nome da dimensão
Dimension-wise Accounts Balance Report,Relatório de saldo de contas dimensionais
Dimensions,Dimensões
Direct Expense,Despesa Direta
Direct return is not allowed for Timesheet.,Não é permitido retorno direto para Quadro de Horários.
Disable,Desativar
Disable Capacity Planning,Desabilitar planejamento de capacidade
Disable Cumulative Threshold,Desativar limite cumulativo
Disable In Words,Desativar em palavras
Disable Last Purchase Rate,Desativar taxa da última compra
Disable Rounded Total,Desativar total arredondado
Disable Serial No And Batch Selector,Desativar número de série e seletor de lote
Disable Transaction Threshold,Desativar limite de transação
Disable template to prevent use in reports,Desative o modelo para evitar o uso em relatórios
Disabled,Desabilitado
Disabled Account Selected,Conta desativada selecionada
Disabled Warehouse {0} cannot be used for this transaction.,O Armazém Desativado {0} não pode ser usado para esta transação.
Disabled pricing rules since this {} is an internal transfer,Regras de precificação desativadas porque esta {} é uma transferência interna
Disabled tax included prices since this {} is an internal transfer,"Preços com impostos incluídos para deficientes, já que esta {} é uma transferência interna"
Disables auto-fetching of existing quantity,Desativa a busca automática da quantidade existente
Disassemble,Desmontar
Disassemble Order,Ordem de desmontagem
Disassemble Qty cannot be less than or equal to 0.,A Quantidade de desmontagem não pode ser menor ou igual a 0.
Disassemble Qty cannot be less than or equal to <b>0</b>.,A Quantidade de desmontagem não pode ser menor ou igual a <b>0</b>.
Disassembled Qty,Quantidade desmontada
Discard Changes and Load New Invoice,Descartar alterações e carregar nova fatura
Discount (%),Desconto (%)
Discount (%) on Price List Rate with Margin,Desconto (%) na Tarifa Precária com Margem
Discount Account,Conta de desconto
Discount Amount,Valor do desconto
Discount Amount in Transaction,Valor do desconto na transação
Discount Date,Data do desconto
Discount Percentage,Porcentagem de desconto
Discount Percentage can be applied either against a Price List or for all Price List.,A porcentagem de desconto pode ser aplicada a uma lista de preços ou a todas as listas de preços.
Discount Percentage in Transaction,Porcentagem de desconto na transação
Discount Settings,Configurações de desconto
Discount Type,Tipo de desconto
Discount Validity,Validade do desconto
Discount Validity Based On,Validade do desconto com base em
Discount and Margin,Desconto e Margem
Discount cannot be greater than 100%,O desconto não pode ser superior a 100%
Discount cannot be greater than 100%.,O desconto não pode ser superior a 100%.
Discount of {} applied as per Payment Term,Desconto de {} aplicado de acordo com o prazo de pagamento
Discount on Other Item,Desconto em outro item
Discount on Price List Rate (%),Desconto na Tarifa da Tabela de Preços (%)
Discounted Amount,Valor com desconto
Discounts,Descontos
"Discounts to be applied in sequential ranges like buy 1 get 1, buy 2 get 2, buy 3 get 3 and so on","Descontos a serem aplicados em faixas sequenciais como compre 1 ganhe 1, compre 2 ganhe 2, compre 3 ganhe 3 e assim por diante"
Discrepancy between General and Payment Ledger,Discrepância entre o razão geral e o razão de pagamentos
Discretionary Reason,Razão Discricionária
Dispatch Address,Endereço de expedição
Dispatch Address Details,Detalhes do endereço de expedição
Dispatch Address Name,Nome do endereço de despacho
Dispatch Address Template,Modelo de endereço de expedição
Dispatch Information,Informações de Despacho
Dispatch Notification Attachment,Anexo de Notificação de Despacho
Dispatch Notification Template,Modelo de Notificação de Despacho
Dispatch Settings,Configurações de expedição
Display Name,Nome de exibição
Disposal Date,Data de descarte
Disposal date {0} cannot be before {1} date {2} of the asset.,A data de alienação {0} não pode ser anterior à {1} data {2} do ativo.
Distance,Distância
Distance UOM,Distância UOM
Distance from left edge,Distância da borda esquerda
Distance from top edge,Distância da borda superior
Distinct unit of an Item,Unidade distinta de um item
Distribute Additional Costs Based On ,Distribuir custos adicionais com base em
Distribute Charges Based On,Distribuir cobranças com base em
Distribute Equally,Distribuir igualmente
Distribute Manually,Distribuir manualmente
Distributed Discount Amount,Valor do desconto distribuído
Distribution Frequency,Frequência de distribuição
Distribution Name,Nome de distribuição
Divorced,Divorciado
Do Not Explode,Não exploda
Do Not Update Serial / Batch on Creation of Auto Bundle,Não atualizar serial/lote na criação do pacote automático
Do Not Use Batch-wise Valuation,Não use avaliação em lote
Do Not Use Batchwise Valuation,Não use avaliação em lote
Do not show any symbol like $ etc next to currencies.,Não mostre nenhum símbolo como $ etc próximo às moedas.
Do not update variants on save,Não atualizar variantes ao salvar
Do you still want to enable immutable ledger?,Você ainda deseja ativar o razão imutável?
Do you still want to enable negative inventory?,Você ainda deseja ativar o inventário negativo?
Do you want to change valuation method?,Deseja alterar o método de avaliação?
Do you want to notify all the customers by email?,Quer notificar todos os clientes por e-mail?
Do you want to submit the stock entry?,Deseja enviar o lançamento de estoque?
DocField,CampoDoc
DocType,TipoDoc
DocType can be one of them {0},DocType pode ser um deles {0}
DocType {0} does not exist,DocType {0} não existe
DocType {0} with company field '{1}' is already in the list,DocType {0} com campo de empresa '{1}' já está na lista
DocTypes To Delete,DocTypes para excluir
DocTypes that will NOT be deleted.,DocTypes que NÃO serão excluídos.
DocTypes with a company field:,DocTypes com campo de empresa:
DocTypes without a company field:,DocTypes sem campo de empresa:
Doctype,Tipo de documento
Document Count,Contagem de documentos
Document Name,Nome do documento
Document No,Documento nº
Document Type,Tipo de documento
Document Type ,Tipo de documento
Document Type already used as a dimension,Tipo de documento já usado como dimensão
Documentation,Documentação
Documento criado no POS,Documento criado no POS
Documents,Documentos
Documents Processed on each trigger. Queue Size should be between 5 and 100,Documentos processados ​​em cada gatilho. O tamanho da fila deve estar entre 5 e 100
Documents: {0} have deferred revenue/expense enabled for them. Cannot repost.,Documentos: {0} têm receitas/despesas diferidas ativadas para eles. Não é possível repassar.
Domain,Domínio
Don't Create Loyalty Points,Não crie pontos de fidelidade
Don't Enforce Free Item Qty,Não imponha quantidade de item grátis
Don't Recompute Tax,Não recalcule imposto
Don't Reserve Sales Order Qty on Sales Return,Não reserve a quantidade da ordem de vendas na devolução de vendas
Don't Send Emails,Não envie e-mails
Doors,Portas
Double Declining Balance,Saldo decrescente duplo
Download,Download
Download CSV Template,Baixe o modelo CSV
Download PDF,Baixar PDF
Download PDF for Supplier,Baixar PDF para Fornecedor
Download Required Materials,Baixe os materiais necessários
Download Template,Baixar modelo
Downtime,Tempo de inatividade
Downtime Reason,Motivo do tempo de inatividade
Dr,Dr.
Dr/Cr,Dr/Cr
Draft,Rascunho
Driver Address,Endereço do motorista
Driver Email,E-mail do motorista
Driver Name,Nome do motorista
Driver licence class,Classe de carteira de motorista
Driving License Categories,Categorias de carta de condução
Drop Procedures,Procedimentos de queda
Drop Ship,Navio direto
Drops existing SQL Procedures and Function setup by Accounts Receivable report,Elimina a configuração de procedimentos e funções SQL existentes por relatório de contas a receber
Due Date cannot be after {0},A data de vencimento não pode ser depois de {0}
Due Date cannot be before {0},A data de vencimento não pode ser antes de {0}
"Due to stock closing entry {0}, you cannot repost item valuation before {1}","Devido ao lançamento de fechamento de estoque {0}, você não pode repassar a avaliação do item antes de {1}"
Dunning,Cobrança
Dunning Amount,Montante de cobrança
Dunning Amount (Company Currency),Valor da cobrança (moeda da empresa)
Dunning Fee,Taxa de cobrança
Dunning Letter,Carta de cobrança
Dunning Level,Nível de cobrança
Dunning Type,Tipo de cobrança
Duplicate,Duplicado
Duplicate Customer Group,Grupo de clientes duplicado
Duplicate DocType,DocType duplicado
Duplicate Entry. Please check Authorization Rule {0},Entrada duplicada. Verifique a regra de autorização {0}
Duplicate Finance Book,Livro Financeiro Duplicado
Duplicate Item Group,Grupo de itens duplicados
Duplicate Item Under Same Parent,Item duplicado no mesmo pai
Duplicate Operating Component {0} found in Operating Components,Componente operacional duplicado {0} encontrado em Componentes operacionais
Duplicate POS Fields,Campos POS duplicados
Duplicate POS Invoices found,Foram encontradas faturas de POS duplicadas
Duplicate Payment Schedule selected,Cronograma de pagamento duplicado selecionado
Duplicate Sales Invoices found,Foram encontradas faturas de vendas duplicadas
Duplicate Serial Number Error,Erro de número de série duplicado
Duplicate Stock Closing Entry,Entrada duplicada de fechamento de estoque
Duplicate customer group found in the customer group table,Grupo de clientes duplicado encontrado na tabela de grupos de clientes
Duplicate entry against the item code {0} and manufacturer {1},Entrada duplicada no código do item {0} e fabricante {1}
Duplicate entry: {0}{1},Entrada duplicada: {0}{1}
Duplicate item group found in the item group table,Grupo de itens duplicado encontrado na tabela de grupos de itens
Duration (Days),Duração (dias)
Dynamic Condition,Condição Dinâmica
EAN,EAN
EAN-13,EAN-13
EAN-8,EAN-8
EDI,EDI
ERPNext Integrations,Integrações ERPNext
ERPNext User ID,ID de usuário do ERPNext
Each Transaction,Cada transação
Edit,Editar
Edit BOM,Edit BOM
Edit Capacity,Editar capacidade
Edit Cart,Editar carrinho
Edit Full Form,Editar formulário completo
Edit Note,Editar nota
Edit Tax Withholding Entries,Editar lançamentos de retenção de impostos
Editing {0} is not allowed as per POS Profile settings,A edição de {0} não é permitida de acordo com as configurações do perfil de POS
Education,Educação
Educational Qualification,Qualificação Educacional
Either 'Selling' or 'Buying' must be selected,'Vender' ou 'Comprar' deve ser selecionado
Either Workstation or Workstation Type is mandatory,Estação de Trabalho ou Tipo de Estação de Trabalho é obrigatório
Either target qty or target amount is mandatory,A quantidade desejada ou o valor desejado são obrigatórios
Either target qty or target amount is mandatory.,A quantidade alvo ou o valor alvo são obrigatórios.
Electric,Elétrico
Electricity,Eletricidade
Electricity down,Eletricidade caiu
Electronic Equipment,Equipamentos Eletrônicos
Email,E-mail
Email Account,Conta de e-mail
Email Address,Endereço de email
Email Address (required),Endereço de e-mail (obrigatório)
"Email Address must be unique, it is already used in {0}",O endereço de e-mail deve ser exclusivo e já é usado em {0}
Email Campaign,Campanha por e-mail
Email Campaign Error,Erro de campanha por e-mail
Email Campaign For ,Campanha de e-mail para
Email Campaign Send Error,Erro de envio de campanha por e-mail
Email Details,Detalhes do e-mail
Email Digest,Resumo por e-mail
Email Digest Recipient,Destinatário do resumo por e-mail
Email Digest Settings,Configurações de resumo por e-mail
Email Digest: {0},Resumo por e-mail: {0}
Email Group,Grupo de e-mail
Email ID,ID de e-mail
Email Id,ID de e-mail
Email Receipt,Recibo de e-mail
Email Sent,E-mail enviado
Email Sent to Supplier {0},E-mail enviado ao fornecedor {0}
Email Settings,Configurações de e-mail
Email Template,Modelo de e-mail
Email is required to create a user,O e-mail é necessário para criar um usuário
Email is required to create a user.,O e-mail é necessário para criar um usuário.
Email not sent to {0} (unsubscribed / disabled),E-mail não enviado para {0} (inscrição cancelada/desativada)
Email or Phone/Mobile of the Contact are mandatory to continue.,O e-mail ou telefone/telemóvel do contacto são obrigatórios para continuar.
Email sent successfully.,E-mail enviado com sucesso.
Email sent to,E-mail enviado para
Email sent to {0},E-mail enviado para {0}
Email verification failed.,A verificação de e-mail falhou.
Emails Queued,E-mails na fila
Emergency Contact,Contato de emergência
Emergency Contact Name,Nome do contato de emergência
Emergency Phone,Telefone de emergência
Employee ,Funcionário
Employee Advance,Adiantamento de Funcionário
Employee Advance Account,Conta Antecipada de Funcionário
Employee Analytics,Análise de funcionários
Employee Benefits Obligation,Obrigação de benefícios a empregados
Employee Birthday,Aniversário do funcionário
Employee Detail,Detalhes do funcionário
Employee Hours Utilization Based On Timesheet,Utilização de horas de funcionários com base no quadro de horários
Employee Information,Informações do funcionário
Employee Leave Balance,Saldo de licenças de funcionários
Employee Leave Balance Summary,Resumo do saldo de licenças de funcionários
Employee Number,Número do funcionário
Employee Self Service,Autoatendimento para funcionários
Employee User Id,ID de usuário do funcionário
Employee is required,É necessário funcionário
Employee {0} already has a linked user,O funcionário {0} já tem um usuário vinculado
Employee {0} does not belong to the company {1},O funcionário {0} não pertence à empresa {1}
Employee {0} is currently working on another workstation. Please assign another employee.,O funcionário {0} está atualmente trabalhando em outra estação de trabalho. Por favor atribua outro funcionário.
Employee {0} not found,Funcionário {0} não encontrado
Employees,Funcionários
Employment Type,Tipo de emprego
Empty To Delete List,Lista vazia para excluir
Enable Accounting Dimensions,Ativar dimensões contábeis
Enable Allow Partial Reservation in the Stock Settings to reserve partial stock.,Ative Permitir reserva parcial nas configurações de estoque para reservar estoque parcial.
Enable Appointment Scheduling,Habilitar agendamento de compromissos
Enable Auto Email,Ativar e-mail automático
Enable Automatic Party Matching,Ativar correspondência automática de grupos
Enable Capital Work in Progress Accounting,Habilitar contabilidade de trabalho de capital em andamento
Enable Common Party Accounting,Habilitar contabilidade de parte comum
Enable Cut-Off Date on Bulk Delivery Note Creation,Ativar data limite na criação de notas de entrega em massa
Enable Deferred Expense,Ativar despesa diferida
Enable Deferred Revenue,Habilitar receita diferida
Enable Discount Accounting for Selling,Habilitar contabilidade de desconto para vendas
Enable Discounts and Margin,Habilite descontos e margem
Enable European Access,Habilite o acesso europeu
Enable Fuzzy Matching,Ativar correspondência difusa
Enable Health Monitor,Habilitar Monitor de Integridade
Enable Immutable Ledger,Habilitar livro-razão imutável
Enable Item-wise Inventory Account,Habilitar conta de inventário por item
Enable Loyalty Point Program,Ativar programa de pontos de fidelidade
Enable Parallel Reposting,Habilitar repostagem paralela
Enable Perpetual Inventory,Habilitar inventário permanente
Enable Provisional Accounting For Non Stock Items,Habilitar contabilidade provisória para itens que não estão em estoque
Enable Separate Reposting for GL,Habilitar repostagem separada para GL
Enable Serial / Batch Bundle,Ativar pacote serial/lote
Enable Stock Reservation,Habilitar Reserva de Estoque
Enable Subscription,Habilitar assinatura
Enable Subscription tracking in invoice,Ativar rastreamento de assinatura na fatura
Enable UTM,Habilitar UTM
"Enable Urchin Tracking Module parameters in Quotation, Sales Order, Sales Invoice, POS Invoice, Lead,  and Delivery Note.","Ative os parâmetros do módulo de rastreamento do Urchin em cotação, ordem de vendas, fatura de vendas, fatura de POS, lead e nota de entrega."
Enable YouTube Tracking,Ativar rastreamento do YouTube
"Enable cost center, projects and other custom accounting dimensions","Habilite centro de custo, projetos e outras dimensões contábeis personalizadas"
Enable it if users want to consider rejected materials to dispatch.,Habilite-o se os usuários quiserem considerar materiais rejeitados para envio.
Enable this checkbox even if you want to set the zero priority,Ative esta caixa de seleção mesmo se desejar definir a prioridade zero
"Enable this option to calculate daily depreciation by considering the total number of days in the entire depreciation period, (including leap years) while using daily pro-rata based depreciation",Habilite esta opção para calcular a depreciação diária considerando o número total de dias em todo o período de depreciação (incluindo anos bissextos) ao usar a depreciação diária baseada pro rata
Enable to apply SLA on every {0},Ative a aplicação do SLA em cada {0}
Enable to reserve a small sample from each batch for any analysis arising ahead,Permite reservar uma pequena amostra de cada lote para qualquer análise futura
Enable tracking sales commissions,Habilite o rastreamento de comissões de vendas
Enabling the check box will fetch timesheet on select of a Project in Sales Invoice,Ativar a caixa de seleção irá buscar o quadro de horários ao selecionar um projeto na fatura de vendas
Enabling this checkbox will force each Job Card Time Log to have From Time and To Time,Ativar esta caixa de seleção forçará cada registro de horário do cartão de trabalho a ter horário inicial e horário final.
Enabling this ensures each Purchase Invoice has a unique value in Supplier Invoice No. field within a particular fiscal year,Ativar isso garante que cada fatura de compra tenha um valor exclusivo no campo Nº da fatura do fornecedor em um determinado ano fiscal
Enabling this option will allow you to record - <br><br> 1. Advances Received in a <b>Liability Account</b> instead of the <b>Asset Account</b><br><br>2. Advances Paid in an <b>Asset Account</b> instead of the <b> Liability Account</b>,Ativar esta opção permitirá que você registre - <br><br> 1. Adiantamentos recebidos em uma <b>conta de passivo</b> em vez de em uma <b>conta de ativo</b><br><br>2. Adiantamentos pagos em uma <b>conta de ativo</b> em vez de uma <b>conta de passivo</b>
Enabling this will allow creation of multi-currency invoices against single party account in company currency,Ativar isso permitirá a criação de faturas em várias moedas em contas de parte única na moeda da empresa
Enabling this will change the way how cancelled transactions are handled.,Habilitar isso mudará a forma como as transações canceladas são tratadas.
Encashment Date,Data de Resgate
End Date,Data de término
End Time,Hora de término
End Transit,Fim do trânsito
End date of current invoice's period,Data final do período da fatura atual
End of Life,Fim da vida
End of the current subscription period,Fim do período de assinatura atual
Enforce Time Logs,Aplicar registros de tempo
Ensure Delivery Based on Produced Serial No,Garanta a entrega com base no número de série produzido
Enter Company Details,Insira os detalhes da empresa
"Enter First and Last name of Employee, based on Which Full Name will be updated. IN transactions, it will be Full Name which will be fetched.","Insira o nome e o sobrenome do funcionário, com base no nome completo que será atualizado. Nas transações, será o Nome Completo que será buscado."
Enter Manually,Entrar manualmente
Enter Serial Nos,Digite-nos em série
Enter Visit Details,Insira os detalhes da visita
Enter a name for Routing.,Insira um nome para Roteamento.
"Enter a name for the Operation, for example, Cutting.","Insira um nome para a Operação, por exemplo, Corte."
Enter a name for this Holiday List.,Insira um nome para esta lista de feriados.
"Enter an Item Code, the name will be auto-filled the same as Item Code on clicking inside the Item Name field.","Insira um código de item, o nome será preenchido automaticamente da mesma forma que o código do item ao clicar dentro do campo Nome do item."
Enter customer's email,Digite o e-mail do cliente
Enter date to scrap asset,Insira a data para descartar o ativo
Enter each serial no in a new line,Insira cada número de série em uma nova linha
Enter the Bank Guarantee Number before submitting.,Insira o número da garantia bancária antes de enviar.
"Enter the Operation, the table will fetch the Operation details like Hourly Rate, Workstation automatically.|||||| After that, set the Operation Time in minutes and the table will calculate the Operation Costs based on the Hourly Rate and Operation Time.","Insira a Operação, a tabela irá buscar os detalhes da Operação como Taxa Horária, Estação de Trabalho automaticamente.|||||| Depois disso, defina o Tempo de Operação em minutos e a tabela calculará os Custos de Operação com base na Taxa Horária e no Tempo de Operação."
"Enter the Operation, the table will fetch the Operation details like Hourly Rate, Workstation automatically.|||||||| After that, set the Operation Time in minutes and the table will calculate the Operation Costs based on the Hourly Rate and Operation Time.","Insira a Operação, a tabela irá buscar os detalhes da Operação como Taxa Horária, Estação de Trabalho automaticamente.|||||||| Depois disso, defina o Tempo de Operação em minutos e a tabela calculará os Custos de Operação com base na Taxa Horária e no Tempo de Operação."
Enter the name of the Beneficiary before submitting.,Insira o nome do Beneficiário antes de enviar.
Enter the name of the bank or lending institution before submitting.,Insira o nome do banco ou instituição de crédito antes de enviar.
Enter the opening stock units.,Insira as unidades de estoque iniciais.
Enter the quantity of the Item that will be manufactured from this Bill of Materials.,Insira a quantidade do Item que será fabricado a partir desta Lista de Materiais.
Enter the quantity to manufacture. Raw material Items will be fetched only when this is set.,Insira a quantidade a ser fabricada. Os itens de matéria-prima serão obtidos somente quando isto estiver definido.
Entity,Entidade
Entity Type,Tipo de entidade
Entry Type,Tipo de entrada
Envio para o POS abortado pelo usuário.,Envio para o POS abortado pelo usuário.
Equity/Liability Account,Conta de patrimônio/passivo
Erro ao enviar para o POS,Erro ao enviar para o POS
Erro ao gerar a proposta comercial.,Erro ao gerar a proposta comercial.
Erro desconhecido ao enviar para o POS.,Erro desconhecido ao enviar para o POS.
Error,Erro
Error Description,Descrição do erro
Error Log,Registro de erros
Error Message,Mensagem de erro
Error Occurred,Ocorreu um erro
Error during caller information update,Erro durante a atualização das informações do chamador
Error getting details for {0}: {1},Erro ao obter detalhes de {0}: {1}
Error in party matching for Bank Transaction {0},Erro na correspondência de partes para Transação Bancária {0}
Error while posting depreciation entries,Erro ao lançar lançamentos de depreciação
Error while processing deferred accounting for {0},Erro ao processar a contabilização diferida de {0}
Error while reposting item valuation,Erro ao repassar a avaliação do item
Error: This asset already has {0} depreciation periods booked.|||					The `depreciation start` date must be at least {1} periods after the `available for use` date.|||					Please correct the dates accordingly.,"Erro: Este ativo já possui {0} períodos de depreciação registrados.|||					A data de `início da depreciação` deve ser pelo menos {1} períodos após a data de `disponibilidade para uso`.|||					Por favor, corrija as datas de acordo."
Errors,Erros
Errors Notification,Notificação de erros
Estimated Arrival,Chegada estimada
Estimated Time and Cost,Tempo e custo estimados
Evaluation Period,Período de avaliação
"Even if there are multiple Pricing Rules with highest priority, then following internal priorities are applied:","Mesmo que existam várias Regras de Preços com prioridade mais alta, serão aplicadas as seguintes prioridades internas:"
Event,Evento
Example URL,URL de exemplo
Example of a linked document: {0},Exemplo de documento vinculado: {0}
"Example: ABCD.#####|||If series is set and Serial No is not mentioned in transactions, then automatic serial number will be created based on this series. If you always want to explicitly mention Serial Nos for this item. leave this blank.","Exemplo: ABCD.#####|||Se a série for definida e o número de série não for mencionado nas transações, então o número de série automático será criado com base nesta série. Se você sempre quiser mencionar explicitamente os números de série para este item. deixe isso em branco."
"Example: ABCD.#####. If series is set and Batch No is not mentioned in transactions, then automatic batch number will be created based on this series. If you always want to explicitly mention Batch No for this item, leave this blank. Note: this setting will take priority over the Naming Series Prefix in Stock Settings.","Exemplo: ABCD.#####. Se a série for definida e o número do lote não for mencionado nas transações, o número do lote automático será criado com base nesta série. Se você sempre quiser mencionar explicitamente o número do lote para este item, deixe em branco. Observação: esta configuração terá prioridade sobre o prefixo da série de nomenclatura nas configurações de estoque."
Example: Serial No {0} reserved in {1}.,Exemplo: Número de série {0} reservado em {1}.
Exception Budget Approver Role,Função de aprovador de orçamento de exceção
Excess Disassembly,Excesso de desmontagem
Excess Materials Consumed,Excesso de materiais consumidos
Excess Transfer,Excesso de transferência
Excessive machine set up time,Tempo excessivo de configuração da máquina
Exchange Gain / Loss,Ganho/perda cambial
Exchange Gain / Loss Account,Conta de ganho/perda cambial
Exchange Gain Or Loss,Ganho ou perda cambial
Exchange Gain/Loss amount has been booked through {0},O valor de ganho/perda cambial foi contabilizado por meio de {0}
Exchange Rate,Taxa de câmbio
Exchange Rate Revaluation Settings,Configurações de reavaliação cambial
Excise Entry,Entrada de imposto especial de consumo
Excise Page Number,Número da página do imposto especial de consumo
Exclude Zero Balance Parties,Excluir partes com saldo zero
Excluded DocTypes,DocTypes excluídos
Excluded Fee,Taxa excluída
Exempt Supplies,Suprimentos isentos
Exempted Role,Função isenta
Existing Asset,Ativo Existente
Existing Company,Empresa Existente
Existing Company ,Empresa Existente
Exit,Saída
Exit Interview Held On,Entrevista de saída realizada
Expand All,Expandir tudo
Expected,Esperado
Expected Amount,Valor Esperado
Expected Balance Qty,Quantidade de saldo esperado
Expected Closing Date,Data prevista de fechamento
Expected End Date should be less than or equal to parent task's Expected End Date {0}.,A Data de Término Esperada deve ser menor ou igual à Data de Término Esperada da tarefa pai {0}.
Expected Stock Value,Valor esperado do estoque
Expected Time (in hours),Tempo esperado (em horas)
Expected Time Required (In Mins),Tempo esperado necessário (em minutos)
Expected Value After Useful Life,Valor Esperado Após Vida Útil
Expense Approver,Aprovador de despesas
Expense Claim,Reivindicação de despesas
Expense Head,Chefe de Despesas
Expense account is mandatory for item {0},A conta de despesas é obrigatória para o item {0}
Experimental,Experimental
Expires On,Expira em
Expires in a week or less,Expira em uma semana ou menos
Expires today or already expired,Expira hoje ou já expirou
Expiry,Termo
Expiry Date,Data de validade
Expiry Duration (in days),Duração de validade (em dias)
Exploded Items,Itens Explodidos
Export Errored Rows,Exportar linhas com erros
Export Import Log,Exportar registro de importação
Exportar,Exportar
Exporting Sales Order to POS...,Exportando Ordem de vendas para POS...
Extended Bank Statement,Extrato bancário estendido
External,Externo
External Work History,Histórico de Trabalho Externo
Extra Consumed Qty,Quantidade Extra Consumida
Extra Job Card Quantity,Quantidade extra de cartão de trabalho
Extra Material Transfer,Transferência de material extra
FG / Semi FG Item,Item FG/Semi FG
FG Items to Make,Itens FG para fazer
FIFO,FIFO
FIFO Queue,Fila FIFO
FIFO Queue vs Qty After Transaction Comparison,Fila FIFO vs quantidade após comparação de transação
"FIFO Stock Queue (qty, rate)","Fila de estoque FIFO (quantidade, taxa)"
FIFO/LIFO Queue,Fila FIFO/LIFO
Failed Entries,Entradas falhadas
Failed to create demo data,Falha ao criar dados de demonstração
"Failed to erase demo data, please delete the demo company manually.",Falha ao apagar os dados de demonstração. Exclua a empresa de demonstração manualmente.
Failed to parse MT940 format. Error: {0},Falha ao analisar o formato MT940. Erro: {0}
Failed to post depreciation entries,Falha ao lançar entradas de depreciação
Failed to send email for campaign {0} to {1},Falha ao enviar e-mail da campanha {0} para {1}
Failed to set defaults,Falha ao definir padrões
Failed to setup defaults for country {0}. Please contact support.,Falha ao configurar padrões para o país {0}. Entre em contato com o suporte.
Failure,Falha
Failure Date,Data da falha
Failure Description,Descrição da falha
Failure: {0},Falha: {0}
Family Background,Antecedentes Familiares
Fax,Fax
Feedback,Opinião
Feedback By,Feedback por
Fees,Tarifas
Fetch Based On,Buscar com base em
Fetch Customers,Buscar clientes
Fetch Latest Exchange Rate,Buscar a última taxa de câmbio
Fetch Overdue Payments,Buscar pagamentos vencidos
Fetch Payment Schedule In Payment Request,Buscar cronograma de pagamento na solicitação de pagamento
Fetch Timesheet,Buscar quadro de horários
Fetch Timesheet in Sales Invoice,Buscar quadro de horários na fatura de vendas
Fetch Valuation Rate for Internal Transaction,Buscar taxa de avaliação para transação interna
Fetch Value From,Buscar valor de
Fetch exploded BOM (including sub-assemblies),Buscar BOM explodida (incluindo submontagens)
Fetched only {0} available serial numbers.,Foram buscados apenas {0} números de série disponíveis.
Fetching Error,Erro ao buscar
Fetching Material Requests...,Buscando solicitações de materiais...
Fetching Sales Orders...,Buscando ordens de vendas...
Fetching exchange rates ...,Buscando taxas de câmbio...
Fetching...,Buscando...
Field '{0}' is not a valid Company link field for DocType {1},O campo '{0}' não é um campo de link de empresa válido para DocType {1}
Field Mapping,Mapeamento de Campo
Field Name,Nome do campo
Field in Bank Transaction,Campo na Transação Bancária
Fieldname,Nome do campo
Fields,Campos
Fields will be copied over only at time of creation.,Os campos serão copiados somente no momento da criação.
Fieldtype,Tipo de campo
File '{0}' not found,Arquivo '{0}' não encontrado
File does not belong to this Transaction Deletion Record,O arquivo não pertence a este registro de exclusão de transação
File not found,Arquivo não encontrado
File not found on server,Arquivo não encontrado no servidor
File to Rename,Arquivo para renomear
Filter Duration (Months),Duração do filtro (meses)
Filter Total Zero Qty,Filtrar Quantidade Total Zero
Filter by Reference Date,Filtrar por data de referência
Filter by invoice status,Filtrar por status da fatura
Filter on Invoice,Filtrar por fatura
Filter on Payment,Filtrar por pagamento
Filters for Material Requests,Filtros para Solicitações de Materiais
Filters for Sales Orders,Filtros para ordens de vendas
Filters missing,Filtros ausentes
Final BOM,Final BOM
Final Product,Produto Final
Finance Book Detail,Detalhe do livro financeiro
Finance Book Id,ID do livro financeiro
Finance Books,Livros de finanças
Financial Ratios,Índices Financeiros
Financial Report Row,Linha do relatório financeiro
Financial Report Template,Modelo de relatório financeiro
Financial Report Template {0} is disabled,O modelo de relatório financeiro {0} está desativado
Financial Report Template {0} not found,Modelo de relatório financeiro {0} não encontrado
Financial Year Begins On,O ano financeiro começa
Financial reports will be generated using GL Entry doctypes (should be enabled if Period Closing Voucher is not posted for all years sequentially or missing) ,Os relatórios financeiros serão gerados usando doctypes de entrada contábil (devem ser habilitados se o comprovante de encerramento do período não for lançado para todos os anos sequencialmente ou estiver faltando)
Finished Good BOM,Bom BOM finalizado
Finished Good Item,Bom item finalizado
Finished Good Item Qty,Quantidade de itens bons acabados
Finished Good Item Quantity,Quantidade de itens bons acabados
Finished Good Item is not specified for service item {0},O item de produto acabado não está especificado para o item de serviço {0}
Finished Good Item {0} Qty can not be zero,Item de produto acabado {0} A quantidade não pode ser zero
Finished Good Item {0} must be a sub-contracted item,O item de produto acabado {0} deve ser um item subcontratado
Finished Good Qty,Boa quantidade concluída
Finished Good Quantity ,Quantidade boa acabada
Finished Good Serial / Batch,Série/lote bem acabado
Finished Good UOM,Finalizado Bom UOM
Finished Good {0} does not have a default BOM.,Produto acabado {0} não tem uma BOM padrão.
Finished Good {0} is disabled.,Concluído Bem {0} está desativado.
Finished Good {0} must be a stock item.,Produto acabado {0} deve ser um item de estoque.
Finished Good {0} must be a sub-contracted item.,O Produto Acabado {0} deve ser um item subcontratado.
Finished Goods Based Operating Cost,Custo operacional baseado em produtos acabados
Finished Goods Item,Item de produtos acabados
Finished Goods Reference,Referência de produtos acabados
Finished Goods Return,Devolução de produtos acabados
Finished Goods Value,Valor dos produtos acabados
Finished Goods based Operating Cost,Custo operacional baseado em produtos acabados
Finished Item {0} does not match with Work Order {1},O item finalizado {0} não corresponde à ordem de serviço {1}
First Delivery Date,Primeira data de entrega
First Email,Primeiro e-mail
First Name,Primeiro nome
First Responded On,Primeira resposta em
First Response Due,Primeira resposta vencida
First Response SLA Failed by {},SLA de primeira resposta falhou por {}
Fiscal Year Details,Detalhes do ano fiscal
Fiscal Year {0} is not available for Company {1}.,O Ano Fiscal {0} não está disponível para a Empresa {1}.
Fix SABB Entry,Corrigir entrada SABB
Fixed,Fixo
Fixed Asset Account,Conta de ativo fixo
Fixed Asset Defaults,Padrões de ativos fixos
Fixed Asset Item must be a non-stock item.,O item de ativo fixo deve ser um item sem estoque.
Fixed Asset Turnover Ratio,Índice de rotatividade de ativos fixos
Fixed Asset item {0} cannot be used in BOMs.,O item de ativo fixo {0} não pode ser usado em BOMs.
Fixed Deposit Number,Número de depósito fixo
Fixed Outgoing Email Account,Conta de e-mail de saída fixa
Fixed Rate,Taxa Fixa
Fixed Time,Tempo Fixo
Float,Flutuador
Floor,Chão
Floor Name,Nome do Andar
Folio no.,Fólio nº.
Follow Calendar Months,Siga os meses do calendário
Following Material Requests have been raised automatically based on Item's re-order level,As seguintes solicitações de materiais foram geradas automaticamente com base no nível de novo pedido do item
"For 'Product Bundle' items, Warehouse, Serial No and Batch No will be considered from the 'Packing List' table. If Warehouse and Batch No are same for all packing items for any 'Product Bundle' item, those values can be entered in the main Item table, values will be copied to 'Packing List' table.","Para itens do 'Pacote de Produtos', o Armazém, o Nº de Série e o Nº do Lote serão considerados na tabela 'Lista de Embalagem'. Se o armazém e o número do lote forem iguais para todos os itens de embalagem de qualquer item do 'Pacote de produtos', esses valores poderão ser inseridos na tabela de itens principal, os valores serão copiados para a tabela 'Lista de embalagem'."
For All Stock Asset Accounts,Para todas as contas de ativos de ações
For Buying,Para comprar
For Company,Para empresa
For Item,Para item
For Item {0} cannot be received more than {1} qty against the {2} {3},Para o item {0} não pode ser recebido mais de {1} quantidade em relação ao {2} {3}
For Job Card,Para cartão de trabalho
For Operation,Para operação
For Price List,Para lista de preços
For Production,Para produção
For Quantity (Manufactured Qty) is mandatory,Para Quantidade (Qtd Fabricada) é obrigatório
For Raw Materials,Para matérias-primas
"For Return Invoices with Stock effect, '0' qty Items are not allowed. Following rows are affected: {0}","Para Notas Fiscais de Devolução com efeito de Estoque, não são permitidos itens com quantidade '0'. As seguintes linhas são afetadas: {0}"
For Selling,Para vender
For Work Order,Para ordem de serviço
For dunning fee and interest,Para taxa de cobrança e juros
"For e.g. 2012, 2012-13","Por exemplo 2012, 2012-13"
For how much spent = 1 Loyalty Point,Por quanto gasto = 1 ponto de fidelidade
For individual supplier,Para fornecedor individual
"For item <b>{0}</b>, only <b>{1}</b> asset have been created or linked to <b>{2}</b>. Please create or link <b>{3}</b> more asset with the respective document.","Para o item <b>{0}</b>, apenas <b>{1}</b> recurso foi criado ou vinculado a <b>{2}</b>. Crie ou vincule <b>{3}</b> mais recursos ao respectivo documento."
"For item {0}, rate must be a positive number. To Allow negative rates, enable {1} in {2}","Para o item {0}, a taxa deve ser um número positivo. Para permitir taxas negativas, ative {1} em {2}"
"For operation {0} at row {1}, please add raw materials or set a BOM against it.","Para a operação {0} na linha {1}, adicione matérias-primas ou defina uma lista técnica para elas."
For operation {0}: Quantity ({1}) can not be greater than pending quantity({2}),Para a operação {0}: a quantidade ({1}) não pode ser maior que a quantidade pendente ({2})
"For project - {0}, update your status","Para o projeto - {0}, atualize seu status"
"For projected and forecast quantities, the system will consider all child warehouses under the selected parent warehouse.","Para quantidades projetadas e previstas, o sistema considerará todos os armazéns secundários do armazém principal selecionado."
For quantity {0} should not be greater than allowed quantity {1},Para a quantidade {0} não deve ser maior que a quantidade permitida {1}
For reference,Para referência
For service item,Para item de serviço
For the 'Apply Rule On Other' condition the field {0} is mandatory,Para a condição 'Aplicar regra em outro' o campo {0} é obrigatório
"For the convenience of customers, these codes can be used in print formats like Invoices and Delivery Notes","Para comodidade dos clientes, estes códigos podem ser utilizados em formatos de impressão como Faturas e Guias de Entrega"
"For the item {0}, the consumed quantity should be {1} according to the BOM {2}.",Para o item {0} a quantidade consumida deverá ser {1} conforme BOM {2}.
"For the new {0} to take effect, would you like to clear the current {1}?","Para que o novo {0} entre em vigor, você gostaria de limpar o {1} atual?"
"For the {0}, no stock is available for the return in the warehouse {1}.","Para o {0}, não há estoque disponível para devolução no armazém {1}."
"For the {0}, the quantity is required to make the return entry","Para o {0}, a quantidade é necessária para efetuar o lançamento da devolução"
Force-Fetch Subscription Updates,Atualizações de assinatura de busca forçada
Forecast,Previsão
Forecast Demand,Demanda prevista
Forecast Qty,Quantidade prevista
Foreign Currency Translation Reserve,Reserva de conversão de moeda estrangeira
Foreign Trade Details,Detalhes do comércio exterior
Formula Based Criteria,Critérios Baseados em Fórmula
Formula or Account Filter,Fórmula ou filtro de conta
Forum Posts,Postagens no fórum
Forum URL,URL do fórum
Frappe School,Escola Frappé
Frappe Support,Suporte de ataque
Free Item,Item grátis
Free Item Rate,Taxa de item grátis
Free item code is not selected,O código do item gratuito não está selecionado
Free item not set in the pricing rule {0},Item gratuito não definido na regra de precificação {0}
Freeze Stocks Older Than (Days),Congelar ações com mais de (dias)
Frequency,Freqüência
Frequency To Collect Progress,Frequência para coletar progresso
Frequency of Depreciation (Months),Frequência de depreciação (meses)
Friday,Sexta-feira
From,De
From BOM,Da lista técnica
From BOM No,Da lista técnica não
From Company,Da empresa
From Corrective Job Card,Do cartão de trabalho corretivo
From Currency,Da moeda
From Customer,Do cliente
From Date,Da data
From Date and To Date are mandatory,Da data e até a data são obrigatórios
From Date and To Date are required,Data inicial e data final são obrigatórios
From Date cannot be greater than To Date.,A data inicial não pode ser maior que a data final.
From Date is mandatory,A partir da data é obrigatório
From Date should be within the Fiscal Year. Assuming From Date = {0},A data inicial deve estar dentro do ano fiscal. Supondo data inicial = {0}
From Date: {0} cannot be greater than To date: {1},Data inicial: {0} não pode ser maior que Data final: {1}
From Delivery Date,A partir da data de entrega
From Doctype,Do tipo de documento
From Due Date,A partir da data de vencimento
From Employee,Do Funcionário
From Employee is required while issuing Asset {0},Do Funcionário é obrigatório ao emitir o Ativo {0}
From External Ecomm Platform,Da plataforma Ecomm externa
From Fiscal Year cannot be greater than To Fiscal Year,Do Ano Fiscal não pode ser maior que Até o Ano Fiscal
From Folio No,Do Fólio nº
From Invoice Date,Da data da fatura
From No,Do não
From Package No.,Do Pacote No.
From Payment Date,A partir da data de pagamento
From Range,Do intervalo
From Reference Date,Da data de referência
From Shareholder,Do Acionista
From Template,Do modelo
From Time ,Do tempo
From Value,Do valor
From Voucher Detail No,Do detalhe do voucher não
From Voucher No,Do voucher não
From Voucher Type,Do tipo de voucher
From Warehouse,Do armazém
From and To dates are required,As datas De e Até são obrigatórias
From value must be less than to value in row {0},O valor From deve ser menor que o valor na linha {0}
Frozen,Congelado
Fuel Type,Tipo de combustível
Fuel UOM,UDM de combustível
Fulfilled,Cumprido
Fulfilment Deadline,Prazo de Cumprimento
Fulfilment Details,Detalhes de cumprimento
Fulfilment Status,Status de cumprimento
Fulfilment Terms,Termos de Cumprimento
Fulfilment Terms and Conditions,Termos e Condições de Cumprimento
Full Name,Nome completo
"Full Name, Email or Phone/Mobile of the user are mandatory to continue.","Nome Completo, E-mail ou Telefone/Celular do usuário são obrigatórios para continuar."
Full and Final Statement,Declaração completa e final
Fully Billed,Totalmente faturado
Fully Completed,Totalmente concluído
Fully Delivered,Totalmente entregue
Fully Paid,Totalmente pago
Furniture and Fixtures,Móveis e utensílios
Further cost centers can be made under Groups but entries can be made against non-Groups,"Outros centros de custo podem ser feitos em Grupos, mas as entradas podem ser feitas em relação a não-Grupos"
Further nodes can be only created under 'Group' type nodes,Outros nós só podem ser criados em nós do tipo 'Grupo'
Future date is not allowed,A data futura não é permitida
G - D,G-D
GENERAL LEDGER,REGISTRO GERAL
GL Balance,Saldo contábil
GL Entry Processing Status,Status de processamento de entrada contábil
GL reposting index,Índice de repostagem GL
GS1,GS1
GTIN,GTIN
GTIN-14,GTIN-14
Gain/Loss,Ganho/Perda
Gain/Loss Account on Asset Disposal,Conta de ganhos/perdas na alienação de ativos
Gain/Loss accumulated in foreign currency account. Accounts with '0' balance in either Base or Account currency,Ganho/Perda acumulado em conta em moeda estrangeira. Contas com saldo '0' na moeda base ou na moeda da conta
Gain/Loss already booked,Ganho/Perda já registrado
Gain/Loss from Revaluation,Ganho/perda de reavaliação
Gantt Chart,Gráfico de Gantt
Gantt chart of all tasks.,Gráfico de Gantt de todas as tarefas.
General,Em geral
General Settings,Configurações Gerais
General and Payment Ledger Comparison,Comparação de razão geral e de pagamento
General and Payment Ledger mismatch,Incompatibilidade geral e razão de pagamentos
Generate Demand,Gerar Demanda
Generate Demo Data for Exploration,Gerar dados de demonstração para exploração
Generate E-Invoice,Gerar fatura eletrônica
Generate Invoice At,Gerar fatura em
Generate New Invoices Past Due Date,Gerar novas faturas com data de vencimento vencida
Generate Schedule,Gerar cronograma
Generate Stock Closing Entry,Gerar entrada de fechamento de estoque
Generate To Delete List,Gerar para excluir lista
Generate To Delete list first,Gere a lista para excluir primeiro
"Generate packing slips for packages to be delivered. Used to notify package number, package contents and its weight.","Gere guias de remessa para pacotes a serem entregues. Usado para notificar o número do pacote, o conteúdo do pacote e seu peso."
Generated,Gerado
Generating Master Production Schedule...,Gerando Programa Mestre de Produção...
Generating Preview,Gerando visualização
Gerar proposta,Gerar proposta
Get Actual Demand,Obtenha a demanda real
Get Advances Paid,Receba adiantamentos pagos
Get Advances Received,Receba adiantamentos recebidos
Get Allocations,Obter alocações
Get Balance,Obtenha equilíbrio
Get Current Stock,Obtenha o estoque atual
Get Customer Group Details,Obtenha detalhes do grupo de clientes
Get Delivery Schedule,Obter cronograma de entrega
Get Entries,Obter inscrições
Get Finished Goods,Obtenha produtos acabados
Get Finished Goods for Manufacture,Obtenha produtos acabados para fabricação
Get Item Locations,Obtenha localizações de itens
Get Items,Obter itens
Get Items for Purchase / Transfer,Obter itens para compra/transferência
Get Items for Purchase Only,Obtenha itens apenas para compra
Get Latest Query,Obtenha a consulta mais recente
Get Material Request,Obter solicitação de material
Get Material Requests,Obtenha solicitações de materiais
Get Outstanding Invoices,Obtenha faturas pendentes
Get Outstanding Orders,Obtenha pedidos pendentes
Get Raw Materials Cost from Consumption Entry,Obtenha o custo das matérias-primas a partir da entrada de consumo
Get Sales Orders,Obter ordens de vendas
Get Secondary Items,Obtenha itens secundários
Get Started Sections,Seções de introdução
Get Stock,Obter estoque
Get Sub Assembly Items,Obtenha itens de submontagem
Get Timesheets,Obtenha planilhas de horas
Get stops from,Obter paradas de
Getting Secondary Items,Obtendo itens secundários
Gift Card,Vale-presente
Give free item for every N quantity,Dê item grátis para cada quantidade N
Go back,Volte
Go to {0} List,Vá para a lista {0}
Goal,Meta
Goods,Bens
Grace Period,Período de carência
Grade,Nota
Graduate,Diplomado
Grand Total (Company Currency,Total geral (moeda da empresa
Grand Total (Company Currency),Total geral (moeda da empresa)
Grand Total (Transaction Currency),Total geral (moeda da transação)
Grand Total must match sum of Payment References,O total geral deve corresponder à soma das referências de pagamento
Grant Commission,Comissão de Subvenção
Green,Verde
Greeting Message,Mensagem de saudação
Greeting Subtitle,Legenda de saudação
Greeting Title,Título da saudação
Greetings Section,Seção de Saudações
Gross Margin,Margem Bruta
Gross Margin %,Margem Bruta %
Gross Profit Percent,Porcentagem do lucro bruto
Gross Profit Ratio,Taxa de lucro bruto
Gross Total,Total Bruto
Gross Weight,Peso bruto
Gross Weight UOM,Peso Bruto UM
Group,Grupo
Group By,Agrupar por
Group Name,Nome do grupo
Group Same Items,Agrupar os mesmos itens
Group same items,Agrupar os mesmos itens
Growth View,Visão de crescimento
H - F,H-F
HR,RH
HR & Payroll,RH e folha de pagamento
HR & Payroll Settings,Configurações de RH e folha de pagamento
HR-DRI-.YYYY.-,HR-DRI-.AAAA.-
HR-EMP-,RH-EMP-
Half Yearly,Semestralmente
Half-yearly,Semestralmente
Handle Employee Advances,Lidar com adiantamentos de funcionários
Has Alternative Item,Tem item alternativo
Has Batch No,Não tem lote
Has Certificate ,Possui Certificado
Has Corrective Cost,Tem Custo Corretivo
Has Expiry Date,Tem data de validade
Has Item Scanned,O item foi digitalizado
Has Operating Cost,Tem custo operacional
Has Print Format,Possui formato de impressão
Has Priority,Tem prioridade
Has Serial No,Tem número de série
Has Subcontracted,Subcontratou
Has Unit Price Items,Possui itens de preço unitário
Has Variants,Tem variantes
Have Default Naming Series for Batch ID?,Tem série de nomenclatura padrão para ID de lote?
Heads (or groups) against which Accounting Entries are made and balances are maintained.,Chefes (ou grupos) contra os quais os lançamentos contábeis são feitos e os saldos são mantidos.
Health Details,Detalhes de saúde
Health Insurance,Seguro Saúde
Health Insurance No,Seguro de saúde Não
Health Insurance Provider,Provedor de seguro saúde
Height (cm),Altura (cm)
Help,Ajuda
Help Article,Artigo de ajuda
Help Articles,Artigos de ajuda
Help Section,Seção de Ajuda
Help Text,Texto de ajuda
Helps you distribute the Budget/Target across months if you have seasonality in your business.,Ajuda a distribuir o Orçamento/Meta pelos meses caso haja sazonalidade no seu negócio.
Here are the error logs for the aforementioned failed depreciation entries: {0},Aqui estão os registros de erros das entradas de depreciação com falha mencionadas acima: {0}
Here are the options to proceed:,Aqui estão as opções para prosseguir:
"Here you can maintain family details like name and occupation of parent, spouse and children","Aqui você pode manter detalhes da família, como nome e ocupação dos pais, cônjuge e filhos"
"Here you can maintain height, weight, allergies, medical concerns etc","Aqui você pode manter altura, peso, alergias, preocupações médicas, etc."
"Here, you can select a senior of this Employee. Based on this, Organization Chart will be populated.","Aqui, você pode selecionar um sênior deste Funcionário. Com base nisso, o Organograma será preenchido."
"Here, your weekly offs are pre-populated based on the previous selections. You can add more rows to also add public and national holidays individually.","Aqui, suas folgas semanais são pré-preenchidas com base nas seleções anteriores. Você pode adicionar mais linhas para adicionar feriados públicos e nacionais individualmente."
"Hi,","Oi,"
Hidden Line (Internal Use Only),Linha oculta (somente para uso interno)
Hidden list maintaining the list of contacts linked to Shareholder,Lista oculta mantendo a lista de contatos vinculados ao Acionista
Hide Currency Symbol,Ocultar símbolo monetário
Hide Customer's Tax ID from Sales Transactions,Ocultar NIF do cliente nas transações de vendas
Hide If Zero,Ocultar se for zero
Hide Images,Ocultar imagens
Hide Recent Orders,Ocultar pedidos recentes
Hide Unavailable Items,Ocultar itens indisponíveis
Hide this line if amount is zero,Oculte esta linha se o valor for zero
Hide timesheets,Ocultar planilhas de horas
High,Alto
"Higher the number, higher the priority","Quanto maior o número, maior a prioridade"
History In Company,História na empresa
Hold Type,Tipo de retenção
Holiday Date {0} added multiple times,Data do feriado {0} adicionada várias vezes
Holiday List Name,Nome da lista de feriados
Holidays,Feriados
Hour Rate,Taxa horária
Hours Spent,Horas gastas
How Pricing Rule is applied?,Como a regra de preços é aplicada?
How frequently?,Com que frequência?
How many units of the final product this BOM makes.,Quantas unidades do produto final esta lista técnica produz.
How often should Project and Company be updated based on Sales Transactions?,Com que frequência o Projeto e a Empresa devem ser atualizados com base nas Transações de Vendas?
How often should Project be updated of Total Purchase Cost ?,Com que frequência o Projeto deve ser atualizado do Custo Total de Compra?
How this line gets its data,Como esta linha obtém seus dados
How to format and present values in the financial report (only if different from column fieldtype),Como formatar e apresentar valores no relatório financeiro (somente se for diferente da coluna fieldtype)
Hrs,Horas
I - J,Eu - J
I - K,Eu - K
IBAN,IBAN
ID,ID
IMPORTANT: Create a backup before proceeding!,IMPORTANTE: Crie um backup antes de continuar!
IRS 1099,Receita Federal 1099
ISBN,ISBN
ISBN-10,ISBN-10
ISBN-13,ISBN-13
ISS-.YYYY.-,ISS-.AAAA.-
ISSN,ISSN
Id,Id
Identification of the package for the delivery (for print),Identificação da embalagem para entrega (para impressão)
Idle,Parado
"If ""Months"" is selected, a fixed amount will be booked as deferred revenue or expense for each month irrespective of the number of days in a month. It will be prorated if deferred revenue or expense is not booked for an entire month","Se ""Meses"" for selecionado, um valor fixo será contabilizado como receita ou despesa diferida para cada mês, independentemente do número de dias do mês. Será rateado se a receita ou despesa diferida não for contabilizada durante um mês inteiro"
If <b>Enabled</b> - Reconciliation happens on the <b>Advance Payment posting date</b><br>|||If <b>Disabled</b> - Reconciliation happens on oldest of 2 Dates: <b>Invoice Date</b> or the <b>Advance Payment posting date</b><br>|||,Se <b>Ativado</b> - A reconciliação ocorre na <b>Data de lançamento do Pagamento Antecipado</b><br>|||Se <b>Desativado</b> - A reconciliação ocorre na mais antiga das 2 Datas: <b>Data da Fatura</b> ou na <b>Data de lançamento do Pagamento Antecipado</b><br>|||
"If Auto Opt In is checked, then the customers will be automatically linked with the concerned Loyalty Program (on save)","Se Auto Opt In estiver marcado, os clientes serão automaticamente vinculados ao Programa de Fidelidade em questão (ao salvar)"
If Income or Expense,Se receita ou despesa
"If an operation is divided into sub operations, they can be added here.","Se uma operação for dividida em suboperações, elas poderão ser adicionadas aqui."
"If blank, parent Warehouse Account or company default will be considered in transactions","Se estiver em branco, a conta do armazém pai ou a inadimplência da empresa serão consideradas nas transações"
"If checked, Rejected Quantity will be included while making Purchase Invoice from Purchase Receipt.","Se marcada, a Quantidade Rejeitada será incluída ao fazer a Fatura de Compra a partir do Recibo de Compra."
"If checked, Stock will be reserved on <b>Submit</b>","Se marcada, o estoque será reservado em <b>Enviar</b>"
"If checked, picked qty won't automatically be fulfilled on submit of pick list.","Se marcada, a quantidade escolhida não será preenchida automaticamente no envio da lista de seleção."
"If checked, the tax amount will be considered as already included in the Paid Amount in Payment Entry","Se marcada, o valor do imposto será considerado como já incluído no Valor Pago no Lançamento de Pagamento"
"If checked, the tax amount will be considered as already included in the Print Rate / Print Amount","Se marcada, o valor do imposto será considerado como já incluído na Taxa de Impressão/Valor de Impressão"
"If checked, we will create demo data for you to explore the system. This demo data can be erased later.","Se marcado, criaremos dados de demonstração para você explorar o sistema. Esses dados de demonstração podem ser apagados posteriormente."
If different than customer address,Se for diferente do endereço do cliente
"If disable, 'In Words' field will not be visible in any transaction","Se desabilitado, o campo 'In Words' não ficará visível em nenhuma transação"
"If disable, 'Rounded Total' field will not be visible in any transaction","Se desabilitado, o campo 'Total Arredondado' não ficará visível em nenhuma transação"
If enabled then system won't apply the pricing rule on the delivery note which will be create from the pick list,"Se ativado, o sistema não aplicará a regra de preço na nota de entrega que será criada a partir da lista de seleção"
If enabled then system won't override the picked qty / batches / serial numbers / warehouse.,"Se ativado, o sistema não substituirá a quantidade/lotes/números de série/armazém separados."
"If enabled, a print of this document will be attached to each email","Se ativado, uma impressão deste documento será anexada a cada e-mail"
"If enabled, additional ledger entries will be made for discounts in a separate Discount Account","Se ativado, serão feitas entradas adicionais no razão para descontos em uma conta de desconto separada"
"If enabled, all files attached to this document will be attached to each email","Se ativado, todos os arquivos anexados a este documento serão anexados a cada e-mail"
"If enabled, do not update serial / batch values in the stock transactions on creation of auto Serial ||| / Batch Bundle. ","Se habilitado, não atualiza valores de série/lote nas transações de estoque na criação do Serial automático ||| / Pacote de lote."
"If enabled, formula for <b>Qty to Order</b>: <br>|||Required Qty (BOM) - <a href=""https://docs.frappe.io/erpnext/user/manual/en/projected-quantity"" rel=""noopener noreferrer"">Projected Qty</a>. <br> This helps avoid over-ordering.","Se ativado, fórmula para <b>Quantidade a ser solicitada</b>: <br>|||Quantidade necessária (BOM) - <a href=""https://docs.frappe.io/erpnext/user/manual/en/projected-quantity"" rel=""noopener noreferrer"">Quantidade projetada</a>. <br> Isso ajuda a evitar pedidos excessivos."
"If enabled, formula for <b>Required Qty</b>: <br>|||Required Qty (BOM) - <a href=""https://docs.frappe.io/erpnext/user/manual/en/projected-quantity"" rel=""noopener noreferrer"">Projected Qty</a>. <br> This helps avoid over-ordering.","Se ativado, fórmula para <b>Quantidade necessária</b>: <br>|||Quantidade necessária (BOM) - <a href=""https://docs.frappe.io/erpnext/user/manual/en/projected-quantity"" rel=""noopener noreferrer"">Quantidade projetada</a>. <br> Isso ajuda a evitar pedidos excessivos."
"If enabled, ledger entries will be posted for change amount in POS transactions","Se ativado, as entradas do razão serão lançadas para o valor da alteração nas transações de POS"
"If enabled, system will allow user to deliver the entire quantity of the finished goods produced against the Subcontracting Inward Order. If disabled, system will allow delivery of only the ordered quantity.","Se ativado, o sistema permitirá ao usuário entregar toda a quantidade de produtos acabados produzidos contra a Ordem de Entrada de Subcontratação. Se desativado, o sistema permitirá a entrega apenas da quantidade solicitada."
"If enabled, system will set incoming rate as zero for stand-alone credit notes with expired batch item.","Se ativado, o sistema definirá a taxa de entrada como zero para notas de crédito independentes com item de lote expirado."
"If enabled, the Secondary Items generated against a Finished Good will also be added in the Stock Entry when delivering that Finished Good.","Se habilitado, os Itens Secundários gerados em relação a um Produto Acabado também serão adicionados na Entrada de Estoque ao entregar esse Produto Acabado."
"If enabled, the consolidated invoices will have rounded total disabled","Se habilitado, as faturas consolidadas terão total arredondado desabilitado"
"If enabled, the item rate won't adjust to the valuation rate during internal transfers, but accounting will still use the valuation rate. This will allow the user to specify a different rate for printing or taxation purposes.","Se ativado, a taxa do item não se ajustará à taxa de avaliação durante as transferências internas, mas a contabilidade ainda usará a taxa de avaliação. Isso permitirá que o usuário especifique uma taxa diferente para fins de impressão ou tributação."
"If enabled, the source and target warehouse in the Material Transfer Stock Entry must be different else an error will be thrown. If inventory dimensions are present, same source and target warehouse can be allowed but atleast any one of the inventory dimension fields must be different.","Se ativado, o armazém de origem e de destino na entrada de estoque de transferência de materiais deverá ser diferente, caso contrário, um erro será gerado. Se as dimensões de estoque estiverem presentes, o mesmo armazém de origem e de destino poderá ser permitido, mas pelo menos qualquer um dos campos de dimensão de estoque deverá ser diferente."
"If enabled, the system will allow negative stock entries for the batch. But, this may lead to incorrect valuation rates, so it is recommended to avoid using this option. The system will permit negative stock only when it is caused by backdated entries and will validate and block negative stock in all other cases.","Se habilitado, o sistema permitirá entradas de estoque negativas para o lote. Porém, isso pode levar a taxas de avaliação incorretas, por isso é recomendável evitar o uso desta opção. O sistema permitirá estoque negativo somente quando for causado por lançamentos retroativos e validará e bloqueará estoque negativo em todos os demais casos."
"If enabled, the system will allow selecting UOMs in sales and purchase transactions only if the conversion rate is set in the item master.","Se habilitado, o sistema permitirá a seleção de UOMs nas transações de vendas e compras somente se a taxa de conversão estiver definida no cadastro de itens."
"If enabled, the system will allow users to edit the raw materials and their quantities in the Work Order. The system will not reset the quantities as per the BOM, if the user has changed them.","Se habilitado, o sistema permitirá aos usuários editar as matérias-primas e suas quantidades na Ordem de Serviço. O sistema não irá zerar as quantidades conforme a BOM, caso o usuário as tenha alterado."
"If enabled, the system will generate an accounting entry for materials rejected in the Purchase Receipt.","Se habilitado, o sistema irá gerar um lançamento contábil para materiais rejeitados no Recibo de Compra."
"If enabled, the system will use the inventory account set in the Item Master or Item Group or Brand. Otherwise, it will use the inventory account set in the Warehouse.","Se ativado, o sistema usará a conta de inventário definida no Cadastro de Itens ou Grupo de Itens ou Marca. Caso contrário, utilizará a conta de inventário definida no Armazém."
"If enabled, the system will use the moving average valuation method to calculate the valuation rate for the batched items and will not consider the individual batch-wise incoming rate.","Se ativado, o sistema usará o método de avaliação de média móvel para calcular a taxa de avaliação dos itens em lote e não considerará a taxa de entrada individual por lote."
"If enabled, then system will only validate the pricing rule and not apply automatically. User has to manually set the discount percentage / margin / free items to validate the pricing rule","Se ativado, o sistema apenas validará a regra de precificação e não a aplicará automaticamente. O usuário deve definir manualmente a porcentagem de desconto/margem/itens gratuitos para validar a regra de precificação"
"If enabled, this row's values will be displayed on financial charts","Se ativado, os valores desta linha serão exibidos em gráficos financeiros"
"If enabled, user will be alerted before resetting posting date to current date in relevant transactions","Se ativado, o usuário será alertado antes de redefinir a data de lançamento para a data atual em transações relevantes"
"If item is a variant of another item then description, image, pricing, taxes etc will be set from the template unless explicitly specified","Se o item for uma variante de outro item, a descrição, a imagem, o preço, os impostos, etc. serão definidos no modelo, a menos que seja explicitamente especificado"
"If items in stock, proceed with Material Transfer or Purchase.","Se houver itens em estoque, prossiga com Transferência de Material ou Compra."
"If mentioned, the system will allow only the users with this Role to create or modify any stock transaction earlier than the latest stock transaction for a specific item and warehouse. If set as blank, it allows all users to create/edit back-dated transactions.","Se mencionado, o sistema permitirá que apenas os usuários com esta função criem ou modifiquem qualquer transação de estoque anterior à última transação de estoque para um item e armazém específicos. Se definido em branco, permite que todos os usuários criem/editem transações com datas anteriores."
If more than one package of the same type (for print),Se houver mais de um pacote do mesmo tipo (para impressão)
"If multiple Pricing Rules continue to prevail, users are asked to set Priority manually to resolve conflict.","Se várias regras de preços continuarem a prevalecer, os usuários serão solicitados a definir a prioridade manualmente para resolver o conflito."
"If no taxes are set, and Taxes and Charges Template is selected, the system will automatically apply the taxes from the chosen template.","Se nenhum imposto for definido e o Modelo de Impostos e Encargos for selecionado, o sistema aplicará automaticamente os impostos do modelo escolhido."
"If not, you can Cancel / Submit this entry","Caso contrário, você pode cancelar/enviar esta entrada"
"If party does not exist, create it using the Customer Name field.","Se a parte não existir, crie-a usando o campo Nome do Cliente."
"If party does not exist, create it using the Supplier Name field.","Caso a parte não exista, crie-a utilizando o campo Nome do Fornecedor."
"If rate is zero then item will be treated as ""Free Item""","Se a taxa for zero, o item será tratado como ""Item Grátis"""
"If selected Pricing Rule is made for 'Rate', it will overwrite Price List. Pricing Rule rate is the final rate, so no further discount should be applied. Hence, in transactions like Sales Order, Purchase Order etc, it will be fetched in 'Rate' field, rather than 'Price List Rate' field.","Se a Regra de Preços selecionada for definida como 'Taxa', ela substituirá a Lista de Preços. A taxa da Regra de Preços é a taxa final, portanto nenhum desconto adicional deve ser aplicado. Portanto, em transações como Ordem de vendas, Pedido de Compra, etc., ele será buscado no campo 'Taxa', ao invés do campo 'Taxa da Lista de Preços'."
"If set, the system does not use the user's Email or the standard outgoing Email account for sending request for quotations.","Se definido, o sistema não utiliza o e-mail do usuário ou a conta de e-mail de saída padrão para enviar solicitação de cotação."
"If the BOM results in Scrap material, the Scrap Warehouse needs to be selected.","Se a BOM resultar em material de sucata, o armazém de sucata deverá ser selecionado."
"If the account is frozen, entries are allowed to restricted users.","Se a conta estiver congelada, as entradas serão permitidas para usuários restritos."
"If the item is transacting as a Zero Valuation Rate item in this entry, please enable 'Allow Zero Valuation Rate' in the {0} Item table.","Se o item estiver sendo negociado como um item com taxa de avaliação zero nesta entrada, ative 'Permitir taxa de avaliação zero' na tabela de itens {0}."
"If the reorder check is set at the Group warehouse level, the available quantity becomes the sum of the projected quantities of all its child warehouses.","Se a verificação de novo pedido for definida no nível do armazém do Grupo, a quantidade disponível se tornará a soma das quantidades projetadas de todos os seus armazéns secundários."
"If the selected BOM has Operations mentioned in it, the system will fetch all Operations from BOM, these values can be changed.","Caso a BOM selecionada possua Operações mencionadas nela, o sistema irá buscar todas as Operações da BOM, esses valores podem ser alterados."
"If there is no assigned timeslot, then communication will be handled by this group","Se não houver intervalo de tempo atribuído, a comunicação será tratada por este grupo"
"If there is no title column, use the code column for the title.","Se não houver coluna de título, use a coluna de código para o título."
"If this checkbox is checked, paid amount will be splitted and allocated as per the amounts in payment schedule against each payment term","Se esta caixa de seleção estiver marcada, o valor pago será dividido e alocado de acordo com os valores no calendário de pagamento para cada condição de pagamento"
If this is checked subsequent new invoices will be created on calendar  month and quarter start dates irrespective of current invoice start date,"Se esta opção estiver marcada, novas faturas subsequentes serão criadas nas datas de início do mês e do trimestre, independentemente da data de início da fatura atual"
If this is unchecked Journal Entries will be saved in a Draft state and will have to be submitted manually,"Se esta opção estiver desmarcada, os lançamentos contábeis manuais serão salvos em estado de rascunho e deverão ser enviados manualmente"
"If this is unchecked, direct GL entries will be created to book deferred revenue or expense","Se esta opção estiver desmarcada, lançamentos contábeis diretos serão criados para contabilizar receitas ou despesas diferidas"
If this is undesirable please cancel the corresponding Payment Entry.,"Se isso for indesejável, cancele o lançamento de pagamento correspondente."
"If this item has variants, then it cannot be selected in sales orders etc.","Se este item tiver variantes, ele não poderá ser selecionado em ordens de vendas, etc."
"If this option is configured 'Yes', ERPNext will prevent you from creating a Purchase Invoice or Receipt without creating a Purchase Order first. This configuration can be overridden for a particular supplier by enabling the 'Allow Purchase Invoice Creation Without Purchase Order' checkbox in the Supplier master.","Se esta opção estiver configurada como 'Sim', o ERPNext impedirá que você crie uma Fatura ou Recibo de Compra sem antes criar um Pedido de Compra. Esta configuração pode ser substituída para um determinado fornecedor ativando a caixa de seleção 'Permitir criação de fatura de compra sem pedido de compra' no cadastro de fornecedores."
"If this option is configured 'Yes', ERPNext will prevent you from creating a Purchase Invoice without creating a Purchase Receipt first. This configuration can be overridden for a particular supplier by enabling the 'Allow Purchase Invoice Creation Without Purchase Receipt' checkbox in the Supplier master.","Se esta opção estiver configurada como 'Sim', o ERPNext impedirá que você crie uma Fatura de Compra sem antes criar um Recibo de Compra. Esta configuração pode ser substituída para um determinado fornecedor ativando a caixa de seleção 'Permitir criação de fatura de compra sem recibo de compra' no cadastro de fornecedores."
"If ticked, the BOM cost will be automatically updated based on Valuation Rate / Price List Rate / last purchase rate of raw materials.","Se marcado, o custo da lista técnica será atualizado automaticamente com base na Taxa de avaliação/Taxa da lista de preços/Taxa da última compra de matéria-prima."
"If two or more Pricing Rules are found based on the above conditions, Priority is applied. Priority is a number between 0 to 20 while default value is zero (blank). Higher number means it will take precedence if there are multiple Pricing Rules with same conditions.","Se duas ou mais Regras de Preços forem encontradas com base nas condições acima, a Prioridade será aplicada. A prioridade é um número entre 0 e 20, enquanto o valor padrão é zero (em branco). Um número mais alto significa que terá precedência se houver várias Regras de Preços com as mesmas condições."
"If unlimited expiry for the Loyalty Points, keep the Expiry Duration empty or 0.","Se a validade dos Pontos de Fidelidade for ilimitada, mantenha a Duração de Validade vazia ou 0."
"If yes, then this warehouse will be used to store rejected materials","Se sim, então este armazém será usado para armazenar materiais rejeitados"
"If you are maintaining stock of this Item in your Inventory, ERPNext will make a stock ledger entry for each transaction of this item.","Se você estiver mantendo estoque deste Item em seu Inventário, o ERPNext fará um lançamento no livro razão de estoque para cada transação deste item."
"If you need to reconcile particular transactions against each other, then please select accordingly. If not, all the transactions will be allocated in FIFO order.","Se você precisar reconciliar transações específicas entre si, selecione adequadamente. Caso contrário, todas as transações serão alocadas na ordem FIFO."
"If you still want to proceed, please disable 'Skip Available Sub Assembly Items' checkbox.","Se você ainda quiser prosseguir, desative a caixa de seleção 'Ignorar itens de submontagem disponíveis'."
"If you still want to proceed, please enable {0}.","Se você ainda quiser continuar, ative {0}."
"If you want to run operations in parallel, keep the same sequence ID for them.","Se você quiser executar operações em paralelo, mantenha o mesmo ID de sequência para elas."
"If you {0} {1} quantities of the item {2}, the scheme {3} will be applied on the item.","Se você {0} {1} quantidades do item {2}, o esquema {3} será aplicado ao item."
"If you {0} {1} worth item {2}, the scheme {3} will be applied on the item.","Se você {0} {1} vale o item {2}, o esquema {3} será aplicado ao item."
"If your CSV uses a different delimiter, add that character here, ensuring no spaces or additional characters are included.","Se o seu CSV usar um delimitador diferente, adicione esse caractere aqui, garantindo que nenhum espaço ou caractere adicional seja incluído."
Ignore,Ignorar
Ignore Account Closing Balance,Ignorar saldo de fechamento da conta
Ignore Closing Balance,Ignorar saldo final
Ignore Default Payment Terms Template,Ignorar modelo de termos de pagamento padrão
Ignore Employee Time Overlap,Ignorar a sobreposição de tempo dos funcionários
Ignore Empty Stock,Ignorar estoque vazio
Ignore Exchange Rate Revaluation and Gain / Loss Journals,Ignorar reavaliação da taxa de câmbio e diários de ganhos/perdas
Ignore Is Opening check for reporting,Ignorar está abrindo verificação para relatórios
Ignore Pricing Rule,Ignorar regra de preços
Ignore Pricing Rule is enabled. Cannot apply coupon code.,Ignorar regra de preços está ativado. Não é possível aplicar o código do cupom.
Ignore System Generated Credit / Debit Notes,Ignorar notas de crédito/débito geradas pelo sistema
Ignore Tax Withholding Threshold,Ignorar Limite de Retenção de Imposto
Ignore User Time Overlap,Ignorar a sobreposição de tempo do usuário
Ignore Voucher Type filter and Select Vouchers Manually,Ignorar filtro de tipo de voucher e selecionar vouchers manualmente
Ignore Workstation Time Overlap,Ignorar a sobreposição de tempo da estação de trabalho
Ignores legacy Is Opening field in GL Entry that allows adding opening balance post the system is in use while generating reports,Ignora o campo legado Is Opening na entrada GL que permite adicionar saldo inicial após o sistema estar em uso ao gerar relatórios
Image View,Visualização de imagem
"Image in the description has been removed. To disable this behavior, uncheck ""{0}"" in {1}.","A imagem na descrição foi removida. Para desativar esse comportamento, desmarque ""{0}"" em {1}."
Impairment,Imparidade
Import,Importar
Import Chart of Accounts from a csv file,Importar plano de contas de um arquivo csv
Import Employees,Importar funcionários
Import Genericode File,Importar arquivo de código genérico
Import Invoices,Importar faturas
Import Log,Registro de importação
Import MT940 Fromat,Importar MT940 deat
Import Progress,Progresso da importação
Import Summary,Resumo de importação
Import Type,Tipo de importação
Import Using CSV file,Importar usando arquivo CSV
Import completed. {0} common codes created.,Importação concluída. {0} códigos comuns criados.
Imported {0} DocTypes,{0} tipos de documentos importados
Importing Common Codes,Importando códigos comuns
"Importing {0} of {1}, {2}","Importando {0} de {1}, {2}"
In House,Em casa
In Mins,Em minutos
In Minutes,Em minutos
In Party Currency,Na moeda do partido
In Percentage,Em porcentagem
In Process,Em processo
In Progress,Em andamento
In Qty,Em quantidade
In Stock,Em estoque
In Transit Transfer,Em transferência de trânsito
In Transit Warehouse,Em Armazém de Trânsito
In Words,Em palavras
In Words (Company Currency),Em palavras (moeda da empresa)
In Words (Export) will be visible once you save the Delivery Note.,Em Words (Exportar) ficará visível assim que você salvar a Nota de Entrega.
In Words will be visible once you save the Delivery Note.,Em Words ficará visível assim que você salvar a Nota de Entrega.
In Words will be visible once you save the Sales Invoice.,O Words ficará visível assim que você salvar a Nota Fiscal de Venda.
In Words will be visible once you save the Sales Order.,O Words ficará visível assim que você salvar a Ordem de vendas.
In mins,Em minutos
In minutes,Em minutos
"In row {0} of Appointment Booking Slots: ""To Time"" must be later than ""From Time"".","Na linha {0} dos horários de reserva de compromisso: ""Hora final"" deve ser posterior a ""Hora inicial""."
"In the case of multi-tier program, Customers will be auto assigned to the concerned tier as per their spent","No caso do programa multinível, os clientes serão atribuídos automaticamente ao nível em questão de acordo com o valor gasto"
"In this section, you can define Company-wide transaction-related defaults for this Item. Eg. Default Warehouse, Default Price List, Supplier, etc.","Nesta seção, você pode definir padrões relacionados a transações para toda a empresa para este item. Por exemplo. Armazém padrão, lista de preços padrão, fornecedor, etc."
Inactive,Inativo
Inactive Status,Status inativo
Include Account Currency,Incluir moeda da conta
Include Ageing Summary,Incluir resumo de envelhecimento
Include Closed Orders,Incluir pedidos fechados
Include Default FB Assets,Incluir ativos FB padrão
Include Disabled,Incluir desativado
Include Expired Batches,Incluir lotes expirados
Include Item In Manufacturing,Incluir item na fabricação
Include Non Stock Items,Incluir itens que não estão em estoque
Include Payment,Incluir pagamento
Include Payment (POS),Incluir Pagamento (POS)
Include Reconciled Entries,Incluir entradas reconciliadas
Include Returned Invoices (Stand-alone),Incluir faturas devolvidas (autônomo)
Include Safety Stock in Required Qty Calculation,Incluir estoque de segurança no cálculo da quantidade necessária
Include Sub-assembly Raw Materials,Incluir matérias-primas de submontagem
Include Subcontracted Items,Incluir itens subcontratados
Include Timesheets in Draft Status,Incluir planilhas de horas no status de rascunho
Include Zero Stock Items,Incluir itens de estoque zero
Include in Charts,Incluir em gráficos
Include in gross,Incluir no bruto
Included Fee,Taxa incluída
Included fee is bigger than the withdrawal itself.,A taxa incluída é maior do que o próprio saque.
Including items for sub assemblies,Incluindo itens para submontagens
Incoming,Entrada
Incoming Call Handling Schedule,Programação de tratamento de chamadas recebidas
Incoming Call Settings,Configurações de chamadas recebidas
Incoming Rate (Costing),Taxa de entrada (custo)
Incompatible Setting Detected,Configuração incompatível detectada
Incorrect Account,Conta incorreta
Incorrect Balance Qty After Transaction,Quantidade de saldo incorreta após a transação
Incorrect Batch Consumed,Lote incorreto consumido
Incorrect Check in (group) Warehouse for Reorder,Check-in incorreto no armazém (grupo) para novo pedido
Incorrect Company,Empresa incorreta
Incorrect Component Quantity,Quantidade incorreta de componentes
Incorrect Invoice,Fatura incorreta
Incorrect Payment Type,Tipo de pagamento incorreto
Incorrect Reference Document (Purchase Receipt Item),Documento de referência incorreto (item de recibo de compra)
Incorrect Serial No Valuation,Série incorreta sem avaliação
Incorrect Serial Number Consumed,Número de série incorreto consumido
Incorrect Serial and Batch Bundle,Pacote de série e lote incorreto
Incorrect Stock Value Report,Relatório de valor de estoque incorreto
Incorrect Type of Transaction,Tipo incorreto de transação
Incorrect number of General Ledger Entries found. You might have selected a wrong Account in the transaction.,Número incorreto de lançamentos contábeis encontrados. Você pode ter selecionado uma conta errada na transação.
Incoterm,Incoterms
Increase In Asset Life (Months),Aumento na vida útil dos ativos (meses)
Increase In Asset Life(Months),Aumento na vida útil dos ativos (meses)
Increment,Incremento
Indent,Recuar
Indent Level,Nível de recuo
"Indentation level: 0 = Main heading, 1 = Sub-category, 2 = Individual accounts, etc.","Nível de recuo: 0 = Título principal, 1 = Subcategoria, 2 = Contas individuais, etc."
Indicates that the package is a part of this delivery (Only Draft),Indica que o pacote faz parte desta entrega (somente rascunho)
Indicator Color,Cor do Indicador
Indirect Expense,Despesa Indireta
Individual GL Entry cannot be cancelled.,A entrada contábil individual não pode ser cancelada.
Individual Stock Ledger Entry cannot be cancelled.,A entrada individual no razão de estoque não pode ser cancelada.
Industry,Indústria
Industry Type,Tipo de indústria
Initial Email Notification Sent,Notificação inicial por e-mail enviada
Initialize Summary Table,Inicializar tabela de resumo
Inspection Rejected,Inspeção rejeitada
Inspection Required before Delivery,Inspeção necessária antes da entrega
Inspection Required before Purchase,Inspeção necessária antes da compra
Inspection Submission,Envio de inspeção
Inspection Type,Tipo de inspeção
Installation Date,Data de instalação
Installation Note Item,Item de nota de instalação
Installation Status,Status de instalação
Installation Time,Tempo de instalação
Installation date cannot be before delivery date for Item {0},A data de instalação não pode ser anterior à data de entrega do Item {0}
Installed Qty,Quantidade instalada
Instruction,Instrução
Instructions,Instruções
Insufficient Capacity,Capacidade insuficiente
Insufficient Stock for Batch,Estoque insuficiente para lote
Insufficient Stock for Product Bundle Items,Estoque insuficiente para itens do pacote de produtos
Insurance,Seguro
Insurance Company,Companhia de seguros
Insurance Details,Detalhes do seguro
Insurance End Date,Data de término do seguro
Insurance Start Date,Data de início do seguro
Insurance Start date should be less than Insurance End date,A data de início do seguro deve ser inferior à data de término do seguro
Insured value,Valor segurado
Insurer,Segurador
Integration Details,Detalhes de integração
Integration ID,ID de integração
Inter Company Invoice Reference,Referência de fatura entre empresas
Inter Company Journal Entry,Lançamento contábil entre empresas
Inter Company Journal Entry Reference,Referência de lançamento contábil entre empresas
Inter Company Order Reference,Referência de pedido entre empresas
Inter Company Purchase Order,Pedido de compra entre empresas
Inter Company Reference,Referência Interempresa
Inter Company Sales Order,Ordem de vendas entre empresas
Inter Transfer Reference,Referência entre transferências
Interest,Interesse
Interest Expense,Despesas de juros
Interest Income,Receita de juros
Interest and/or dunning fee,Taxa de juros e/ou cobrança
Interest on Fixed Deposits,Juros sobre depósitos fixos
Internal,Interno
Internal Customer Accounting,Contabilidade de Cliente Interno
Internal Customer for company {0} already exists,O cliente interno da empresa {0} já existe
Internal Purchase Order,Ordem de Compra Interna
Internal Sale or Delivery Reference missing.,Falta referência interna de venda ou entrega.
Internal Sales Order,Ordem de vendas interna
Internal Sales Reference Missing,Referência de vendas internas ausente
Internal Supplier Accounting,Contabilidade Interna de Fornecedores
Internal Supplier for company {0} already exists,O fornecedor interno da empresa {0} já existe
Internal Transfer Reference Missing,Referência de transferência interna ausente
Internal Transfers,Transferências Internas
Internal Work History,Histórico de Trabalho Interno
Internal transfers can only be done in company's default currency,As transferências internas só podem ser feitas na moeda padrão da empresa
Interval should be between 1 to 59 MInutes,O intervalo deve ser entre 1 a 59 minutos
Introduction,Introdução
Invalid,Inválido
Invalid Accounting Dimension,Dimensão contábil inválida
Invalid Allocated Amount,Valor alocado inválido
Invalid Amount,Valor inválido
Invalid Auto Repeat Date,Data de repetição automática inválida
Invalid Barcode. There is no Item attached to this barcode.,Código de barras inválido. Não há nenhum item anexado a este código de barras.
Invalid Blanket Order for the selected Customer and Item,Pedido de cobertura inválido para o cliente e item selecionado
Invalid CSV format. Expected column: doctype_name,Formato CSV inválido. Coluna esperada: doctype_name
Invalid Company Field,Campo da empresa inválido
Invalid Cost Center,Centro de custo inválido
Invalid Credentials,Credenciais inválidas
Invalid Customer Group,Grupo de clientes inválido
Invalid Delivery Date,Data de entrega inválida
Invalid Discount,Desconto inválido
Invalid Discount Amount,Valor de desconto inválido
Invalid Document,Documento inválido
Invalid Document Type,Tipo de documento inválido
Invalid Filter,Filtro inválido
Invalid Formula,Fórmula inválida
Invalid Group By,Agrupar por inválido
Invalid Item Defaults,Padrões de itens inválidos
Invalid Ledger Entries,Entradas contábeis inválidas
Invalid Net Purchase Amount,Valor líquido de compra inválido
Invalid Primary Role,Função principal inválida
Invalid Print Format,Formato de impressão inválido
Invalid Priority,Prioridade inválida
Invalid Process Loss Configuration,Configuração inválida de perda de processo
Invalid Purchase Invoice,Fatura de compra inválida
Invalid Qty,Quantidade inválida
Invalid Query,Consulta inválida
Invalid Return,Retorno inválido
Invalid Sales Invoices,Faturas de vendas inválidas
Invalid Schedule,Programação inválida
Invalid Serial and Batch Bundle,Pacote de série e lote inválido
Invalid Source and Target Warehouse,Armazém de origem e destino inválidos
Invalid URL,URL inválido
Invalid Warehouse,Armazém inválido
Invalid amount in accounting entries of {} {} for Account {}: {},Valor inválido nos lançamentos contábeis de {} {} para a conta {}: {}
Invalid file URL,URL de arquivo inválido
Invalid filter formula. Please check the syntax.,"Fórmula de filtro inválida. Por favor, verifique a sintaxe."
"Invalid lost reason {0}, please create a new lost reason","Motivo de perda inválido {0}, crie um novo motivo de perda"
Invalid parameter. 'dn' should be of type str,Parâmetro inválido. 'dn' deve ser do tipo str
Invalid result key. Response:,Chave de resultado inválida. Resposta:
Invalid search query,Consulta de pesquisa inválida
Invalid value {0} for {1} against account {2},Valor inválido {0} para {1} na conta {2}
Inventory,Inventário
Inventory Account Currency,Moeda da conta de estoque
Inventory Dimension,Dimensão de estoque
Inventory Dimension Negative Stock,Dimensão de estoque Estoque negativo
Inventory Dimension key,Chave de dimensão de inventário
Inventory Settings,Configurações de inventário
Inventory Turnover Ratio,Taxa de rotatividade de estoque
Inventory Valuation,Avaliação de estoque
Invoice Cancellation,Cancelamento de fatura
Invoice Date,Data da fatura
Invoice Document Type Selection Error,Erro na seleção do tipo de documento de fatura
Invoice ID,ID da fatura
Invoice Limit,Limite de fatura
Invoice Number,Número da fatura
Invoice Paid,Fatura paga
Invoice Portion (%),Parcela da fatura (%)
Invoice Series,Série de faturas
Invoice Status,Status da fatura
Invoice Type,Tipo de fatura
Invoice Type Created via POS Screen,Tipo de fatura criada via tela POS
Invoice and Billing,Fatura e cobrança
Invoiced Amount (Excl. Tax),Valor faturado (excluindo impostos)
Invoiced Qty,Quantidade faturada
Invoices and Payments have been Fetched and Allocated,Faturas e pagamentos foram buscados e alocados
Invoicing Features,Recursos de faturamento
Inward,Para dentro
Is Account Payable,A conta a pagar
Is Active,Está ativo
Is Additional Item,É item adicional
Is Additional Transfer Entry,É entrada de transferência adicional
Is Adjustment Entry,É entrada de ajuste
Is Advance,É Avançado
Is Alternative,É alternativa
Is Billable,É faturável
Is Cancelled,Foi cancelado
Is Cash or Non Trade Discount,É dinheiro ou desconto não comercial
Is Company,É empresa
Is Company Account,É conta corporativa
Is Consolidated,Está consolidado
Is Container,É contêiner
Is Corrective Job Card,É cartão de trabalho corretivo
Is Corrective Operation,É operação corretiva
Is Cumulative,É cumulativo
Is Customer Provided Item,O item é fornecido pelo cliente
Is Default Account,É conta padrão
Is Default Language,É o idioma padrão
Is Delivery Note Required for Sales Invoice Creation?,A nota de entrega é necessária para a criação da fatura de vendas?
Is Discounted,Está com desconto
Is Exchange Gain / Loss?,É ganho/perda cambial?
Is Expandable,É expansível
Is Final Finished Good,O acabamento final é bom
Is Finished Item,É item finalizado
Is Fixed Asset,É ativo fixo
Is Free Item,É um item grátis
Is Fully Depreciated,Está totalmente depreciado
Is Group Warehouse,Armazém do Grupo
Is Half Day,É meio dia
Is Internal Customer,É cliente interno
Is Internal Supplier,É fornecedor interno
Is Legacy,É legado
Is Legacy Scrap Item,É um item de sucata herdado
Is Mandatory,É obrigatório
Is Milestone,É um marco
Is Old Subcontracting Flow,É um antigo fluxo de subcontratação
Is Opening,Está abrindo
Is Opening Entry,Está abrindo entrada
Is Outward,É externo
Is Packed,Está embalado
Is Paid,É pago
Is Paused,Está pausado
Is Period Closing Voucher Entry,É a entrada do voucher de encerramento do período
Is Phantom BOM,É Fantasma BOM
Is Phantom Item,É item fantasma
Is Purchase Order Required for Purchase Invoice & Receipt Creation?,O pedido de compra é necessário para a criação de fatura e recibo de compra?
Is Purchase Receipt Required for Purchase Invoice Creation?,O recibo de compra é necessário para a criação da fatura de compra?
Is Rate Adjustment Entry (Debit Note),É lançamento de ajuste de taxa (nota de débito)
Is Recursive,É recursivo
Is Rejected,Foi rejeitado
Is Rejected Warehouse,É armazém rejeitado
Is Return (Credit Note),É Retorno (Nota de Crédito)
Is Return (Debit Note),É Devolução (Nota de Débito)
Is Sales Order Required for Sales Invoice & Delivery Note Creation?,A ordem de vendas é necessária para a criação de faturas de vendas e notas de entrega?
Is Short/Long Year,É um ano curto/longo
Is Stock Item,É item de estoque
Is Sub Assembly Item,É item de subconjunto
Is Subcontracted,É subcontratado
Is Subcontracted Item,É item subcontratado
Is System Generated,O sistema é gerado
Is Tax Withholding Account,É conta de retenção de imposto
Is Template,É modelo
Is Transporter,É transportador
Is a Subscription,É uma assinatura
Is created using POS,É criado usando POS
Is this Tax included in Basic Rate?,Este Imposto está incluído na Tarifa Básica?
Issue Analytics,Análise de problemas
Issue Credit Note,Emitir nota de crédito
Issue Date,Data de emissão
Issue Split From,Divisão de problema de
Issue Summary,Resumo do problema
Issue Type,Tipo de problema
Issue a debit note with 0 qty against an existing Sales Invoice,Emitir uma nota de débito com quantidade 0 em relação a uma fatura de venda existente
Issuing Date,Data de emissão
It can take upto few hours for accurate stock values to be visible after merging items.,Pode levar algumas horas para que os valores precisos do estoque fiquem visíveis após a mesclagem dos itens.
It is needed to fetch Item Details.,É necessário para buscar detalhes do item.
"It's not possible to distribute charges equally when total amount is zero, please set 'Distribute Charges Based On' as 'Quantity'",Não é possível distribuir encargos igualmente quando o valor total é zero. Defina 'Distribuir encargos com base em' como 'Quantidade'
Italic Text,Texto em itálico
Italic text for subtotals or notes,Texto em itálico para subtotais ou notas
Item,Item
Item 3,Artigo 3
Item 4,Item 4
Item 5,Artigo 5
Item Attribute Value,Valor do atributo do item
Item Attribute Values,Valores de atributos de item
Item Cart,Carrinho de itens
Item Code (Final Product),Código do item (produto final)
Item Code > Item Group > Brand,Código do item > Grupo de itens > Marca
Item Code cannot be changed for Serial No.,O código do item não pode ser alterado para o número de série.
Item Code required at Row No {0},Código do item obrigatório na linha nº {0}
Item Code: {0} is not available under warehouse {1}.,Código do item: {0} não está disponível no armazém {1}.
Item Default,Padrão do item
Item Defaults,Padrões de itens
Item Description,Descrição do item
Item Details,Detalhes do item
Item Group Defaults,Padrões de grupo de itens
Item Group Name,Nome do grupo de itens
Item Group not mentioned in item master for item {0},Grupo de itens não mencionado no cadastro de itens do item {0}
Item Group wise Discount,Desconto por grupo de itens
Item Groups,Grupos de itens
Item Image (if not slideshow),Imagem do item (se não for apresentação de slides)
Item Information,Informações do item
Item Lead Time,Prazo de entrega do item
Item Locations,Locais de itens
Item Manufacturer,Fabricante de itens
Item Naming By,Nomeação de itens por
Item Out of Stock,Item fora de estoque
Item Price Added for {0} in Price List {1},Preço do item adicionado por {0} na lista de preços {1}
Item Price Settings,Configurações de preço do item
Item Price added for {0} in Price List {1},Preço do item adicionado para {0} na lista de preços {1}
"Item Price appears multiple times based on Price List, Supplier/Customer, Currency, Item, Batch, UOM, Qty, and Dates.","O preço do item aparece várias vezes com base na lista de preços, fornecedor/cliente, moeda, item, lote, UOM, quantidade e datas."
Item Reference,Referência do item
Item Row,Linha de itens
Item Serial No,Número de série do item
Item Tax Amount Included in Value,Valor do imposto do item incluído no valor
Item Tax Rate,Taxa de imposto sobre itens
Item Tax Row {0} must have account of type Tax or Income or Expense or Chargeable,A linha de imposto do item {0} deve ter uma conta do tipo Imposto ou Renda ou Despesa ou Cobrável
Item Tax Row {0}: Account must belong to Company - {1},Linha fiscal do item {0}: a conta deve pertencer à empresa - {1}
Item To Manufacture,Item a ser fabricado
Item Variant,Variante de item
Item Variant Attribute,Atributo de variante de item
Item Variant Details,Detalhes da variante do item
Item Variant {0} already exists with same attributes,A variante de item {0} já existe com os mesmos atributos
Item Variants updated,Variantes de itens atualizadas
Item Warehouse based reposting has been enabled.,A transferência baseada no Item Warehouse foi habilitada.
Item Weight Details,Detalhes de peso do item
Item Wise Tax Detail,Detalhe fiscal do item
Item Wise Tax Details,Detalhes fiscais do item
Item Wise Tax Details do not match with Taxes and Charges at the following rows:,Os detalhes fiscais do item não correspondem aos impostos e encargos nas seguintes linhas:
Item and Warehouse,Item e Armazém
Item and Warranty Details,Detalhes do item e da garantia
Item for row {0} does not match Material Request,O item da linha {0} não corresponde à solicitação de material
Item has variants.,O item possui variantes.
Item is mandatory in Raw Materials table.,Item obrigatório na tabela Matérias-Primas.
Item is removed since no serial / batch no selected.,O item foi removido porque nenhum número de série/lote foi selecionado.
Item name,Nome do item
Item operation,Operação de itens
Item qty can not be updated as raw materials are already processed.,A quantidade do item não pode ser atualizada porque as matérias-primas já foram processadas.
Item rate has been updated to zero as Allow Zero Valuation Rate is checked for item {0},"A taxa do item foi atualizada para zero, pois a opção Permitir taxa de avaliação zero está marcada para o item {0}"
Item to Manufacture,Item a ser fabricado
Item valuation rate is recalculated considering landed cost voucher amount,A taxa de avaliação do item é recalculada considerando o valor do comprovante de custo no destino
Item valuation reposting in progress. Report might show incorrect item valuation.,Relançamento de avaliação de item em andamento. O relatório pode mostrar uma avaliação incorreta do item.
Item variant {0} exists with same attributes,A variante do item {0} existe com os mesmos atributos
Item {0} added multiple times under the same parent item {1} at rows {2} and {3},Item {0} adicionado diversas vezes no mesmo item pai {1} nas linhas {2} e {3}
Item {0} cannot be added as a sub-assembly of itself,O item {0} não pode ser adicionado como uma submontagem dele mesmo
Item {0} cannot be ordered more than {1} against Blanket Order {2}.,O item {0} não pode ser pedido mais do que {1} em relação ao Pedido Geral {2}.
Item {0} does not exist,O item {0} não existe
Item {0} does not exist in the system or has expired,O item {0} não existe no sistema ou expirou
Item {0} does not exist.,O item {0} não existe.
Item {0} entered multiple times.,Item {0} inserido diversas vezes.
Item {0} has already been returned,O item {0} já foi devolvido
Item {0} has been disabled,O item {0} foi desativado
Item {0} has no Serial No. Only serialized items can have delivery based on Serial No,O item {0} não tem número de série. Somente itens serializados podem ter entrega com base no número de série
Item {0} has reached its end of life on {1},O item {0} atingiu o fim de sua vida útil em {1}
Item {0} ignored since it is not a stock item,Item {0} ignorado porque não é um item de estoque
Item {0} is already reserved/delivered against Sales Order {1}.,O item {0} já está reservado/entregue na ordem de vendas {1}.
Item {0} is cancelled,O item {0} foi cancelado
Item {0} is disabled,O item {0} está desativado
Item {0} is not a serialized Item,O item {0} não é um item serializado
Item {0} is not a stock Item,O item {0} não é um item de estoque
Item {0} is not a subcontracted item,O item {0} não é um item subcontratado
Item {0} is not active or end of life has been reached,O item {0} não está ativo ou o fim da vida útil foi atingido
Item {0} must be a Non-Stock Item,O item {0} deve ser um item sem estoque
Item {0} must be a Sub-contracted Item,O item {0} deve ser um item subcontratado
Item {0} must be a non-stock item,O item {0} deve ser um item sem estoque
Item {0} not found in 'Raw Materials Supplied' table in {1} {2},Item {0} não encontrado na tabela 'Matérias-Primas Fornecidas' em {1} {2}
Item {0} not found.,Item {0} não encontrado.
Item {0}: Ordered qty {1} cannot be less than minimum order qty {2} (defined in Item).,Item {0}: A quantidade solicitada {1} não pode ser inferior à quantidade mínima de pedido {2} (definida no Item).
Item {0}: {1} qty produced. ,Item {0}: {1} quantidade produzida.
Item {} does not exist.,O item {} não existe.
Item/Item Code required to get Item Tax Template.,Código do item/item necessário para obter o modelo de imposto do item.
Item: {0} does not exist in the system,Item: {0} não existe no sistema
Items cannot be updated as Subcontracting Inward Order(s) exist against this Subcontracted Sales Order.,"Os itens não podem ser atualizados, pois existem pedidos de entrada de subcontratação em relação a esta ordem de vendas subcontratada."
Items cannot be updated as Subcontracting Order is created against the Purchase Order {0}.,Os itens não podem ser atualizados porque a Ordem de Subcontratação é criada em relação à Ordem de Compra {0}.
Items not found.,Itens não encontrados.
Items rate has been updated to zero as Allow Zero Valuation Rate is checked for the following items: {0},"A taxa de itens foi atualizada para zero, pois a opção Permitir taxa de avaliação zero está marcada para os seguintes itens: {0}"
Items to Be Repost,Itens a serem repassados
Items to Reserve,Itens para reservar
Items under this warehouse will be suggested,Itens neste armazém serão sugeridos
Items {0} do not exist in the Item master.,Os itens {0} não existem no item mestre.
Itemwise Discount,Desconto por item
Itemwise Recommended Reorder Level,Nível de novo pedido recomendado por item
Itens,Itens
JAN,JANEIRO
Job Applicant,Candidato a emprego
Job Capacity,Capacidade de trabalho
Job Card Item,Item de cartão de trabalho
Job Card Operation,Operação de cartão de trabalho
Job Card Scheduled Time,Horário agendado do cartão de trabalho
Job Card Secondary Item,Item secundário do cartão de trabalho
Job Card and Capacity Planning,Cartão de trabalho e planejamento de capacidade
Job Card {0} has been completed,O Cartão de Trabalho {0} foi concluído
Job Cards,Cartões de trabalho
Job Paused,Trabalho pausado
Job Started,Trabalho iniciado
Job Title,Cargo
Job Worker,Trabalhador de trabalho
Job Worker Address,Endereço do trabalhador
Job Worker Address Details,Detalhes do endereço do funcionário
Job Worker Contact,Contato do trabalhador
Job Worker Currency,Moeda do trabalhador
Job Worker Delivery Note,Nota de entrega do trabalhador
Job Worker Name,Nome do trabalhador
Job Worker Warehouse,Armazém de trabalhadores
Job: {0} has been triggered for processing failed transactions,Tarefa: {0} foi acionado para processar transações com falha
Joining,Juntando-se
Journal Entries,Lançamentos de diário
Journal Entry Type,Tipo de lançamento contábil manual
Journal Entry for Asset scrapping cannot be cancelled. Please restore the Asset.,"O lançamento contábil manual para sucateamento de ativos não pode ser cancelado. Por favor, restaure o ativo."
Journal Entry for Scrap,Lançamento contábil para sucata
Journal Entry type should be set as Depreciation Entry for asset depreciation,O tipo de lançamento contábil manual deve ser definido como lançamento de depreciação para depreciação de ativos
Journal entries have been created,Lançamentos de diário foram criados
Journals,Diários
Kanban Board,Quadro Kanban
"Keep Track of Sales Campaigns. Keep track of Leads, Quotations, Sales Order etc from Campaigns to gauge Return on Investment. ","Acompanhe as campanhas de vendas. Acompanhe leads, cotações, ordens de vendas, etc. de campanhas para avaliar o retorno do investimento."
Keyboard Shortcuts,Atalhos de teclado
Kindly cancel the Manufacturing Entries first against the work order {0}.,"Por favor, cancele primeiro as Entradas de Fabricação na ordem de serviço {0}."
LIFO,LIFO
Landed Cost,Custo final
Landed Cost Help,Ajuda sobre custo final
Landed Cost Id,ID do custo final
Landed Cost Report,Relatório de custo final
Landed Cost Vendor Invoice,Fatura do fornecedor com custo final
Landed Cost Voucher Amount,Valor do voucher de custo final
Landscape,Paisagem
Language,Linguagem
Lapsed,Caducado
Last Carbon Check,Última verificação de carbono
Last Completion Date,Última data de conclusão
Last GL Entry update was done {}. This operation is not allowed while system is actively being used. Please wait for 5 minutes before retrying.,A última atualização da entrada GL foi feita {}. Esta operação não é permitida enquanto o sistema estiver sendo usado ativamente. Aguarde 5 minutos antes de tentar novamente.
Last Integration Date,Data da última integração
Last Name,Sobrenome
Last Scanned Warehouse,Último armazém digitalizado
Last Stock Transaction for item {0} under warehouse {1} was on {2}.,A última transação de estoque do item {0} no armazém {1} foi em {2}.
Last transacted,Última transação
Latitude,Latitude
Lead,Liderar
Lead -> Prospect,Lead -> Cliente potencial
Lead Count,Contagem de leads
Lead Details,Detalhes do lead
Lead Name,Nome do lead
Lead Owner,Proprietário principal
Lead Owner Efficiency,Eficiência do proprietário principal
Lead Owner cannot be same as the Lead Email Address,O proprietário do lead não pode ser igual ao endereço de e-mail do lead
Lead Time,Tempo de espera
Lead Time Date,Data do prazo de entrega
Lead Time Days,Dias de Prazo de Entrega
Lead Time in days,Prazo de entrega em dias
Lead Type,Tipo de lead
Lead {0} has been added to prospect {1}.,O lead {0} foi adicionado ao cliente potencial {1}.
Leads,Pistas
"Leads help you get business, add all your contacts and more as your leads","Os leads ajudam você a fazer negócios, adicionar todos os seus contatos e muito mais como leads"
"Learn about <a href=""https://docs.frappe.io/erpnext/user/manual/en/common_party_accounting"" rel=""noopener noreferrer"">Common Party</a>","Saiba mais sobre a <a href=""https://docs.frappe.io/erpnext/user/manual/en/common_party_accounting"" rel=""noopener noreferrer"">Parte Comum</a>"
Leave Approver,Deixar aprovador
Leave Block List,Sair da lista de bloqueios
Leave Encashed?,Sair do Encashed?
"Leave blank for home.|||This is relative to site URL, for example ""about"" will redirect to ""https://yoursitename.com/about""","Deixe em branco para a página inicial.|||Isso é relativo ao URL do site, por exemplo, ""about"" redirecionará para ""https://yoursitename.com/about"""
Leave blank if the Supplier is blocked indefinitely,Deixe em branco se o Fornecedor estiver bloqueado por tempo indeterminado
Leave blank to use the standard Delivery Note format,Deixe em branco para usar o formato padrão da Nota de Entrega
Ledger,Razão
Ledger Health,Integridade do razão
Ledger Health Monitor,Monitor de integridade do razão
Ledger Health Monitor Company,Empresa de Monitor de Saúde Ledger
Ledger Merge,Mesclagem de razão
Ledger Merge Accounts,Mesclar contas contábeis
Ledger Type,Tipo de razão
Ledgers Posted,Razões lançadas
Left Child,Criança Esquerda
Left Index,Índice Esquerdo
Legacy Fields,Campos legados
Legal,Jurídico
Legal Entity / Subsidiary with a separate Chart of Accounts belonging to the Organization.,Pessoa Jurídica/Controlada com Plano de Contas separado pertencente à Organização.
Legend,Lenda
Length,Comprimento
Length (cm),Comprimento (cm)
Letter Head,Cabeçalho
Letter or Email Body Text,Texto do corpo da carta ou e-mail
Letter or Email Closing Text,Texto de encerramento de carta ou e-mail
Level,Nível
Level (BOM),Level (BOM)
Lft,Esquerda
License Details,Detalhes da licença
License Number,Número de licença
License Plate,Matrícula
Likes,Curtidas
Limit timeslot for Stock Reposting,Limite de intervalo de tempo para transferência de estoque
Limited to 12 characters,Limitado a 12 caracteres
Limits don't apply on,Os limites não se aplicam
Line Reference,Referência de linha
Line spacing for amount in words,Espaçamento entre linhas para quantidade em palavras
Link,Link
Link Options,Opções de links
Link a new bank account,Vincular uma nova conta bancária
Link existing Quality Procedure.,Vincular o procedimento de qualidade existente.
Link with Customer,Link com o cliente
Link with Supplier,Link com fornecedor
Linked Invoices,Faturas vinculadas
Linked with submitted documents,Vinculado aos documentos enviados
Linking Failed,Falha na vinculação
Linking to Customer Failed. Please try again.,"Falha na vinculação ao cliente. Por favor, tente novamente."
Linking to Supplier Failed. Please try again.,"Falha na vinculação ao fornecedor. Por favor, tente novamente."
Links,Ligações
Liquidity Ratios,Índices de liquidez
List items that form the package.,Liste os itens que formam o pacote.
Load All Criteria,Carregar todos os critérios
Loading Invoices! Please Wait...,"Carregando faturas! Por favor, aguarde..."
Loading import file...,Carregando arquivo de importação...
Loan,Empréstimo
Loan End Date,Data de término do empréstimo
Loan Period (Days),Período do empréstimo (dias)
Loan Start Date,Data de início do empréstimo
Local,Local
Location,Localização
Location Details,Detalhes do local
Location Name,Nome do local
Locked,Bloqueado
Log Entries,Entradas de registro
Log the selling and buying rate of an Item,Registrar a taxa de venda e compra de um item
Logo,Logotipo
Long-term Provisions,Disposições de longo prazo
Longitude,Longitude
Lost Quotations,Cotações perdidas
Lost Quotations %,% de cotações perdidas
Lost Reasons are required in case opportunity is Lost.,Os motivos de perda são necessários caso a oportunidade seja perdida.
Lost Value,Valor perdido
Lost Value %,% de valor perdido
Low,Baixo
Loyalty Amount,Valor de fidelidade
Loyalty Points Redemption,Resgate de pontos de fidelidade
"Loyalty Points will be calculated from the spent done (via the Sales Invoice), based on collection factor mentioned.","Os Pontos Fidelidade serão calculados a partir dos gastos realizados (via Nota Fiscal de Venda), com base no fator de cobrança mencionado."
Loyalty Program Help,Ajuda do programa de fidelidade
Loyalty Program Name,Nome do programa de fidelidade
Loyalty Program Tier,Nível do programa de fidelidade
Loyalty Program Type,Tipo de programa de fidelidade
MAT-DN-.YYYY.-,MAT-DN-.AAAA.-
MAT-DN-RET-.YYYY.-,MAT-DN-RET-.AAAA.-
MAT-DT-.YYYY.-,MAT-DT-.AAAA.-
MAT-INS-.YYYY.-,MAT-INS-.AAAA.-
MAT-LCV-.YYYY.-,MAT-LCV-.AAAA.-
MAT-MR-.YYYY.-,MAT-MR-.AAAA.-
MAT-MSH-.YYYY.-,MAT-MSH-.AAAA.-
MAT-MVS-.YYYY.-,MAT-MVS-.AAAA.-
MAT-PAC-.YYYY.-,MAT-PAC-.AAAA.-
MAT-PR-RET-.YYYY.-,MAT-PR-RET-.AAAA.-
MAT-PRE-.YYYY.-,MAT-PRÉ-.AAAA.-
MAT-QA-.YYYY.-,MAT-QA-.AAAA.-
MAT-RECO-.YYYY.-,MAT-RECO-.AAAA.-
MAT-SCR-.YYYY.-,MAT-SCR-.AAAA.-
MAT-SCR-RET-.YYYY.-,MAT-SCR-RET-.AAAA.-
MAT-STE-.YYYY.-,MAT-STE-.AAAA.-
MFG-BLR-.YYYY.-,MFG-BLR-.AAAA.-
MFG-PP-.YYYY.-,MFG-PP-.AAAA.-
MFG-WO-.YYYY.-,MFG-WO-.AAAA.-
MPS,MPS
MPS Generated,MPS gerado
MPS.YY.-.######,MPS.AA.-.######
MRP Log documents are being created in the background.,Os documentos de log MRP estão sendo criados em segundo plano.
MT940 file detected. Please enable 'Import MT940 Format' to proceed.,Arquivo MT940 detectado. Ative 'Importar formato MT940' para continuar.
Machine Type,Tipo de máquina
Machine malfunction,Mau funcionamento da máquina
Machine operator errors,Erros do operador da máquina
Main Cost Center,Centro de Custo Principal
Main Cost Center {0} cannot be entered in the child table,O centro de custo principal {0} não pode ser inserido na tabela filha
Main Item Code,Código do item principal
Maintain Asset,Manter ativo
Maintain Same Rate Throughout Internal Transaction,Mantenha a mesma taxa durante toda a transação interna
Maintain Same Rate Throughout Sales Cycle,Mantenha a mesma taxa durante todo o ciclo de vendas
Maintain Same Rate Throughout the Purchase Cycle,Mantenha a mesma taxa durante todo o ciclo de compra
Maintain Stock,Manter estoque
Maintenance Date,Data de manutenção
Maintenance Details,Detalhes de manutenção
Maintenance Log,Registro de manutenção
Maintenance Manager,Gerente de Manutenção
Maintenance Manager Name,Nome do Gerente de Manutenção
Maintenance Required,Manutenção necessária
Maintenance Role,Função de manutenção
Maintenance Schedule Item,Item do cronograma de manutenção
Maintenance Status,Status de manutenção
Maintenance Status has to be Cancelled or Completed to Submit,O status de manutenção deve ser cancelado ou concluído para ser enviado
Maintenance Task,Tarefa de Manutenção
Maintenance Tasks,Tarefas de Manutenção
Maintenance Team,Equipe de Manutenção
Maintenance Team Members,Membros da equipe de manutenção
Maintenance Team Name,Nome da equipe de manutenção
Maintenance Time,Tempo de manutenção
Maintenance Type,Tipo de manutenção
Maintenance User,Usuário de manutenção
Major/Optional Subjects,Disciplinas principais/opcionais
Make Asset Movement,Faça movimentação de ativos
Make Depreciation Entry,Faça lançamento de depreciação
Make Difference Entry,Faça a diferença
Make Lead Time,Faça o prazo de entrega
Make Payment via Journal Entry,Efetue o pagamento por meio de lançamento contábil manual
Make Purchase / Work Order,Fazer Compra/Ordem de Serviço
Make Purchase Invoice,Fazer fatura de compra
Make Quotation,Fazer cotação
Make Return Entry,Fazer entrada de devolução
Make Sales Invoice,Fazer fatura de vendas
Make Serial No / Batch from Work Order,Faça o número de série/lote da ordem de serviço
Make Subcontracting PO,Fazer pedido de subcontratação
Make Transfer Entry,Fazer entrada de transferência
Make a call,Faça uma chamada
Make {0} Variant,Faça {0} variante
Make {0} Variants,Faça {0} variantes
Making Journal Entries against advance accounts: {0} is not recommended. These Journals won't be available for Reconciliation.,Fazer lançamentos contábeis manuais em contas antecipadas: {0} não é recomendado. Esses Diários não estarão disponíveis para Reconciliação.
Manage,Gerenciar
Manage cost of operations,Gerenciar custos de operações
Manage sales partner's and sales team's commissions,Gerenciar comissões de parceiros de vendas e equipes de vendas
Management,Gerenciamento
Mandatory,Obrigatório
Mandatory Accounting Dimension,Dimensão Contábil Obrigatória
Mandatory Field,Campo Obrigatório
Mandatory For Balance Sheet,Obrigatório para Balanço
Mandatory For Profit and Loss Account,Obrigatório para conta de lucros e perdas
Mandatory Section,Seção Obrigatória
Manual,Manual
Manual Inspection,Inspeção Manual
Manufacture against Material Request,Fabricação mediante solicitação de material
Manufactured Qty,Quantidade fabricada
Manufacturers used in Items,Fabricantes usados ​​em itens
Manufacturing BOM,Lista técnica de fabricação
Manufacturing Date,Data de fabricação
Manufacturing Quantity is mandatory,A quantidade de fabricação é obrigatória
Manufacturing Section,Seção de Fabricação
Manufacturing Time,Tempo de fabricação
Manufacturing Type,Tipo de fabricação
Mapping Subcontracting Inward Order ...,Mapeando ordem de entrada de subcontratação ...
Mapping Subcontracting Order ...,Mapeando Ordem de Subcontratação...
Mapping {0} ...,Mapeando {0}...
Margin,Margem
Margin Money,Margem de dinheiro
Margin Rate or Amount,Taxa ou valor de margem
Margin Type,Tipo de margem
Margin View,Visualização de margem
Marital Status,Estado civil
Mark As Closed,Marcar como fechado
Marketing,Marketing
Married,Casado
Mask,Máscara
Master,Mestre
Master Production Schedule,Cronograma Mestre de Produção
Master Production Schedule Item,Item do cronograma mestre de produção
Material,Material
Material Consumption for Manufacture,Consumo de Material para Fabricação
Material Issue,Questão material
Material Request Detail,Detalhe da solicitação de material
Material Request Item,Item de solicitação de material
Material Request Plan Item,Item de plano de solicitação de material
Material Request Type,Tipo de solicitação de material
Material Request already created for the ordered quantity,Solicitação de material já criada para a quantidade solicitada
Material Request of maximum {0} can be made for Item {1} against Sales Order {2},Solicitação de material de no máximo {0} pode ser feita para o item {1} em relação à ordem de vendas {2}
Material Request used to make this Stock Entry,Solicitação de Material utilizada para fazer esta Entrada de Estoque
Material Requested,Material solicitado
Material Requests,Solicitações de Materiais
Material Requests for which Supplier Quotations are not created,Solicitações de materiais para as quais não são criadas cotações de fornecedores
Material Requirements Planning Report,Relatório de planejamento de necessidades de materiais
Material Returned from WIP,Material devolvido do WIP
Material Transfer (In Transit),Transferência de Material (Em Trânsito)
Material Transfer for Manufacture,Transferência de Material para Fabricação
Material Transferred,Material transferido
Material Transferred for Manufacture,Material transferido para fabricação
Material Transferred for Manufacturing,Material transferido para fabricação
Material Transferred for Subcontract,Material transferido para subcontratação
Material from Customer,Material do Cliente
Materials are already received against the {0} {1},Os materiais já foram recebidos contra o {0} {1}
Materials needs to be transferred to the work in progress warehouse for the job card {0},Os materiais precisam ser transferidos para o depósito de trabalho em andamento para a ficha de trabalho {0}
Max Amount,Valor máximo
Max Amt,Escritório máximo
Max Discount (%),Desconto máximo (%)
Max Grade,Nota máxima
Max Producible Qty,Quantidade máxima produzida
Max Qty,Quantidade máxima
Max Qty (As Per Stock UOM),Quantidade máxima (conforme UOM de estoque)
Max Sample Quantity,Quantidade máxima de amostra
Max Score,Pontuação máxima
Max discount allowed for item: {0} is {1}%,O desconto máximo permitido para o item: {0} é {1}%
Max: {0},Máx.: {0}
Maximum Invoice Amount,Valor máximo da fatura
Maximum Net Rate,Taxa Líquida Máxima
Maximum Payment Amount,Valor máximo de pagamento
Maximum Producible Items,Máximo de itens produzíveis
Maximum Samples - {0} can be retained for Batch {1} and Item {2}.,Máximo de Amostras - {0} podem ser retidas para o Lote {1} e o Item {2}.
Maximum Samples - {0} have already been retained for Batch {1} and Item {2} in Batch {3}.,Máximo de Amostras - {0} já foram retidas para o Lote {1} e o Item {2} no Lote {3}.
Maximum Use,Uso Máximo
Maximum Value,Valor Máximo
Maximum discount for Item {0} is {1}%,O desconto máximo para o item {0} é de {1}%
Maximum quantity scanned for item {0}.,Quantidade máxima digitalizada para o item {0}.
Maximum sample quantity that can be retained,Quantidade máxima de amostra que pode ser retida
Medium,Médio
Mention if non-standard Receivable account,Mencionar se a conta a receber não for padrão
Mention if non-standard payable account,Mencionar se a conta a pagar não for padrão
Mention if non-standard receivable account applicable,Mencione se uma conta a receber fora do padrão é aplicável
Menu,Menu
Merge Invoices Based On,Mesclar faturas com base em
Merge Progress,Mesclar progresso
Merge Similar Account Heads,Mesclar chefes de contas semelhantes
Merge taxes from multiple documents,Mesclar impostos de vários documentos
Merge with existing,Mesclar com existente
Merged,Mesclado
"Merging is only possible if following properties are same in both records. Is Group, Root Type, Company and Account Currency","A mesclagem só é possível se as propriedades a seguir forem iguais em ambos os registros. É grupo, tipo raiz, moeda da empresa e da conta"
Merging {0} of {1},Mesclando {0} de {1}
Message,Mensagem
Message Sent,Mensagem enviada
Message for Supplier,Mensagem para Fornecedor
Message to show,Mensagem para mostrar
Message will be sent to the users to get their status on the Project,Mensagem será enviada aos usuários para obter seu status no Projeto
Messages greater than 160 characters will be split into multiple messages,Mensagens com mais de 160 caracteres serão divididas em várias mensagens
Messaging CRM Campaign,Campanha de mensagens CRM
Min Amount,Valor mínimo
Min Amt,Meu condado
Min Amt can not be greater than Max Amt,O valor mínimo não pode ser maior que o valor máximo
Min Grade,Minha nota
Min Order Qty,Quantidade mínima do pedido
Min Qty,Quantidade mínima
Min Qty (As Per Stock UOM),Quantidade mínima (conforme UOM de estoque)
Min Qty can not be greater than Max Qty,A Quantidade mínima não pode ser maior que a Quantidade máxima
Min Qty should be greater than Recurse Over Qty,A quantidade mínima deve ser maior que a quantidade recursiva
"Min Value: {0}, Max Value: {1}, in Increments of: {2}","Valor mínimo: {0}, Valor máximo: {1}, em incrementos de: {2}"
Minimum Invoice Amount,Valor Mínimo da Fatura
Minimum Lead Age (Days),Idade mínima de lead (dias)
Minimum Net Rate,Taxa Líquida Mínima
Minimum Order Qty,Quantidade mínima de pedido
Minimum Order Quantity,Quantidade mínima de pedido
Minimum Payment Amount,Valor Mínimo de Pagamento
Minimum Qty,Quantidade mínima
Minimum Total Spent,Total Mínimo Gasto
Minimum Value,Valor Mínimo
Minimum quantity should be as per Stock UOM,A quantidade mínima deve ser conforme a UDM do estoque
Minute,Minuto
Minutes,Minutos
Mismatch,Incompatibilidade
Missing,Ausente
Missing Asset,Ativo ausente
Missing Cost Center,Centro de custo ausente
Missing Default in Company,Falta de inadimplência na empresa
Missing Filters,Filtros ausentes
Missing Finance Book,Livro financeiro desaparecido
Missing Finished Good,Faltando bem acabado
Missing Formula,Fórmula ausente
Missing Item,Item ausente
Missing Parameter,Parâmetro ausente
Missing Payments App,Aplicativo de pagamentos ausente
Missing Serial No Bundle,Pacote sem série ausente
Missing Values Required,Valores ausentes obrigatórios
Missing Warehouse,Armazém ausente
Missing email template for dispatch. Please set one in Delivery Settings.,Modelo de e-mail ausente para envio. Defina um em Configurações de entrega.
Missing required filter: {0},Filtro obrigatório ausente: {0}
Missing value,Valor ausente
Mixed Conditions,Condições Mistas
Mobile,Móvel
Model,Modelo
Modes of Payment,Modos de pagamento
Modified By,Modificado por
Modified On,Modificado em
Module (for Export),Módulo (para exportação)
Moeda,Moeda
Monday,Segunda-feira
Monitor for Last 'X' days,Monitorar os últimos 'X' dias
Monitoring Frequency,Frequência de monitoramento
Month,Mês
Month(s) after the end of the invoice month,Mês(es) após o final do mês da fatura
Monthly,Mensal
Monthly Distribution Percentages,Percentagens de distribuição mensal
Monthly Rate,Taxa Mensal
Monthly Sales Target,Meta mensal de vendas
Months,Meses
More Info,Mais informações
More/Less than 12 months.,Mais/Menos de 12 meses.
Move,Mover
Move Stock,Mover estoque
Move to Cart,Mover para o carrinho
Movement,Movimento
Moving Average,Média Móvel
Moving up in tree ...,Subindo na árvore...
Multi-level BOM Creator,Criador de BOM multinível
Multiple Loyalty Programs found for Customer {}. Please select manually.,Vários programas de fidelidade encontrados para o cliente {}. Selecione manualmente.
Multiple POS Opening Entry,Múltipla entrada de abertura de POS
Multiple Tier Program,Programa de vários níveis
Multiple company fields available: {0}. Please select manually.,Vários campos de empresa disponíveis: {0}. Selecione manualmente.
Multiple fiscal years exist for the date {0}. Please set company in Fiscal Year,"Existem vários anos fiscais para a data {0}. Por favor, defina a empresa no ano fiscal"
Multiple items cannot be marked as finished item,Vários itens não podem ser marcados como item finalizado
Must be a publicly accessible Google Sheets URL and adding Bank Account column is necessary for importing via Google Sheets,Deve ser um URL do Planilhas Google acessível publicamente e é necessário adicionar a coluna Conta bancária para importação por meio do Planilhas Google
Mute Email,Silenciar e-mail
My Filter,Meu filtro
N/A,N / D
Name,Nome
Name and Employee ID,Nome e ID do funcionário
Name of Beneficiary,Nome do Beneficiário
Name of the Monthly Distribution,Nome da Distribuição Mensal
Named Place,Lugar nomeado
Naming Series,Série de nomenclatura
Naming Series Prefix,Prefixo da série de nomenclatura
Naming Series and Price Defaults,Nomenclatura de séries e padrões de preços
Naming Series is mandatory,A nomenclatura da série é obrigatória
Naming series '{0}' for DocType '{1}' does not contain standard '.' or '{{' separator. Using fallback extraction.,A nomenclatura da série '{0}' para DocType '{1}' não contém o padrão '.' ou separador '{{'. Usando extração de fallback.
Natural Gas,Gás natural
Negative Batch Report,Relatório de lote negativo
Negative Stock Error,Erro de estoque negativo
Net Amount,Valor líquido
Net Amount (Company Currency),Valor Líquido (Moeda da Empresa)
Net Hour Rate,Taxa horária líquida
Net Profit Ratio,Taxa de lucro líquido
Net Purchase Amount,Valor líquido da compra
Net Purchase Amount is mandatory,O valor líquido da compra é obrigatório
Net Purchase Amount should be <b>equal</b> to purchase amount of one single Asset.,O Valor Líquido da Compra deve ser <b>igual</b> ao valor da compra de um único Ativo.
Net Purchase Amount {0} cannot be depreciated over {1} cycles.,O Valor Líquido de Compra {0} não pode ser depreciado em {1} ciclos.
Net Rate,Taxa Líquida
Net Rate (Company Currency),Taxa Líquida (Moeda da Empresa)
Net Total (Company Currency),Total Líquido (Moeda da Empresa)
Net Weight,Peso Líquido
Net Weight UOM,Peso Líquido UM
Net total calculation precision loss,Perda total líquida de precisão de cálculo
New,Novo
New Asset Value,Novo valor de ativo
New Balance In Account Currency,Novo saldo na moeda da conta
New Balance In Base Currency,Novo saldo na moeda base
New Event,Novo Evento
New Exchange Rate,Nova taxa de câmbio
New Expenses,Novas despesas
New Fiscal Year - {0},Novo ano fiscal - {0}
New Income,Nova renda
New Invoice,Nova fatura
New Journal Entry will be posted for the difference amount. The Posting Date can be modified.,Um novo lançamento contábil manual será lançado no valor da diferença. A data de lançamento pode ser modificada.
New Note,Nova nota
New Purchase Invoice,Nova fatura de compra
New Purchase Orders,Novos pedidos de compra
New Quotations,Novas cotações
New Sales Invoice,Nova fatura de vendas
New Sales Orders,Novas ordens de vendas
New Serial No cannot have Warehouse. Warehouse must be set by Stock Entry or Purchase Receipt,O novo número de série não pode ter armazém. O armazém deve ser definido por Entrada de Estoque ou Recibo de Compra
New Task,Nova tarefa
New Version,Nova versão
New Warehouse Name,Novo nome do armazém
New Workplace,Novo local de trabalho
New invoices will be generated as per schedule even if current invoices are unpaid or past due date,"Novas faturas serão geradas de acordo com o cronograma, mesmo que as faturas atuais não sejam pagas ou tenham vencido"
New revised budget created successfully,Novo orçamento revisado criado com sucesso
Next,Próximo
Next Depreciation Date,Próxima data de depreciação
Next Due Date,Próxima data de vencimento
Next email will be sent on:,O próximo e-mail será enviado em:
No,Não
No <strong>Account Data</strong> row found,Nenhuma linha de <strong>Dados da conta</strong> encontrada
No Answer,Sem resposta
No Customers found with selected options.,Nenhum cliente encontrado com as opções selecionadas.
No Data,Sem dados
No DocTypes in To Delete list. Please generate or import the list before submitting.,"Nenhum DocTypes na lista para excluir. Por favor, gere ou importe a lista antes de enviar."
No Impact on Accounting Ledger,Nenhum impacto no razão contábil
No Item with Serial No {0},Nenhum item com número de série {0}
No Items selected for transfer.,Nenhum item selecionado para transferência.
No Items with Bill of Materials to Manufacture or all items already manufactured,Nenhum item com lista de materiais para fabricação ou todos os itens já fabricados
No Items with Bill of Materials.,Nenhum item com lista de materiais.
No Matching Bank Transactions Found,Nenhuma transação bancária correspondente encontrada
No Matching Vouchers Found,Nenhum voucher correspondente encontrado
No Notes,Sem notas
No Outstanding Invoices found for this party,Nenhuma fatura pendente encontrada para esta parte
No POS Profile found. Please create a New POS Profile first,Nenhum perfil de POS encontrado. Crie primeiro um novo perfil de POS
No Purchase Orders were created,Nenhum pedido de compra foi criado
No Records for these settings.,Não há registros para essas configurações.
No Selection,Sem seleção
No Serial / Batches are available for return,Nenhuma série/lote está disponível para devolução
No Stock Available Currently,Nenhum estoque disponível atualmente
No Summary,Sem resumo
No Tax Withholding data found for the current posting date.,Nenhum dado de retenção de imposto encontrado para a data de lançamento atual.
No Tax withholding account set for Company {0} in Tax Withholding Category {1}.,Nenhuma conta de retenção de imposto definida para a Empresa {0} na categoria de retenção de imposto {1}.
No Terms,Sem termos
No Unreconciled Invoices and Payments found for this party and account,Não foram encontradas faturas e pagamentos não reconciliados para esta parte e conta
No Unreconciled Payments found for this party,Nenhum pagamento não reconciliado encontrado para esta parte
No Work Orders were created,Nenhuma ordem de serviço foi criada
No additional fields available,Nenhum campo adicional disponível
No available quantity to reserve for item {0} in warehouse {1},Nenhuma quantidade disponível para reserva do item {0} no armazém {1}
No billing email found for customer: {0},Nenhum e-mail de faturamento encontrado para o cliente: {0}
No contacts with email IDs found.,Nenhum contato com ID de e-mail encontrado.
No data found. Seems like you uploaded a blank file,Nenhum dado encontrado. Parece que você enviou um arquivo em branco
No data to export,Não há dados para exportar
No difference found for stock account {0},Nenhuma diferença encontrada para a conta de ações {0}
No email found for {0} {1},Nenhum e-mail encontrado para {0} {1}
No employee was scheduled for call popup,Nenhum funcionário foi agendado para pop-up de chamada
No failed logs,Nenhum registro com falha
No item available for transfer.,Nenhum item disponível para transferência.
No items are available in sales orders {0} for production,Nenhum item está disponível nas ordens de vendas {0} para produção
No items are available in the sales order {0} for production,Nenhum item está disponível na ordem de vendas {0} para produção
No items found. Scan barcode again.,Nenhum item encontrado. Digitalize o código de barras novamente.
No items in cart,Nenhum item no carrinho
No matches occurred via auto reconciliation,Nenhuma correspondência ocorreu por meio da reconciliação automática
No more children on Left,Não há mais crianças à esquerda
No more children on Right,Não há mais crianças à direita
No of Deliveries,Nº de entregas
No of Docs,Nº de documentos
No of Employees,Nº de funcionários
No of Interactions,Nº de interações
No of Items to Repost,Nº de itens para repassar
No of Months (Expense),Nº de meses (despesa)
No of Months (Revenue),Nº de meses (receita)
No of Parallel Reposting (Per Item),Nº de repostagem paralela (por item)
No of Shares,Nº de Ações
No of Shift,Nº de turno
No of Units Produced,Nº de unidades produzidas
No of Visits,Nº de visitas
No of Workstations,Nº de estações de trabalho
No open Material Requests found for the given criteria.,Nenhuma solicitação de material aberta foi encontrada para os critérios especificados.
No open POS Opening Entry found for POS Profile {0}.,Nenhuma entrada de abertura de POS aberta encontrada para o perfil de POS {0}.
No open event,Nenhum evento aberto
No open task,Nenhuma tarefa aberta
No outstanding {0} found for the {1} {2} which qualify the filters you have specified.,Nenhum {0} pendente encontrado para o {1} {2} que qualifica os filtros especificados.
No pending payment schedules available.,Não há cronogramas de pagamento pendentes disponíveis.
No primary email found for customer: {0},Nenhum e-mail principal encontrado para o cliente: {0}
No recent transactions found,Nenhuma transação recente encontrada
No recipients found for campaign {0},Nenhum destinatário encontrado para a campanha {0}
No records found in Allocation table,Nenhum registro encontrado na tabela de alocação
No records found in the Invoices table,Nenhum registro encontrado na tabela Faturas
No records found in the Payments table,Nenhum registro encontrado na tabela Pagamentos
No reserved stock to unreserve.,Nenhum estoque reservado para cancelar a reserva.
No rows selected,Nenhuma linha selecionada
No rows with zero document count found,Nenhuma linha com contagem zero de documentos foi encontrada
No stock available for this batch.,Não há estoque disponível para este lote.
No stock ledger entries were created. Please set the quantity or valuation rate for the items properly and try again.,Nenhuma entrada no razão de estoque foi criada. Defina a quantidade ou taxa de avaliação dos itens corretamente e tente novamente.
No stock transactions can be created or modified before this date.,Nenhuma transação de estoque poderá ser criada ou modificada antes desta data.
No.,Não.
No. of Employees,Nº de funcionários
No. of parallel job cards which can be allowed on this workstation. Example: 2 would mean this workstation can process production for two Work Orders at a time.,Nº de cartões de trabalho paralelos que podem ser permitidos nesta estação de trabalho. Exemplo: 2 significaria que esta estação de trabalho pode processar a produção de duas Ordens de Serviço por vez.
Non Depreciable Category,Categoria Não Depreciável
Non-Current Liabilities,Passivo Não Circulante
Non-Zeros,Diferente de Zeros
Non-phantom BOM cannot be created for non-stock item {0}.,A BOM não fantasma não pode ser criada para o item sem estoque {0}.
Nos,Não
Not Allowed,Não permitido
Not Applicable,Não aplicável
Not Billed,Não faturado
Not Delivered,Não entregue
Not Found,Não encontrado
Not Initiated,Não iniciado
Not Permitted,Não permitido
Not Requested,Não solicitado
Not able to find the earliest Fiscal Year for the given company.,Não é possível encontrar o primeiro ano fiscal da empresa em questão.
Not active,Não ativo
Not allow to set alternative item for the item {0},Não permitir definir item alternativo para o item {0}
Not authorized since {0} exceeds limits,Não autorizado porque {0} excede os limites
Not in Stock,Não está em estoque
Not permitted,Não permitido
Not permitted to make Purchase Orders,Não é permitido fazer pedidos de compra
Note,Observação
Note: Automatic log deletion only applies to logs of type <i>Update Cost</i>,Observação: a exclusão automática de logs se aplica apenas a logs do tipo <i>Custo de atualização</i>
Note: Due Date exceeds allowed {0} credit days by {1} day(s),Observação: a data de vencimento excede {0} dias de crédito permitidos em {1} dia(s)
Note: Email will not be sent to disabled users,Nota: O e-mail não será enviado para usuários deficientes
"Note: If you want to use the finished good {0} as a raw material, then enable the 'Do Not Explode' checkbox in the Items table against the same raw material.","Nota: Se você quiser usar o produto acabado {0} como matéria-prima, ative a caixa de seleção 'Não explodir' na tabela Itens para a mesma matéria-prima."
Note: On checking Is Mandatory the accounting dimension will become mandatory against that specific account for all accounting transactions,"Nota: Ao verificar É Obrigatório, a dimensão contábil se tornará obrigatória em relação a essa conta específica para todas as transações contábeis"
Note: Payment Entry will not be created since 'Cash or Bank Account' was not specified,Nota: O lançamento de pagamento não será criado porque 'Dinheiro ou conta bancária' não foi especificado
Note: This Cost Center is a Group. Cannot make accounting entries against groups.,Nota: Este Centro de Custo é um Grupo. Não é possível fazer lançamentos contábeis em grupos.
"Note: To merge the items, create a separate Stock Reconciliation for the old item {0}","Observação: para mesclar os itens, crie uma reconciliação de estoque separada para o item antigo {0}"
Notes HTML,Notas HTML
Notes: ,Notas:
Notice (days),Aviso (dias)
Notify Customers via Email,Notificar clientes por e-mail
Notify Employee,Notificar funcionário
Notify Other,Notificar outro
Notify Reposting Error to Role,Notificar erro de repostagem para função
Notify Supplier,Notificar Fornecedor
Notify Via Email,Notificar por e-mail
Notify by Email on Creation of Automatic Material Request,Notificar por Email sobre Criação de Solicitação Automática de Material
Notify customer and agent via email on the day of the appointment.,Notifique o cliente e o agente por e-mail no dia do agendamento.
Nova Proposta,Nova Proposta
Number of Concurrent Appointments,Número de compromissos simultâneos
Number of Days,Número de dias
Number of Weeks / Months,Número de semanas/meses
Number of days after invoice date has elapsed before canceling subscription or marking subscription as unpaid,Número de dias após a data da fatura ter decorrido antes do cancelamento da assinatura ou da marcação da assinatura como não paga
Number of days appointments can be booked in advance,Número de dias que os compromissos podem ser agendados com antecedência
Number of days that the subscriber has to pay invoices generated by this subscription,Número de dias que o assinante tem para pagar faturas geradas por esta assinatura
"Number of intervals for the interval field e.g if Interval is 'Days' and Billing Interval Count is 3, invoices will be generated every 3 days","Número de intervalos para o campo de intervalo, por exemplo, se o Intervalo for 'Dias' e a Contagem do Intervalo de Faturamento for 3, as faturas serão geradas a cada 3 dias"
Numeric,Numérico
Numeric Inspection,Inspeção Numérica
Numeric Values,Valores Numéricos
O artigo <b>{0}</b> não foi encontrado no POS.<br><br> Deseja continuar sem este item ou abortar o envio?,O item <b>{0}</b> não foi encontrado no POS. <br><br> Deseja continuar sem este item ou abortar o envio?
O+,Ó+
O-,O-
Objective,Objetivo
Objectives,Objetivos
Odometer Value (Last),Valor do odômetro (último)
Offer Date,Data da oferta
Office Equipment,Equipamento de escritório
Offsetting Account,Conta de compensação
Offsetting for Accounting Dimension,Compensação para Dimensão Contábil
Old Parent,Velho pai
Oldest Of Invoice Or Advance,Mais antiga da fatura ou adiantamento
On Hand,Disponível
On Hold,Em espera
On Hold Since,Em espera desde
On Item Quantity,Na quantidade do item
On Net Total,No total líquido
On Paid Amount,Sobre o valor pago
On Previous Row Amount,Valor da linha anterior
On Previous Row Total,Total da linha anterior
On This Date,Nesta data
On Track,No caminho certo
On enabling this cancellation entries will be posted on the actual cancellation date and reports will consider cancelled entries as well,"Ao ativar este cancelamento, as entradas serão publicadas na data real do cancelamento e os relatórios também considerarão as entradas canceladas."
"On expanding a row in the Items to Manufacture table, you'll see an option to 'Include Exploded Items'. Ticking this includes raw materials of the sub-assembly items in the production process.","Ao expandir uma linha na tabela Itens a Fabricar, você verá uma opção para ‘Incluir Itens Explodidos’. Marcar isto inclui matérias-primas dos itens de submontagem no processo de produção."
"On save, the Excluded Fee will be converted to an Included Fee.","Ao salvar, a Taxa Excluída será convertida em uma Taxa Incluída."
"On submission of the stock transaction, system will auto create the Serial and Batch Bundle based on the Serial No / Batch fields.","Ao enviar a transação de estoque, o sistema criará automaticamente o pacote de série e lote com base nos campos número de série/lote."
On-machine press checks,Verificações de impressão na máquina
"Once set, this invoice will be on hold till the set date","Uma vez definida, esta fatura ficará suspensa até a data definida"
Once the Work Order is Closed. It can't be resumed.,Assim que a ordem de serviço for fechada. Não pode ser retomado.
One customer can be part of only single Loyalty Program.,Um cliente pode fazer parte de apenas um único Programa de Fidelidade.
Ongoing,Em andamento
Only 'Payment Entries' made against this advance account are supported.,Somente 'Lançamentos de Pagamento' feitos nesta conta de adiantamento são suportados.
Only CSV and Excel files can be used to for importing data. Please check the file format you are trying to upload,Somente arquivos CSV e Excel podem ser usados ​​para importar dados. Verifique o formato do arquivo que você está tentando enviar
Only CSV files are allowed,Somente arquivos CSV são permitidos
Only Deduct Tax On Excess Amount ,Deduza apenas o imposto sobre o valor excedente
Only Include Allocated Payments,Incluir apenas pagamentos alocados
Only Parent can be of type {0},Somente Pai pode ser do tipo {0}
Only Value available for Payment Entry,Somente valor disponível para entrada de pagamento
Only applies for Normal Payments,Aplica-se apenas para pagamentos normais
Only existing assets,Somente ativos existentes
Only leaf nodes are allowed in transaction,Apenas nós folha são permitidos na transação
Only one of Deposit or Withdrawal should be non-zero when applying an Excluded Fee.,Apenas um de Depósito ou Saque deve ser diferente de zero ao aplicar uma Taxa Excluída.
Only one operation can have 'Is Final Finished Good' checked when 'Track Semi Finished Goods' is enabled.,Apenas uma operação pode ter a opção 'É produto final acabado' marcada quando 'Rastrear produtos semiacabados' estiver ativado.
Only one {0} entry can be created against the Work Order {1},Somente uma entrada {0} pode ser criada na Ordem de Serviço {1}
Only records belonging to {0} will be deleted,Somente registros pertencentes a {0} serão excluídos
Only show Customer of these Customer Groups,Mostrar apenas os clientes destes grupos de clientes
Only show Items from these Item Groups,Mostrar apenas itens desses grupos de itens
Only to be used for Subcontracting Inward.,Para ser usado apenas para subcontratação interna.
"Only values between [0,1) are allowed. Like {0.00, 0.04, 0.09, ...}|||Ex: If allowance is set at 0.07, accounts that have balance of 0.07 in either of the currencies will be considered as zero balance account","Somente valores entre [0,1) são permitidos. Como {0,00, 0,04, 0,09, ...}|||Ex: Se a provisão for definida como 0,07, as contas que tiverem saldo de 0,07 em qualquer uma das moedas serão consideradas como conta com saldo zero"
Only {0} are supported,Apenas {0} são suportados
Open,Abrir
Open Activities HTML,HTML de atividades abertas
Open BOM {0},Abra a lista técnica {0}
Open Call Log,Abrir registro de chamadas
Open Event,Evento aberto
Open Events,Eventos abertos
Open Issues,Problemas em aberto
Open Issues ,Problemas em aberto
Open Item {0},Abrir item {0}
Open Orders,Pedidos abertos
Open Projects ,Abrir projetos
Open Quotations,Cotações Abertas
Open Sales Orders,Ordens de vendas abertas
Open Task,Abrir tarefa
Open Tasks,Abrir tarefas
Open To Do,Abra para fazer
Open To Do ,Abra para fazer
Open Work Order {0},Ordem de serviço aberta {0}
Open a new ticket,Abra um novo ticket
Opening (Cr),Abertura (Cr)
Opening Amount,Valor de abertura
"Opening Balance = Start of period, Closing Balance = End of period, Period Movement = Net change during period","Saldo inicial = início do período, saldo final = final do período, movimentação do período = variação líquida durante o período"
Opening Balance Details,Detalhes do saldo inicial
Opening Balances,Saldos iniciais
Opening Date,Data de abertura
Opening Entry,Entrada de Abertura
Opening Entry can not be created after Period Closing Voucher is created.,O Lançamento de Abertura não pode ser criado após a criação do Voucher de Encerramento do Período.
Opening Invoice Creation Tool Item,Abrindo item da ferramenta de criação de fatura
Opening Invoice Item,Abrindo item de fatura
"Opening Invoice has rounding adjustment of {0}.<br><br> '{1}' account is required to post these values. Please set it in Company: {2}.<br><br> Or, '{3}' can be enabled to not post any rounding adjustment.",A Nota Fiscal de Abertura possui ajuste de arredondamento de {0}.<br><br> A conta '{1}' é necessária para lançar esses valores. Defina-o em Empresa: {2}.<br><br> Ou '{3}' pode ser ativado para não postar nenhum ajuste de arredondamento.
Opening Invoices,Abertura de faturas
Opening Number of Booked Depreciations,Número de abertura de depreciações contabilizadas
Opening Purchase Invoices have been created.,As faturas de compra de abertura foram criadas.
Opening Qty,Quantidade de abertura
Opening Sales Invoices have been created.,As faturas de vendas iniciais foram criadas.
Opening Time,Horário de abertura
Operating Component,Componente Operacional
Operating Components Cost,Custo dos Componentes Operacionais
Operating Cost (Company Currency),Custo operacional (moeda da empresa)
Operating Cost Per BOM Quantity,Custo operacional por quantidade de BOM
Operating Cost(Company Currency),Custo Operacional (Moeda da Empresa)
Operating Costs,Custos Operacionais
Operating Costs (Per Hour),Custos operacionais (por hora)
Operation,Operação
Operation & Materials,Operação e Materiais
Operation Cost,Custo de Operação
Operation Description,Descrição da Operação
Operation ID,ID da operação
Operation Id,ID da operação
Operation Row ID,ID da linha da operação
Operation Row Id,ID da linha da operação
Operation Row Number,Número da linha da operação
Operation Time,Tempo de operação
Operation completed for how many finished goods?,Operação concluída para quantos produtos acabados?
Operation time does not depend on quantity to produce,O tempo de operação não depende da quantidade para produzir
Operations Routing,Roteamento de Operações
Opp Count,Contagem de oportunidades
Opp/Lead %,% de aumento/avanço
Opportunities by Campaign,Oportunidades por campanha
Opportunities by Medium,Oportunidades por meio
Opportunities by Source,Oportunidades por fonte
Opportunity Amount (Company Currency),Valor da oportunidade (moeda da empresa)
Opportunity Date,Data da oportunidade
Opportunity Item,Item de oportunidade
Opportunity Owner,Proprietário da oportunidade
Opportunity Source,Fonte de oportunidade
Opportunity Summary by Sales Stage,Resumo da oportunidade por estágio de vendas
Opportunity Type,Tipo de oportunidade
Opportunity Value,Valor da oportunidade
Optimize Route,Otimizar rota
Optional. Select a specific manufacture entry to reverse.,Opcional. Selecione uma entrada de fabricante específica para reverter.
Optional. Used with Financial Report Template,Opcional. Usado com modelo de relatório financeiro
Options,Opções
Orange,Laranja
Order Confirmation Date,Data de Confirmação da Ordem
Order Confirmation No,Nº de Confirmação da Ordem
Order Date,Data da Ordem
Order Information,Informações da Ordem
Order No,Nº da Ordem
Order Status,Estado da Ordem
Order Summary,Resumo da Ordem
Order Type,Tipo de Ordem
Order/Quot %,Ordem/Cotação %
Ordered Qty,Quantidade Encomendada
"Ordered Qty: Quantity ordered for purchase, but not received.","Quantidade encomendada: Quantidade encomendada para compra, mas ainda não recebida."
Organization Name,Nome da organização
Orientation,Orientação
Original Item,Item original
Other Details,Outros detalhes
Other Info,Outras informações
Other Settings,Outras configurações
Others,Outros
Out Qty,Quantidade de saída
Out of AMC,Fora da AMC
Out of Warranty,Fora da garantia
Out of stock,Fora de estoque
Outdated POS Opening Entry,Entrada desatualizada de abertura de POS
Outgoing Rate,Taxa de saída
Outstanding,Fora do comum
Outstanding (Company Currency),Pendente (moeda da empresa)
Outward,Externo
Over Billing Allowance (%),Sobretaxa de Faturamento (%)
Over Billing Allowance exceeded for Purchase Receipt Item {0} ({1}) by {2}%,O limite de faturamento excedente foi excedido para o item de recibo de compra {0} ({1}) em {2}%
Over Delivery/Receipt Allowance (%),Supervisão de entrega/recebimento (%)
Over Picking Allowance,Excesso de subsídio de colheita
Over Receipt,Over Recebimento
Over Receipt/Delivery of {0} {1} ignored for item {2} because you have {3} role.,Excesso de recebimento/entrega de {0} {1} ignorado para o item {2} porque você tem a função {3}.
Over Transfer Allowance,Excedente de subsídio de transferência
Over Transfer Allowance (%),Excedente de subsídio de transferência (%)
Over Withheld,Retido demais
Overbilling of {0} {1} ignored for item {2} because you have {3} role.,Superfaturamento de {0} {1} ignorado para o item {2} porque você tem a função {3}.
Overbilling of {} ignored because you have {} role.,Superfaturamento de {} ignorado porque você tem a função de {}.
Overdue Days,Dias atrasados
Overdue Payment,Pagamento atrasado
Overdue Payments,Pagamentos em atraso
Overdue Tasks,Tarefas atrasadas
Overdue and Discounted,Vencido e com desconto
Overlapping conditions found between:,Condições sobrepostas encontradas entre:
Overproduction Percentage For Sales Order,Porcentagem de superprodução para ordem de vendas
Overproduction Percentage For Work Order,Porcentagem de superprodução para ordem de serviço
Overproduction for Sales and Work Order,Superprodução para vendas e ordem de serviço
Overview,Visão geral
Owned,Controlado
Ownership,Propriedade
P&L Closing Balance,Saldo de fechamento de lucros e perdas
PAN No,PÃO Não
PCV,PCV
PCV Paused,PCV pausado
PCV Resumed,PCV retomado
PDF Name,Nome do PDF
PIN,ALFINETE
PMO-,PMO-
PO Supplied Item,Item fornecido pela ordem de compra
PO-JOB.#####,PO-JOB.#####
POS,POS
POS Additional Fields,Campos adicionais de POS
POS Closed,POS fechado
POS Closing Failed,Falha no fechamento do POS
POS Closing failed while running in a background process. You can resolve the {0} and retry the process again.,O fechamento do POS falhou durante a execução de um processo em segundo plano. Você pode resolver o {0} e tentar novamente o processo.
POS ID,ID do POS
POS Invoice Item,Item de fatura de POS
POS Invoice is already consolidated,A fatura do POS já está consolidada
POS Invoice is not submitted,A fatura do POS não foi enviada
POS Invoice should have the field {0} checked.,Nota Fiscal POS deverá ter o campo {0} marcado.
POS Invoices,Faturas de POS
POS Invoices can't be added when Sales Invoice is enabled,As faturas de POS não podem ser adicionadas quando a fatura de vendas está ativada
POS Invoices will be consolidated in a background process,As faturas de POS serão consolidadas em um processo em background
POS Invoices will be unconsolidated in a background process,As faturas de POS não serão consolidadas em um processo em segundo plano
POS Opening Entry - {0} is outdated. Please close the POS and create a new POS Opening Entry.,Entrada de abertura de POS - {0} está desatualizada. Feche o POS e crie uma nova entrada de abertura de POS.
POS Opening Entry Cancellation Error,Erro de cancelamento de entrada de abertura de POS
POS Opening Entry Cancelled,Entrada de abertura de POS cancelada
POS Opening Entry Exists,Existe entrada de abertura de POS
POS Opening Entry Missing,Entrada de abertura de POS ausente
POS Opening Entry cannot be cancelled as unconsolidated Invoices exists.,O Lançamento de Abertura de POS não pode ser cancelado pois existem Faturas não consolidadas.
POS Opening Entry has been cancelled. Please refresh the page.,O lançamento de abertura de POS foi cancelado. Atualize a página.
POS Profile - {0} has multiple open POS Opening Entries. Please close or cancel the existing entries before proceeding.,Perfil de POS - {0} tem diversas entradas de abertura de POS abertas. Feche ou cancele as entradas existentes antes de continuar.
POS Profile - {0} is currently open. Please close the POS or cancel the existing POS Opening Entry before cancelling this POS Closing Entry.,"Perfil POS - {0} está aberto no momento. Por favor, feche o POS ou cancele a Entrada de Abertura de POS existente antes de cancelar esta Entrada de Fechamento de POS."
POS Profile doesn't match {},O perfil POS não corresponde a {}
POS Profile is mandatory to mark this invoice as POS Transaction.,O Perfil POS é obrigatório para marcar esta fatura como Transação POS.
POS Profile {0} cannot be disabled as there are ongoing POS sessions.,O perfil de POS {0} não pode ser desativado porque há sessões de POS em andamento.
POS Profile {} contains Mode of Payment {}. Please remove them to disable this mode.,O perfil de POS {} contém o modo de pagamento {}. Remova-os para desativar este modo.
POS Profile {} does not belong to company {},O perfil de POS {} não pertence à empresa {}
POS Profile {} does not exist.,O perfil POS {} não existe.
POS Profile {} is disabled.,O perfil POS {} está desativado.
POS Search Fields,Campos de pesquisa de POS
POS Transactions,Transações POS
POS has been closed at {0}. Please refresh the page.,O POS foi fechado às {0}. Atualize a página.
POS invoice {0} created successfully,Fatura de POS {0} criada com sucesso
POS-CLO-,POS-CLO-
PRLE-.####,PRLE-.####
PROJ-.####,PROJ-.####
PU-SSP-.YYYY.-,PU-SSP-.AAAA.-
PUR-ORD-.YYYY.-,PUR-ORD-.AAAA.-
PUR-RFQ-.YYYY.-,PURO-RFQ-.AAAA.-
PUR-SQTN-.YYYY.-,PUR-SQTN-.AAAA.-
PZN,PZN
Package No(s) already in use. Try from Package No {0},Número(s) de pacote já em uso. Experimente a partir do pacote nº {0}
Package Weight Details,Detalhes do peso do pacote
Packaging Slip From Delivery Note,Guia de embalagem da nota de entrega
Packed Item,Item embalado
Packed Items,Itens embalados
Packed Items cannot be transferred internally,Itens embalados não podem ser transferidos internamente
Packed Qty,Quantidade embalada
Packing List,Lista de embalagem
Packing Slip Item,Item de guia de remessa
Packing Slip(s) cancelled,Guia(s) de embalagem cancelado(s)
Packing Unit,Unidade de embalagem
Page Break,Quebra de página
Page Break After Each SoA,Quebra de página após cada SoA
Page {0} of {1},Página {0} de {1}
Paid Amount (Company Currency),Valor pago (moeda da empresa)
Paid Amount After Tax,Valor pago após impostos
Paid Amount After Tax (Company Currency),Valor pago após impostos (moeda da empresa)
Paid From Account Type,Pago pelo tipo de conta
Paid To Account Type,Tipo de conta pago
Paid amount + Write Off Amount can not be greater than Grand Total,O valor pago + o valor amortizado não pode ser maior que o total geral
Pallets,Paletes
Parameter,Parâmetro
Parameter Group,Grupo de parâmetros
Parameter Group Name,Nome do grupo de parâmetros
Parameter Name,Nome do parâmetro
Parameters,Parâmetros
Parcel Template,Modelo de pacote
Parcel Template Name,Nome do modelo de pacote
Parcel weight cannot be 0,O peso do pacote não pode ser 0
Parcels,Pacotes
Parent,Pai
Parent Account,Conta pai
Parent Account Missing,Conta pai ausente
Parent Batch,Lote pai
Parent Company,Controladora
Parent Cost Center,Centro de custo pai
Parent Customer Group,Grupo de clientes pai
Parent Department,Departamento Parental
Parent Detail docname,Nome do documento de detalhe pai
Parent Document,Documento pai
Parent Item,Item pai
Parent Item Group,Grupo de itens pai
Parent Item {0} must not be a Fixed Asset,O item pai {0} não deve ser um ativo fixo
Parent Item {0} must not be a Stock Item,O item pai {0} não deve ser um item de estoque
Parent Location,Localização pai
Parent Procedure,Procedimento pai
Parent Row No,Linha pai Não
Parent Row No not found for {0},Linha pai não encontrada para {0}
Parent Sales Person,Vendedor Pai
Parent Supplier Group,Grupo de fornecedores principais
Parent Task,Tarefa Pai
Parent Task {0} is not a Template Task,A tarefa pai {0} não é uma tarefa modelo
Parent Task {0} must be a Group Task,A tarefa pai {0} deve ser uma tarefa de grupo
Parent Territory,Território Pai
Parsed file is not in valid MT940 format or contains no transactions.,O arquivo analisado não está no formato MT940 válido ou não contém transações.
Parsing Error,Erro de análise
Partial Material Transferred,Material Parcial Transferido
Partial Payment in POS Transactions are not allowed.,Não são permitidos pagamentos parciais em transações de POS.
Partial Stock Reservation,Reserva Parcial de Estoque
Partial Success,Sucesso Parcial
"Partial stock can be reserved. For example, If you have a Sales Order of 100 units and the Available Stock is 90 units then a Stock Reservation Entry will be created for 90 units. ","Estoque parcial pode ser reservado. Por exemplo, se você tiver uma ordem de vendas de 100 unidades e o estoque disponível for de 90 unidades, será criada uma entrada de reserva de estoque para 90 unidades."
Partially Billed,Parcialmente faturado
Partially Completed,Parcialmente concluído
Partially Delivered,Parcialmente entregue
Partially Fulfilled,Parcialmente cumprido
Partially Reconciled,Parcialmente reconciliado
Partially Reserved,Parcialmente Reservado
Partially Used,Parcialmente usado
Particulars,Detalhes
Partly Billed,Parcialmente faturado
Partly Delivered,Parcialmente entregue
Partly Paid,Parcialmente pago
Partly Paid and Discounted,Parcialmente pago e com desconto
Partner Type,Tipo de parceiro
Partner website,Site parceiro
Partnership,Parceria
Party Account Currency,Moeda da conta do partido
Party Account No. (Bank Statement),Nº da conta da parte (extrato bancário)
Party Account {0} currency ({1}) and document currency ({2}) should be same,A moeda da conta do partido {0} ({1}) e a moeda do documento ({2}) devem ser iguais
Party Bank Account,Conta bancária do partido
Party Details,Detalhes da festa
Party Full Name,Nome completo da festa
Party IBAN (Bank Statement),IBAN da parte (extrato bancário)
Party ID,ID da festa
Party Information,Informações sobre a festa
Party Item Code,Código do item da festa
Party Link,Link da festa
Party Mismatch,Incompatibilidade de partido
Party Name/Account Holder (Bank Statement),Nome da parte/titular da conta (extrato bancário)
Party Not Required,Festa não obrigatória
Party Specific Item,Item específico da festa
Party Type,Tipo de festa
Party Type and Party can only be set for Receivable / Payable account<br><br>{0},O tipo de festa e a festa só podem ser definidos para contas a receber/a pagar<br><br>{0}
Party Type and Party is mandatory for {0} account,O tipo de festa e a festa são obrigatórios para a conta {0}
Party Type and Party is required for Receivable / Payable account {0},O tipo de parte e a parte são obrigatórios para conta a receber/a pagar {0}
Party Type is mandatory,O tipo de festa é obrigatório
Party User,Usuário do grupo
Party can only be one of {0},O grupo só pode ser um de {0}
Passed,Aprovado
Passport Details,Detalhes do passaporte
Passport Number,Número do passaporte
Past Events,Eventos Passados
Path,Caminho
Pause Job,Pausar trabalho
Pause SLA On Status,Pausar SLA no status
Paused,Pausado
Pay,Pagar
Pay To / Recd From,Pagar para/Receber de
Payables,Contas a pagar
Payer Settings,Configurações do pagador
Payment Account,Conta de pagamento
Payment Amount (Company Currency),Valor do pagamento (moeda da empresa)
Payment Channel,Canal de pagamento
Payment Deductions or Loss,Deduções ou perdas de pagamento
Payment Document Type,Tipo de documento de pagamento
Payment Entries,Entradas de pagamento
Payment Entry has been modified after you pulled it. Please pull it again.,"A entrada de pagamento foi modificada depois que você a extraiu. Por favor, puxe-o novamente."
"Payment Entry {0} is linked against Order {1}, check if it should be pulled as advance in this invoice.","O Lançamento de Pagamento {0} está vinculado ao Pedido {1}, verifique se deve ser sacado como adiantamento nesta fatura."
Payment From / To,Pagamento de/até
Payment Gateway,Gateway de pagamento
Payment Gateway Account,Conta de gateway de pagamento
Payment Gateway Details,Detalhes do gateway de pagamento
Payment Ledger,Livro de pagamentos
Payment Ledger Balance,Saldo do razão de pagamentos
Payment Ledger Entry,Entrada do razão de pagamento
Payment Limit,Limite de pagamento
Payment Methods,Métodos de pagamento
Payment Options,Opções de pagamento
Payment Order Status,Status da ordem de pagamento
Payment Order Type,Tipo de ordem de pagamento
Payment Ordered,Pagamento solicitado
Payment Plan,Plano de pagamento
Payment Reconciliation Allocation,Alocação de reconciliação de pagamento
Payment Reconciliation Job: {0} is running for this party. Can't reconcile now.,Trabalho de reconciliação de pagamento: {0} está concorrendo para este grupo. Não posso reconciliar agora.
Payment Reconciliation Settings,Configurações de reconciliação de pagamento
Payment Reference,Referência de pagamento
Payment References,Referências de pagamento
Payment Request Outstanding,Solicitação de pagamento pendente
Payment Request Type,Tipo de solicitação de pagamento
Payment Request is already created,A solicitação de pagamento já foi criada
Payment Request took too long to respond. Please try requesting for payment again.,A solicitação de pagamento demorou muito para ser respondida. Tente solicitar o pagamento novamente.
Payment Requests cannot be created against: {0},As solicitações de pagamento não podem ser criadas para: {0}
Payment Requests made from Sales / Purchase Invoice will be put in Draft explicitly,As solicitações de pagamento feitas a partir da fatura de vendas/compra serão colocadas em rascunho explicitamente
Payment Schedule based Payment Requests cannot be created because a Payment Entry already exists for this document.,As Solicitações de Pagamento baseadas no Cronograma de Pagamento não podem ser criadas porque já existe uma Entrada de Pagamento para este documento.
Payment Schedules,Cronogramas de Pagamento
Payment Status,Status de pagamento
Payment Term Name,Nome do prazo de pagamento
Payment Term Outstanding,Prazo de pagamento pendente
Payment Terms Status for Sales Order,Status das condições de pagamento para ordem de vendas
Payment Terms from orders will be fetched into the invoices as is,As condições de pagamento dos pedidos serão incluídas nas faturas como estão
Payment Terms:,Condições de pagamento:
Payment Type,Tipo de pagamento
"Payment Type must be one of Receive, Pay and Internal Transfer","O tipo de pagamento deve ser Receber, Pagar e Transferência Interna"
Payment URL,URL de pagamento
Payment Unlink Error,Erro de desvinculação de pagamento
Payment against {0} {1} cannot be greater than Outstanding Amount {2},O pagamento contra {0} {1} não pode ser maior que o Valor Pendente {2}
Payment methods refreshed. Please review before proceeding.,Métodos de pagamento atualizados. Revise antes de prosseguir.
Payment of {0} received successfully.,Pagamento de {0} recebido com sucesso.
Payment of {0} received successfully. Waiting for other requests to complete...,Pagamento de {0} recebido com sucesso. Aguardando a conclusão de outras solicitações...
Payment request failed,Falha na solicitação de pagamento
Payment term {0} not used in {1},Prazo de pagamento {0} não usado em {1}
Payments could not be updated.,Não foi possível atualizar os pagamentos.
Payments updated.,Pagamentos atualizados.
Payroll Cost Center,Centro de Custo da Folha de Pagamento
Payroll Entry,Entrada da folha de pagamento
País com código ${company.codigo} não encontrado no POS.,País com código ${company.codigo} não encontrado no POS.
Pegged Against,Atrelado
Pegged Currencies,Moedas indexadas
Pegged Currency Details,Detalhes da moeda indexada
Pending Qty,Quantidade pendente
Pending Review,Revisão pendente
Pending processing,Processamento pendente
Per Day,Por dia
Per Day|||Shift Time (In Hours) * No of Workstations * No of Shift,Por dia|||Tempo de turno (em horas) * Nº de estações de trabalho * Nº de turno
Per Month,Por mês
Per Received,Por Recebido
Per Transferred,Por transferido
Per Unit Time in Mins,Tempo por unidade em minutos
Per Week,Por semana
Per Year,Por ano
Percent,Por cento
Percentage (%),Porcentagem (%)
Percentage Allocation,Alocação percentual
Percentage Allocation should be equal to 100%,A porcentagem de alocação deve ser igual a 100%
Percentage you are allowed to order beyond the Blanket Order quantity.,Porcentagem que você tem permissão para fazer pedidos além da quantidade do pedido de cobertura.
Percentage you are allowed to sell beyond the Blanket Order quantity.,Porcentagem que você tem permissão para vender além da quantidade do pedido de cobertura.
Percentage you are allowed to transfer more against the quantity ordered. For example: If you have ordered 100 units. and your Allowance is 10% then you are allowed to transfer 110 units.,"Porcentagem que você pode transferir a mais em relação à quantidade solicitada. Por exemplo: Se você encomendou 100 unidades. e seu subsídio for de 10%, você poderá transferir 110 unidades."
Period,Período
Period Closed,Período encerrado
Period Closing Entry For Current Period,Entrada de encerramento do período para o período atual
Period Closing Settings,Configurações de encerramento do período
Period Closing Voucher {0} GL Entry Cancellation Failed,Voucher de encerramento do período {0} Falha no cancelamento da entrada GL
Period Closing Voucher {0} GL Entry Processing Failed,Voucher de encerramento do período {0} Falha no processamento de entrada contábil
Period Details,Detalhes do período
Period End Date,Data de término do período
Period End Date cannot be greater than Fiscal Year End Date,A Data de Término do Período não pode ser posterior à Data de Término do Ano Fiscal
Period Movement (Debits - Credits),Movimentação do Período (Débitos - Créditos)
Period Name,Nome do Período
Period Score,Pontuação do Período
Period Settings,Configurações de período
Period Start Date,Data de início do período
Period Start Date cannot be greater than Period End Date,A Data de Início do Período não pode ser posterior à Data de Término do Período
Period Start Date must be {0},A data de início do período deve ser {0}
Period To Date,Período até o momento
Period_from_date,Período_de_data
Periodic Accounting,Contabilidade Periódica
Periodic Accounting Entry,Lançamento Contábil Periódico
Periodic Accounting Entry is not allowed for company {0} with perpetual inventory enabled,O lançamento contábil periódico não é permitido para a empresa {0} com estoque permanente ativado
Periodic Entry Difference Account,Conta de diferença de lançamento periódico
Permanent Address,Endereço Permanente
Permanent Address Is,Endereço permanente é
Personal Details,Detalhes pessoais
Personal Email,E-mail pessoal
Pesquisar cliente,Pesquisar cliente
Petrol,Gasolina
Phantom BOM cannot be created for stock item {0}.,A BOM fantasma não pode ser criada para o item de estoque {0}.
Phantom Item,Item Fantasma
Phantom Item is mandatory,Item Fantasma é obrigatório
Phone Ext.,Ext. de telefone
Phone No,Telefone não
Pick List Incomplete,Lista de seleção incompleta
Pick List Item,Selecionar item da lista
Pick Manually,Escolha manualmente
Pick Serial / Batch,Escolha Série/Lote
Pick Serial / Batch Based On,Escolha serial/lote com base em
Pick Serial / Batch No,Escolha o número de série/lote
Picked Qty,Quantidade escolhida
Picked Qty (in Stock UOM),Quantidade escolhida (Unidade de estoque em estoque)
Pickup,Escolher
Pickup Contact Person,Pessoa de contato para retirada
Pickup Date,Data de retirada
Pickup Date cannot be before this day,A data de retirada não pode ser anterior a este dia
Pickup From,Retirada de
Pickup To time should be greater than Pickup From time,O horário de retirada deve ser maior que o horário de retirada
Pickup Type,Tipo de coleta
Pickup from,Retirada de
Pickup to,Retirada para
Pipeline By,Pipeline por
Place of Issue,Local de emissão
Plaid Access Token,Token de acesso xadrez
Plaid Client ID,ID do cliente xadrez
Plaid Environment,Ambiente Xadrez
Plaid Link Failed,Falha no link xadrez
Plaid Link Refresh Required,Atualização do link xadrez necessária
Plaid Link Updated,Link xadrez atualizado
Plaid Secret,Segredo xadrez
Plaid Settings,Configurações xadrez
Plan,Plano
Plan Name,Nome do plano
Plan material for sub-assemblies,Planejar material para submontagens
Plan operations X days in advance,Planeje as operações com X dias de antecedência
Plan time logs outside Workstation working hours,Planejar registros de tempo fora do horário de trabalho da estação de trabalho
Planned,Planejado
Planned End Time,Horário de término planejado
Planned Operating Cost,Custo operacional planejado
Planned Purchase Order,Ordem de compra planejada
Planned Qty,Quantidade planejada
"Planned Qty: Quantity, for which, Work Order has been raised, but is pending to be manufactured.","Quantidade Planejada: Quantidade para a qual a Ordem de Serviço foi levantada, mas está pendente de fabricação."
Planned Start Time,Hora de início planejada
Planned Work Order,Ordem de serviço planejada
Plans,Planos
Plant Dashboard,Painel da planta
Plant Floor,Planta
Please Select a Company,Selecione uma empresa
Please Set Priority,"Por favor, defina a prioridade"
Please Set Supplier Group in Buying Settings.,Defina o grupo de fornecedores nas configurações de compra.
Please Specify Account,Especifique a conta
Please add 'Supplier' role to user {0}.,Adicione a função 'Fornecedor' ao usuário {0}.
Please add Operations first.,Adicione operações primeiro.
Please add Request for Quotation to the sidebar in Portal Settings.,Adicione Solicitação de Cotação à barra lateral nas Configurações do Portal.
Please add Root Account for - {0},Adicione uma conta raiz para - {0}
Please add atleast one Serial No / Batch No,Adicione pelo menos um número de série/número de lote
Please add the Bank Account column,Adicione a coluna Conta bancária
Please add the account to root level Company - {0},Adicione a conta ao nível raiz da Empresa - {0}
Please add the account to root level Company - {},Adicione a conta ao nível raiz da Empresa - {}
Please add {1} role to user {0}.,Adicione a função {1} ao usuário {0}.
Please adjust the qty or edit {0} to proceed.,Ajuste a quantidade ou edite {0} para continuar.
Please attach CSV file,Anexe o arquivo CSV
Please cancel and amend the Payment Entry,Cancele e altere a entrada de pagamento
Please cancel payment entry manually first,Por favor cancele a entrada de pagamento manualmente primeiro
Please cancel related transaction.,Por favor cancele a transação relacionada.
Please capitalize this asset before submitting.,Coloque este recurso em maiúscula antes de enviar.
Please check Multi Currency option to allow accounts with other currency,Verifique a opção Multi Moeda para permitir contas com outra moeda
Please check Process Deferred Accounting {0} and submit manually after resolving errors.,Verifique Processar contabilidade diferida {0} e envie manualmente após resolver os erros.
Please check either with operations or FG Based Operating Cost.,Verifique com operações ou custo operacional baseado em FG.
Please check the 'Activate Serial and Batch No for Item' checkbox in the {0} to make Serial and Batch Bundle for the item.,Marque a caixa de seleção 'Ativar número de série e lote para item' em {0} para criar pacote de série e lote para o item.
Please check the error message and take necessary actions to fix the error and then restart the reposting again.,Verifique a mensagem de erro e tome as medidas necessárias para corrigir o erro e reinicie a repostagem novamente.
Please check your Plaid client ID and secret values,Verifique seu ID de cliente Plaid e valores secretos
Please check your email to confirm the appointment,Verifique seu e-mail para confirmar o agendamento
Please click on 'Generate Schedule' to fetch Serial No added for Item {0},Clique em 'Gerar Programação' para obter o número de série adicionado para o item {0}
Please contact any of the following users to extend the credit limits for {0}: {1},Entre em contato com qualquer um dos seguintes usuários para estender os limites de crédito de {0}: {1}
Please contact any of the following users to {} this transaction.,Entre em contato com qualquer um dos usuários a seguir para {} esta transação.
Please contact your administrator to extend the credit limits for {0}.,Entre em contato com seu administrador para estender os limites de crédito de {0}.
Please create Landed Cost Vouchers against Invoices that have 'Update Stock' enabled.,Crie comprovantes de custo final em faturas que tenham a opção 'Atualizar estoque' ativada.
Please create a new Accounting Dimension if required.,"Crie uma nova dimensão contábil, se necessário."
Please create purchase from internal sale or delivery document itself,Crie a compra a partir da venda interna ou do próprio documento de entrega
Please create purchase receipt or purchase invoice for the item {0},Crie um recibo de compra ou fatura de compra para o item {0}
"Please delete Product Bundle {0}, before merging {1} into {2}",Exclua o pacote de produtos {0} antes de mesclar {1} em {2}
Please disable workflow temporarily for Journal Entry {0},Desative o fluxo de trabalho temporariamente para lançamento contábil manual {0}
Please do not book expense of multiple assets against one single Asset.,Não registre despesas de vários ativos em relação a um único ativo.
Please do not create more than 500 items at a time,"Por favor, não crie mais de 500 itens por vez"
Please enable Applicable on Booking Actual Expenses,Ative Aplicável às despesas reais da reserva
Please enable Applicable on Purchase Order and Applicable on Booking Actual Expenses,Ative Aplicável no pedido de compra e Aplicável nas despesas reais da reserva
Please enable Use Old Serial / Batch Fields to make_bundle,Ative Usar campos seriais/lotes antigos para make_bundle
Please enable only if the understand the effects of enabling this.,Ative apenas se entender os efeitos de ativar isso.
Please enable pop-ups,Ative os pop-ups
Please enable {0} in the {1}.,Ative {0} em {1}.
Please enable {} in {} to allow same item in multiple rows,Ative {} em {} para permitir o mesmo item em várias linhas
Please ensure that the {0} account is a Balance Sheet account. You can change the parent account to a Balance Sheet account or select a different account.,Certifique-se de que a conta {0} seja uma conta de balanço patrimonial. Você pode alterar a conta principal para uma conta de Balanço Patrimonial ou selecionar uma conta diferente.
Please ensure that the {0} account {1} is a Payable account. You can change the account type to Payable or select a different account.,Certifique-se de que a {0} conta {1} seja uma conta a pagar. Você pode alterar o tipo de conta para Pagar ou selecionar uma conta diferente.
Please ensure {} account is a Balance Sheet account.,Certifique-se de que a conta {} seja uma conta de balanço patrimonial.
Please ensure {} account {} is a Receivable account.,Certifique-se de que a {} conta {} seja uma conta a receber.
Please enter Account for Change Amount,Insira a conta para o valor da alteração
Please enter Approving Role or Approving User,Insira a função de aprovação ou o usuário de aprovação
Please enter Batch No,Por favor insira o número do lote
Please enter Cost Center,Por favor insira o centro de custo
Please enter Employee Id of this sales person,Insira o ID do funcionário deste vendedor
Please enter Expense Account,Insira a conta de despesas
Please enter Item Code to get Batch Number,"Por favor, insira o código do item para obter o número do lote"
Please enter Item Code to get batch no,"Por favor, insira o código do item para obter o número do lote"
Please enter Item first,Por favor insira o item primeiro
Please enter Maintenance Details first,"Por favor, insira os detalhes de manutenção primeiro"
Please enter Planned Qty for Item {0} at row {1},Insira a quantidade planejada para o item {0} na linha {1}
Please enter Production Item first,Por favor insira o item de produção primeiro
Please enter Receipt Document,Por favor insira o documento de recebimento
Please enter Reference date,Insira a data de referência
Please enter Root Type for account- {0},Insira o tipo de raiz da conta - {0}
Please enter Serial No,Por favor insira o número de série
Please enter Serial Nos,Insira os números de série
Please enter Shipment Parcel information,Insira as informações do pacote de remessa
Please enter Write Off Account,Insira a conta de baixa
Please enter a valid number of deliveries,Insira um número válido de entregas
Please enter a valid quantity,Insira uma quantidade válida
Please enter at least one delivery date and quantity,Insira pelo menos uma data de entrega e quantidade
Please enter company name first,Insira primeiro o nome da empresa
Please enter default currency in Company Master,Insira a moeda padrão no Cadastro da Empresa
Please enter message before sending,Por favor insira a mensagem antes de enviar
Please enter mobile number first.,"Por favor, insira o número do celular primeiro."
Please enter parent cost center,Insira o centro de custo pai
Please enter quantity for item {0},Insira a quantidade do item {0}
Please enter relieving date.,"Por favor, insira a data de alívio."
Please enter serial nos,Por favor insira os números de série
Please enter the first delivery date,Por favor insira a primeira data de entrega
Please enter the phone number first,"Por favor, insira o número de telefone primeiro"
Please enter the {schedule_date}.,Insira {schedule_date}.
Please enter valid Financial Year Start and End Dates,Insira datas válidas de início e término do exercício financeiro
Please enter {0} first,Por favor insira {0} primeiro
Please fill the Sales Orders table,Por favor preencha a tabela de ordens de vendas
"Please first set Full Name, Email and Phone for the user","Primeiro defina o nome completo, e-mail e telefone do usuário"
Please fix overlapping time slots for {0},Corrija intervalos de tempo sobrepostos para {0}
Please fix overlapping time slots for {0}.,Corrija intervalos de tempo sobrepostos para {0}.
Please generate To Delete list before submitting,"Por favor, gere uma lista para excluir antes de enviar"
Please generate the To Delete list before submitting,"Por favor, gere a lista para excluir antes de enviar"
Please import accounts against parent company or enable {} in company master.,Importe contas da empresa controladora ou ative {} no mestre da empresa.
Please make sure the file you are using has 'Parent Account' column present in the header.,Certifique-se de que o arquivo que você está usando tenha a coluna 'Conta dos pais' presente no cabeçalho.
Please make sure you really want to delete all the transactions for this company. Your master data will remain as it is. This action cannot be undone.,Certifique-se de que realmente deseja excluir todas as transações desta empresa. Seus dados mestre permanecerão como estão. Esta ação não pode ser desfeita.
Please mention 'Weight UOM' along with Weight.,Mencione 'Peso UOM' junto com Peso.
Please mention '{0}' in Company: {1},Mencione '{0}' na Empresa: {1}
Please mention the Current and New BOM for replacement.,Mencione a lista técnica atual e a nova para substituição.
Please pull items from Delivery Note,Retire os itens da nota de entrega
Please rectify and try again.,Corrija e tente novamente.
Please refresh or reset the Plaid linking of the Bank {}.,Atualize ou redefina a vinculação do Plaid do banco {}.
Please review the {0} configuration and complete any required financial setup activities.,Revise a configuração de {0} e conclua todas as atividades de configuração financeira necessárias.
Please save before proceeding.,Salve antes de continuar.
Please save first,Salve primeiro
Please save the Sales Order before adding a delivery schedule.,Salve a ordem de vendas antes de adicionar uma programação de entrega.
Please select <b>Template Type</b> to download template,Selecione <b>Tipo de modelo</b> para baixar o modelo
Please select Apply Discount On,Selecione Aplicar desconto em
Please select BOM against item {0},Selecione BOM no item {0}
Please select BOM for Item in Row {0},Selecione BOM para o item na linha {0}
Please select Bank Account,Selecione Conta Bancária
Please select Category first,Selecione a categoria primeiro
Please select Charge Type first,Selecione primeiro o tipo de cobrança
Please select Company,Por favor selecione Empresa
Please select Company and Posting Date to getting entries,Selecione a empresa e a data de lançamento para obter entradas
Please select Company first,Selecione a empresa primeiro
Please select Customer first,Selecione o cliente primeiro
Please select Existing Company for creating Chart of Accounts,Selecione a empresa existente para criar o plano de contas
Please select Finished Good Item for Service Item {0},Selecione Item de produto acabado para item de serviço {0}
Please select Item Code first,Selecione o código do item primeiro
Please select Maintenance Status as Completed or remove Completion Date,Selecione o status de manutenção como concluído ou remova a data de conclusão
Please select Party Type first,Selecione primeiro o tipo de festa
Please select Periodic Accounting Entry Difference Account,Selecione Conta de diferença de lançamento contábil periódico
Please select Posting Date before selecting Party,Selecione a data de postagem antes de selecionar a parte
Please select Posting Date first,Selecione a data de postagem primeiro
Please select Price List,Por favor selecione Lista de Preços
Please select Qty against item {0},Selecione a quantidade no item {0}
Please select Sample Retention Warehouse in Stock Settings first,Selecione primeiro o Armazém de Retenção de Amostras nas Configurações de Estoque
Please select Serial/Batch Nos to reserve or change Reservation Based On to Qty.,Selecione Números de série/lote para reservar ou altere Reserva com base em para Quantidade.
Please select Start Date and End Date for Item {0},Selecione a data de início e a data de término para o item {0}
Please select Stock Asset Account,Selecione Conta de Ativos de Estoque
Please select Subcontracting Order instead of Purchase Order {0},Selecione Ordem de subcontratação em vez de Ordem de compra {0}
Please select Unrealized Profit / Loss account or add default Unrealized Profit / Loss account account for company {0},Selecione a conta de lucros/perdas não realizados ou adicione a conta padrão de lucros/perdas não realizados para a empresa {0}
Please select a Company,Selecione uma empresa
Please select a Subcontracting Purchase Order.,Selecione um pedido de compra de subcontratação.
Please select a Warehouse,Selecione um Armazém
Please select a Work Order first.,Selecione uma ordem de serviço primeiro.
Please select a company.,Selecione uma empresa.
Please select a country,Selecione um país
Please select a customer for fetching payments.,Selecione um cliente para buscar pagamentos.
Please select a date,Selecione uma data
Please select a date and time,Selecione uma data e hora
Please select a field to edit from numpad,Selecione um campo para editar no teclado numérico
Please select a frequency for delivery schedule,Selecione uma frequência para o cronograma de entrega
Please select a row to create a Reposting Entry,Selecione uma linha para criar uma entrada de repostagem
Please select a supplier for fetching payments.,Selecione um fornecedor para obter pagamentos.
Please select a valid Purchase Order that has Service Items.,Selecione um pedido de compra válido que contenha itens de serviço.
Please select a valid Purchase Order that is configured for Subcontracting.,Selecione uma Ordem de Compra válida que esteja configurada para Subcontratação.
Please select a value for {0} quotation_to {1},Selecione um valor para {0} quote_to {1}
Please select an item code before setting the warehouse.,Selecione um código de item antes de configurar o armazém.
"Please select at least one filter: Item Code, Batch, or Serial No.","Selecione pelo menos um filtro: Código do item, lote ou número de série."
Please select at least one row to fix,Selecione pelo menos uma linha para corrigir
Please select at least one row with difference value,Selecione pelo menos uma linha com valor de diferença
Please select at least one schedule.,Selecione pelo menos um horário.
Please select atleast one item to continue,Selecione pelo menos um item para continuar
Please select atleast one operation to create Job Card,Selecione pelo menos uma operação para criar o Cartão de Trabalho
Please select correct account,Selecione a conta correta
Please select date,Selecione a data
Please select either the Item or Warehouse or Warehouse Type filter to generate the report.,Selecione o filtro Item ou Armazém ou Tipo de armazém para gerar o relatório.
Please select item code,Selecione o código do item
Please select items to reserve.,Selecione os itens para reservar.
Please select items to unreserve.,Selecione os itens para cancelar a reserva.
Please select only one row to create a Reposting Entry,Selecione apenas uma linha para criar uma entrada de repostagem
Please select rows to create Reposting Entries,Selecione as linhas para criar entradas de repostagem
Please select the Multiple Tier Program type for more than one collection rules.,Selecione o tipo de programa de vários níveis para mais de uma regra de cobrança.
Please select the Warehouse first,Por favor selecione o Armazém primeiro
Please select the customer.,Selecione o cliente.
Please select the document type first,Selecione primeiro o tipo de documento
Please select the document type first.,Selecione primeiro o tipo de documento.
Please select the required filters,Selecione os filtros necessários
Please select valid document type.,Selecione um tipo de documento válido.
Please select weekly off day,Selecione o dia de folga semanal
Please select {0},Selecione {0}
Please select {0} first,Selecione {0} primeiro
Please set 'Apply Additional Discount On',Defina 'Aplicar desconto adicional em'
Please set 'Asset Depreciation Cost Center' in Company {0},Defina 'Centro de custo de depreciação de ativos' na empresa {0}
Please set '{0}' in Company: {1},Defina '{0}' na Empresa: {1}
Please set Account,"Por favor, defina a conta"
Please set Account for Change Amount,Defina a conta para o valor da alteração
Please set Account in Warehouse {0} or Default Inventory Account in Company {1},Defina a conta no armazém {0} ou a conta de estoque padrão na empresa {1}
Please set Accounting Dimension {} in {},Defina a dimensão contábil {} em {}
Please set Company,Por favor defina a empresa
Please set Customer Address to determine if the transaction is an export.,Defina o Endereço do Cliente para determinar se a transação é uma exportação.
Please set Depreciation related Accounts in Asset Category {0} or Company {1},Defina contas relacionadas à depreciação na categoria de ativo {0} ou empresa {1}
Please set Email/Phone for the contact,Defina e-mail/telefone para o contato
Please set Fiscal Code for the customer '%s',Por favor defina o Código Fiscal para o cliente '%s'
Please set Fiscal Code for the public administration '%s',Por favor defina o Código Fiscal da administração pública '%s'
Please set Fixed Asset Account in Asset Category {0},Defina a conta de ativo fixo na categoria de ativo {0}
Please set Fixed Asset Account in {} against {}.,Defina a conta de ativo fixo em {} em vez de {}.
Please set Parent Row No for item {0},Defina o número da linha pai para o item {0}
Please set Purchase Expense Contra Account in Company {0},Defina a conta de contrapartida de despesas de compra na empresa {0}
Please set Root Type,Defina o tipo de raiz
Please set Tax ID for the customer '%s',Defina o NIF do cliente '%s'
Please set Unrealized Exchange Gain/Loss Account in Company {0},Defina a conta de ganho/perda cambial não realizada na empresa {0}
Please set VAT Accounts in {0},Defina contas de IVA em {0}
"Please set Vat Accounts for Company: ""{0}"" in UAE VAT Settings","Defina as contas de IVA para a empresa: ""{0}"" nas configurações de IVA dos Emirados Árabes Unidos"
Please set a Cost Center for the Asset or set an Asset Depreciation Cost Center for the Company {},Defina um centro de custo para o ativo ou um centro de custo de depreciação de ativo para a empresa {}
Please set a default Holiday List for Company {0},Defina uma lista de feriados padrão para a empresa {0}
Please set a default Holiday List for Employee {0} or Company {1},Defina uma lista de feriados padrão para o funcionário {0} ou a empresa {1}
Please set account in Warehouse {0},Defina a conta no Armazém {0}
Please set actual demand or sales forecast to generate Material Requirements Planning Report.,Defina a demanda real ou a previsão de vendas para gerar o Relatório de planejamento de necessidades de materiais.
Please set an Address on the Company '%s',Por favor defina um endereço na empresa '%s'
Please set an Expense Account in the Items table,Defina uma conta de despesas na tabela Itens
Please set an email id for the Lead {0},Defina um ID de e-mail para o lead {0}
Please set at least one row in the Taxes and Charges Table,"Por favor, defina pelo menos uma linha na Tabela de Impostos e Taxas"
Please set both the Tax ID and Fiscal Code on Company {0},Defina o NIF e o código fiscal na empresa {0}
Please set default Exchange Gain/Loss Account in Company {},Defina a conta padrão de ganhos/perdas cambiais na empresa {}
Please set default Expense Account in Company {0},Defina a conta de despesas padrão na empresa {0}
Please set default cost of goods sold account in company {0} for booking rounding gain and loss during stock transfer,Defina a conta padrão de custo de mercadorias vendidas na empresa {0} para registrar ganhos e perdas de arredondamento durante a transferência de estoque
"Please set default inventory account for item {0}, or their item group or brand.",Defina a conta de inventário padrão para o item {0} ou seu grupo de itens ou marca.
Please set default {0} in Company {1},Defina o padrão {0} na Empresa {1}
Please set filter based on Item or Warehouse,Defina o filtro com base no item ou armazém
Please set filters,Defina filtros
Please set one of the following:,"Por favor, defina um dos seguintes:"
Please set opening number of booked depreciations,Defina o número de abertura das depreciações contabilizadas
Please set recurring after saving,Defina recorrente depois de salvar
Please set the Customer Address,"Por favor, defina o endereço do cliente"
Please set the Item Code first,"Por favor, defina o código do item primeiro"
Please set the Target Warehouse in the Job Card,"Por favor, defina o Armazém Alvo no Cartão de Trabalho"
Please set the WIP Warehouse in the Job Card,"Por favor, defina o Armazém WIP no Cartão de Trabalho"
Please set the cost center field in {0} or setup a default Cost Center for the Company.,Defina o campo centro de custo em {0} ou configure um centro de custo padrão para a empresa.
Please set up the Campaign Schedule in the Campaign {0},Configure a programação da campanha na campanha {0}
Please set {0} first.,Defina {0} primeiro.
"Please set {0} for Batched Item {1}, which is used to set {2} on Submit.","Defina {0} para o item em lote {1}, que é usado para definir {2} no envio."
Please set {0} for address {1},Defina {0} para o endereço {1}
Please set {0} in BOM Creator {1},Defina {0} no BOM Creator {1}
Please set {0} in Company {1} to account for Exchange Gain / Loss,Defina {0} na Empresa {1} para contabilizar ganhos/perdas cambiais
"Please set {0} to {1}, the same account that was used in the original invoice {2}.","Defina {0} como {1}, a mesma conta usada na fatura original {2}."
Please setup and enable a group account with the Account Type - {0} for the company {1},Configure e ative uma conta de grupo com o tipo de conta - {0} para a empresa {1}
Please share this email with your support team so that they can find and fix the issue.,Compartilhe este e-mail com sua equipe de suporte para que eles possam encontrar e corrigir o problema.
Please specify,Por favor especifique
Please specify Company,Por favor especifique a empresa
Please specify Company to proceed,Especifique a empresa para prosseguir
Please specify a valid Row ID for row {0} in table {1},Especifique um ID de linha válido para a linha {0} na tabela {1}
Please specify a {0} first.,Especifique um {0} primeiro.
Please specify either Quantity or Valuation Rate or both,Especifique a Quantidade ou a Taxa de Avaliação ou ambas
Please specify from/to range,Especifique o intervalo de/até
Please try again in an hour.,Tente novamente em uma hora.
Please uncheck 'Show in Bucket View' to create Orders,Desmarque 'Mostrar na visualização do bucket' para criar pedidos
Please update Repair Status.,Atualize o status do reparo.
Point Of Sale,Ponto de venda
Policy No,Política Não
Policy number,Número da apólice
Portal,Portal
Portal User,Usuário do Portal
Portal Users,Usuários do portal
Portrait,Retrato
Post Description Key,Chave de descrição da postagem
Post Graduate,Pós-Graduação
Post Route Key,Chave pós-rota
Post Route Key List,Lista de chaves pós-rota
Post Route String,String de pós-rota
Post Title Key,Chave do título da postagem
Postal Code,Código postal
Posting Date Inheritance for Exchange Gain / Loss,Herança de data de lançamento para ganho/perda cambial
Posting Date will change to today's date as Edit Posting Date and Time is unchecked. Are you sure want to proceed?,"A data de postagem mudará para a data de hoje, pois Editar data e hora de postagem está desmarcado. Tem certeza de que deseja prosseguir?"
Posting Datetime,Data e hora da postagem
Posting date is required,A data de lançamento é obrigatória
Posting timestamp must be after {0},O carimbo de data/hora da postagem deve ser posterior a {0}
Potential Sales Deal,Potencial acordo de vendas
Powered by {0},Desenvolvido por {0}
"Preencha artigo, quantidade (> 0) e preço em todas as linhas.","Preencha item, quantidade (> 0) e preço em todas as linhas."
Preferred Contact Email,E-mail de contato preferencial
Preferred Email,E-mail preferido
Prepaid Expenses,Despesas pré-pagas
Prevdoc DocType,Tipo de documento anterior
Prevent POs,Evitar pedidos de compra
Prevent Purchase Orders,Impedir pedidos de compra
Prevent RFQs,Evitar solicitações de cotação
Preventive,Preventivo
Preventive Action,Ação Preventiva
Preventive Maintenance,Manutenção preventiva
Preview,Visualização
Preview Email,Visualizar e-mail
Preview Required Materials,Visualizar materiais necessários
Previous Qty,Quantidade anterior
Previous Work Experience,Experiência Profissional Anterior
"Previous Year is not closed, please close it first","O ano anterior não está fechado, feche-o primeiro"
Preço,Preço
Preço c/ desconto,Preço c/ desconto
Preço unitário,Preço unitário
Preços em {0},Preços em {0}
Price ({0}),Preço ({0})
Price Discount Scheme,Esquema de desconto de preço
Price Discount Slabs,Lajes com desconto de preço
Price List Currency,Moeda da lista de preços
Price List Defaults,Padrões da lista de preços
Price List Exchange Rate,Taxa de câmbio da lista de preços
Price List Name,Nome da lista de preços
Price List Rate,Taxa de lista de preços
Price List Rate (Company Currency),Taxa da lista de preços (moeda da empresa)
Price Not UOM Dependent,Preço não dependente de UOM
Price Per Unit ({0}),Preço por unidade ({0})
Price is not set for the item.,O preço não está definido para o item.
Price not found for item {0} in price list {1},Preço não encontrado para o item {0} na lista de preços {1}
Price or Product Discount,Preço ou desconto no produto
Price per Unit (Stock UOM),Preço por Unidade (UM Estoque)
Pricing Rule Help,Ajuda sobre regras de preços
"Pricing Rule is first selected based on 'Apply On' field, which can be Item, Item Group or Brand.","A regra de preços é selecionada primeiro com base no campo 'Aplicar em', que pode ser Item, Grupo de itens ou Marca."
"Pricing Rule is made to overwrite Price List / define discount percentage, based on some criteria.","A Regra de Preços é feita para substituir a Lista de Preços/definir o percentual de desconto, com base em alguns critérios."
Pricing Rules,Regras de preços
Pricing Rules are further filtered based on quantity.,As regras de preços são filtradas com base na quantidade.
Primary Address,Endereço principal
Primary Address and Contact,Endereço principal e contato
Primary Contact,Contato principal
Primary Contact Email,E-mail de contato principal
Primary Party,Partido Primário
Primary Role,Função principal
Primary Settings,Configurações primárias
Print,Imprimir
Print Format,Formato de impressão
Print Format Type should be Jinja.,O tipo de formato de impressão deve ser Jinja.
Print Format must be an enabled Report Print Format matching the selected Report.,O formato de impressão deve ser um formato de impressão de relatório habilitado que corresponda ao relatório selecionado.
Print Heading,Imprimir título
Print IRS 1099 Forms,Imprimir formulários IRS 1099
Print Language,Idioma de impressão
Print Preferences,Preferências de impressão
Print Receipt on Order Complete,Imprimir recibo no pedido concluído
Print Settings,Configurações de impressão
Print Without Amount,Imprimir sem valor
Printed on {0},Impresso em {0}
Printing Details,Detalhes de impressão
Printing Settings,Configurações de impressão
Priorities,Prioridades
Priority,Prioridade
Priority cannot be lesser than 1.,A prioridade não pode ser inferior a 1.
Priority is mandatory,Prioridade é obrigatória
Probability,Probabilidade
Probability (%),Probabilidade (%)
Problem,Problema
Procedure,Procedimento
Procedures dropped,Procedimentos abandonados
Proceed,Prosseguir
Process Description,Descrição do Processo
Process Loss,Perda de Processo
Process Loss %,Perda de Processo %
Process Loss Percentage cannot be greater than 100,A porcentagem de perda de processo não pode ser superior a 100
Process Loss Qty,Quantidade de perda de processo
Process Loss Quantity,Quantidade de perda de processo
Process Loss Report,Relatório de perda de processo
Process Loss Value,Valor de perda de processo
Process Owner,Proprietário do Processo
Process Owner Full Name,Nome completo do proprietário do processo
Process Payment Reconciliation,Processar reconciliação de pagamento
Process Payment Reconciliation Log,Processar registro de reconciliação de pagamento
Process Payment Reconciliation Log Allocations,Processar alocações de log de reconciliação de pagamento
Process Period Closing Voucher,Voucher de encerramento do período de processo
Process Period Closing Voucher Detail,Detalhe do Voucher de Fechamento do Período de Processo
Process Statement Of Accounts CC,Processar extrato de contas CC
Process Subscription,Assinatura de Processo
Process in Single Transaction,Processo em Transação Única
Processed BOMs,BOMs processadas
Processes,Processos
Processing Date,Data de Processamento
Processing XML Files,Processando arquivos XML
Processing import...,Processando importação...
Procurement Tracker,Rastreador de compras
Produced / Received Qty,Quantidade produzida/recebida
Produced Qty,Quantidade produzida
Product,Produto
Product Bundle Help,Ajuda do pacote de produtos
Product Bundle Item,Item do pacote de produtos
Product Discount Scheme,Esquema de Desconto de Produto
Product Discount Slabs,Lajes de desconto de produto
Product Enquiry,Consulta de produto
Product Price ID,ID do preço do produto
Production Capacity,Capacidade de produção
Production Item Info,Informações do item de produção
Production Plan Already Submitted,Plano de produção já enviado
Production Plan Item,Item do plano de produção
Production Plan Item Reference,Referência de item do plano de produção
Production Plan Qty,Quantidade do plano de produção
Production Plan Sub Assembly Item,Item de subconjunto do plano de produção
Production Plan Summary,Resumo do Plano de Produção
Profile,Perfil
Profit & Loss,Lucro e Perda
Profit This Year,Lucro este ano
Profit and Loss Summary,Resumo de lucros e perdas
Progress,Progresso
Progress % for a task cannot be more than 100.,A % de progresso de uma tarefa não pode ser superior a 100.
Progress (%),Progresso (%)
Project,Projeto
Project Id,ID do projeto
Project Profitability,Rentabilidade do Projeto
Project Progress:,Progresso do projeto:
Project Status,Status do projeto
Project Type,Tipo de projeto
Project will be accessible on the website to these users,O projeto estará acessível no site para esses usuários
Project-wise data is not available for Quotation,Os dados do projeto não estão disponíveis para cotação
Projected,Projetado
Projected On Hand,Projetado em mãos
Projected Qty,Quantidade projetada
Projected Quantity Formula,Fórmula de Quantidade Projetada
Projected Quantity as Source,Quantidade projetada como fonte
Projected qty,Quantidade projetada
Promotional,Promocional
Promotional Scheme Id,ID do esquema promocional
Prompt Qty,Quantidade do prompt
Proposta comercial gerada com sucesso!,Proposta comercial gerada com sucesso!
Prorate,Proporcionar
Prospect,Cliente em potencial
Prospect Lead,Cliente potencial
Prospect Opportunity,Oportunidade em potencial
Prospect Owner,Proprietário em potencial
Prospect {0} already exists,O cliente potencial {0} já existe
Prospects Engaged But Not Converted,"Clientes em potencial engajados, mas não convertidos"
Protected DocType,DocType protegido
Provide Email Address registered in company,Forneça o endereço de e-mail cadastrado na empresa
Providing,Fornecendo
Provisional Account,Conta Provisória
Provisional Expense Account,Conta de Despesas Provisórias
Publish Date,Data de publicação
Publisher,Editor
Publisher ID,ID do editor
Purchase Defaults,Padrões de compra
Purchase Details,Detalhes da compra
Purchase Expense,Despesa de compra
Purchase Expense Account,Conta de despesas de compra
Purchase Expense Contra Account,Conta de contrapartida de despesas de compra
Purchase Expense for Item {0},Despesa de compra do item {0}
Purchase Invoice Item,Item da fatura de compra
Purchase Manager,Gerente de compras
Purchase Master Manager,Gerente mestre de compras
Purchase Order Item,Item do pedido de compra
Purchase Order Item Supplied,Item do pedido de compra fornecido
Purchase Order Item reference is missing in Subcontracting Receipt {0},A referência do item do pedido de compra está faltando no recibo de subcontratação {0}
Purchase Order Pricing Rule,Regra de preço do pedido de compra
Purchase Order Required for item {},Ordem de compra necessária para o item {}
Purchase Order number required for Item {0},Número do pedido de compra necessário para o item {0}
Purchase Order {0} created,Ordem de compra {0} criada
Purchase Orders Items Overdue,Itens de pedidos de compra vencidos
Purchase Orders to Bill,Ordens de compra para faturar
Purchase Orders to Receive,Pedidos de compra para receber
Purchase Orders {0} are un-linked,Os pedidos de compra {0} estão desvinculados
Purchase Receipt (Draft) will be auto-created on submission of Subcontracting Receipt.,O Recibo de Compra (Rascunho) será criado automaticamente no envio do Recibo de Subcontratação.
Purchase Receipt Detail,Detalhes do recibo de compra
Purchase Receipt Item,Item de recibo de compra
Purchase Receipt Item Supplied,Item de recibo de compra fornecido
Purchase Receipt No,Número do recibo de compra
Purchase Receipt Required for item {},Recibo de compra necessário para o item {}
Purchase Receipt doesn't have any Item for which Retain Sample is enabled.,O recibo de compra não possui nenhum item para o qual Reter amostra esteja ativado.
Purchase Receipt {0} created.,Recibo de compra {0} criado.
Purchase Tax Withholding Category,Categoria de retenção de imposto de compra
Purchase Time,Tempo de compra
Purchase User,Usuário de compra
Purchase Value,Valor de compra
Purchase Voucher No,Voucher de compra não
Purchase Voucher Type,Tipo de voucher de compra
Purchased,Comprado
Purchases,Compras
Purple,Roxo
Purposes,Finalidades
Purposes Required,Finalidades necessárias
Putaway Rule,Regra de armazenamento
Putaway Rule already exists for Item {0} in Warehouse {1}.,A regra de armazenamento já existe para o item {0} no armazém {1}.
Qty,Quantidade
Qty ,Quantidade
Qty (As per BOM),Quantidade (conforme BOM)
Qty (Company),Quantidade (Empresa)
Qty (Warehouse),Quantidade (Armazém)
Qty (in Stock UOM),Quantidade (UM em estoque)
Qty After Transaction,Quantidade após transação
Qty Change,Alteração de quantidade
Qty Consumed Per Unit,Quantidade consumida por unidade
Qty In Stock,Quantidade em estoque
Qty Per Unit,Quantidade por unidade
Qty To Manufacture,Quantidade para fabricar
"Qty To Manufacture ({0}) cannot be a fraction for the UOM {2}. To allow this, disable '{1}' in the UOM {2}.","A Quantidade de Fabricação ({0}) não pode ser uma fração para a UOM {2}. Para permitir isso, desative '{1}' na UOM {2}."
Qty To Manufacture in the job card cannot be greater than Qty To Manufacture in the work order for the operation {0}. <br><br><b>Solution: </b> Either you can reduce the Qty To Manufacture in the job card or set the 'Overproduction Percentage For Work Order' in the {1}.,A Quantidade de Fabricação no cartão de trabalho não pode ser maior que a Quantidade de Fabricação na ordem de serviço da operação {0}. <br><br><b>Solução: </b> Você pode reduzir a Quantidade a ser fabricada no cartão de trabalho ou definir a 'Porcentagem de superprodução para ordem de serviço' em {1}.
Qty To Produce,Quantidade para produzir
Qty Wise Chart,Gráfico sábio de quantidade
Qty and Rate,Quantidade e taxa
Qty as Per Stock UOM,Quantidade conforme UOM de estoque
Qty as per Stock UOM,Quantidade conforme UOM de estoque
Qty for which recursion isn't applicable.,Quantidade para a qual a recursão não é aplicável.
Qty for {0},Quantidade para {0}
Qty in Stock UOM,Quantidade em estoque UOM
Qty of Finished Goods Item should be greater than 0.,A quantidade do item de produtos acabados deve ser maior que 0.
Qty of raw materials will be decided based on the qty of the Finished Goods Item,A quantidade de matérias-primas será decidida com base na quantidade do item de produtos acabados
Qty to Be Consumed,Quantidade a ser consumida
Qty to Bill,Quantidade a faturar
Qty to Build,Quantidade para construir
Qty to Deliver,Quantidade para entregar
Qty to Disassemble,Quantidade para desmontar
Qty to Fetch,Quantidade a ser buscada
Qty to Manufacture,Quantidade para fabricação
Qty to Order,Quantidade a encomendar
Qty to Produce,Quantidade para produzir
Qty to Receive,Quantidade a receber
Qty to Transfer,Quantidade a transferir
Qualification Status,Status de qualificação
Qualified,Qualificado
Qualified By,Qualificado por
Qualified on,Qualificado em
Quality Feedback,Feedback de qualidade
Quality Feedback Parameter,Parâmetro de feedback de qualidade
Quality Feedback Template,Modelo de feedback de qualidade
Quality Feedback Template Parameter,Parâmetro do modelo de feedback de qualidade
Quality Goal Objective,Objetivo da Meta de Qualidade
Quality Inspection Parameter,Parâmetro de inspeção de qualidade
Quality Inspection Parameter Group,Grupo de parâmetros de inspeção de qualidade
Quality Inspection Required,Inspeção de qualidade necessária
Quality Inspection Settings,Configurações de inspeção de qualidade
Quality Inspection Template Name,Nome do modelo de inspeção de qualidade
Quality Inspection is required for the item {0} before completing the job card {1},A Inspeção de Qualidade é necessária para o item {0} antes de preencher o cartão de trabalho {1}
Quality Inspection {0} is not submitted for the item: {1},A Inspeção de Qualidade {0} não foi enviada para o item: {1}
Quality Inspection {0} is rejected for the item: {1},A Inspeção de Qualidade {0} foi rejeitada para o item: {1}
Quality Inspection(s),Inspeções de qualidade
Quality Management,Gestão da Qualidade
Quantidade,Quantidade
Quantity  that must be bought or sold per UOM,Quantidade que deve ser comprada ou vendida por UOM
Quantity & Stock,Quantidade e estoque
Quantity (A - B),Quantidade (A - B)
Quantity (Output Qty),Quantidade (Quantidade de Saída)
Quantity Difference,Diferença de quantidade
Quantity and Amount,Quantidade e Valor
Quantity and Description,Quantidade e Descrição
Quantity and Rate,Quantidade e Taxa
Quantity and Warehouse,Quantidade e Armazém
Quantity cannot be greater than {0} for Item {1},A quantidade não pode ser maior que {0} para o item {1}
Quantity is mandatory for the selected items.,A quantidade é obrigatória para os itens selecionados.
Quantity is required,A quantidade é obrigatória
Quantity must be greater than zero,A quantidade deve ser maior que zero
Quantity must be less than or equal to {0},A quantidade deve ser menor ou igual a {0}
Quantity must not be more than {0},A quantidade não deve ser superior a {0}
Quantity required for Item {0} in row {1},Quantidade necessária para o item {0} na linha {1}
Quantity should be greater than 0,A quantidade deve ser maior que 0
Quantity to Scan,Quantidade para digitalizar
Quarter {0} {1},Trimestre {0} {1}
Quarterly,Trimestral
Query Route String,String de rota de consulta
Queue Size should be between 5 and 100,O tamanho da fila deve estar entre 5 e 100
Quick Ratio,Proporção Rápida
Quot/Lead %,Cota/Lead %
Quotation Item,Item de cotação
Quotation Number,Número da cotação
Quotation To,Cotação para
Quotations: ,Cotações:
Quote Status,Status da cotação
Quoted Amount,Valor cotado
RFQ and Purchase Order Settings,Configurações de RFQ e ordem de compra
RFQs are not allowed for {0} due to a scorecard standing of {1},RFQs não são permitidas para {0} devido a uma classificação de scorecard de {1}
Raise Material Request When Stock Reaches Re-order Level,Aumentar a solicitação de material quando o estoque atingir o nível de novo pedido
Raised By,Criado por
Raised By (Email),Levantado por (e-mail)
Random,aleatório
Range,Faixa
Rate & Amount,Taxa e valor
Rate (Company Currency),Taxa (moeda da empresa)
Rate Of Materials Based On,Taxa de materiais com base em
Rate Of TDS As Per Certificate,Taxa de TDS conforme certificado
Rate Section,Seção de taxas
Rate With Margin,Taxa com margem
Rate With Margin (Company Currency),Taxa com margem (moeda da empresa)
Rate and Amount,Taxa e valor
Rate at which Customer Currency is converted to customer's base currency,Taxa pela qual a Moeda do Cliente é convertida para a moeda base do cliente
Rate at which Price list currency is converted to company's base currency,Taxa pela qual a moeda da lista de preços é convertida para a moeda base da empresa
Rate at which Price list currency is converted to customer's base currency,Taxa pela qual a moeda da lista de preços é convertida para a moeda base do cliente
Rate at which customer's currency is converted to company's base currency,Taxa pela qual a moeda do cliente é convertida para a moeda base da empresa
Rate at which supplier's currency is converted to company's base currency,Taxa pela qual a moeda do fornecedor é convertida para a moeda base da empresa
Rate at which this tax is applied,Taxa de aplicação deste imposto
Rate of '{}' items cannot be changed,A taxa de itens '{}' não pode ser alterada
Rate of Depreciation,Taxa de depreciação
Rate of Depreciation (%),Taxa de depreciação (%)
Rate of Interest (%) Yearly,Taxa de juros (%) anual
Rate of Stock UOM,Taxa de UOM de estoque
Rate or Discount,Taxa ou desconto
Rates,Tarifas
Rating,Avaliação
Ratios,Razões
Raw Material Cost,Custo da matéria-prima
Raw Material Cost (Company Currency),Custo da matéria-prima (moeda da empresa)
Raw Material Cost Per Qty,Custo de matéria-prima por quantidade
Raw Material Item,Item de matéria-prima
Raw Material Item Code,Código do item de matéria-prima
Raw Material Value,Valor da matéria-prima
Raw Material Voucher No,Voucher de Matéria Prima Não
Raw Material Voucher Type,Tipo de voucher de matéria-prima
Raw Materials Actions,Ações de Matérias-Primas
Raw Materials Consumed,Matérias-primas consumidas
Raw Materials Consumption,Consumo de Matérias-Primas
Raw Materials Missing,Faltam matérias-primas
Raw Materials Required,Matérias-primas necessárias
Raw Materials Supplied,Matérias-primas fornecidas
Raw Materials Supplied Cost,Custo Fornecido de Matérias-Primas
Raw Materials to Customer,Matérias-primas para o cliente
Raw SQL,SQL bruto
Raw materials consumed qty will be validated based on FG BOM required qty,A quantidade consumida de matérias-primas será validada com base na quantidade exigida do FG BOM
Re-order Level,Nível de reordenamento
Re-order Qty,Reordenar quantidade
Reached Root,Raiz alcançada
Read Only,Somente leitura
Reading 1,Leitura 1
Reading 10,Leitura 10
Reading 2,Leitura 2
Reading 3,Leitura 3
Reading 4,Leitura 4
Reading 5,Leitura 5
Reading 6,Leitura 6
Reading 7,Leitura 7
Reading 8,Leitura 8
Reading 9,Leitura 9
Reading Value,Valor de leitura
Readings,Leituras
Reason,Razão
Reason for Failure,Motivo do fracasso
Reason for Leaving,Razão para sair
Reason for hold:,Motivo da retenção:
Rebuild Tree,Reconstruir árvore
Rebuilding BTree for period ...,Reconstruindo BTree por período ...
Recalculate Batch Qty,Recalcular quantidade de lote
Recalculate Bin Qty,Recalcular quantidade do compartimento
Recalculate Incoming/Outgoing Rate,Recalcular taxa de entrada/saída
Receipt Document,Documento de recebimento
Receipt Document Type,Tipo de documento de recebimento
Receipt Items,Itens de recebimento
Receivable / Payable Account,Conta a Receber/Pagar
Receivable/Payable Account,Conta a Receber/Pagar
Receivable/Payable Account: {0} doesn't belong to company {1},Conta a receber/a pagar: {0} não pertence à empresa {1}
Receivables,Contas a receber
Receive,Receber
Receive from Customer,Receber do cliente
Received,Recebido
Received Amount,Valor recebido
Received Amount (Company Currency),Valor recebido (moeda da empresa)
Received Amount After Tax,Valor recebido após impostos
Received Amount After Tax (Company Currency),Valor recebido após impostos (moeda da empresa)
Received Amount cannot be greater than Paid Amount,O valor recebido não pode ser maior que o valor pago
Received Items To Be Billed,Itens recebidos a serem cobrados
Received Qty,Quantidade recebida
Received Qty in Stock UOM,Quantidade recebida em estoque UOM
Received and Accepted,Recebido e Aceito
Receiver List,Lista de receptores
Receiver List is empty. Please create Receiver List,A lista de receptores está vazia. Por favor crie uma lista de destinatários
Receiving,Recebendo
Recent Orders,Pedidos recentes
Recent Transactions,Transações recentes
Recipient Message And Payment Details,Mensagem do destinatário e detalhes de pagamento
Reconcile All Serial Nos / Batches,Reconciliar todos os números de série/lotes
Reconcile Effect On,Efeito de reconciliação ativado
Reconcile on Advance Payment Date,Reconciliar na data de pagamento antecipado
Reconcile the Bank Transaction,Reconciliar a transação bancária
Reconciled Entries,Entradas reconciliadas
Reconciliation Date,Data de reconciliação
Reconciliation Error Log,Log de erros de reconciliação
Reconciliation Logs,Registros de reconciliação
Reconciliation Progress,Progresso da reconciliação
Reconciliation Queue Size,Tamanho da fila de reconciliação
Reconciliation Takes Effect On,A reconciliação entra em vigor
Recording HTML,Gravando HTML
Recording URL,URL de gravação
Recoverable Standard Rated expenses should not be set when Reverse Charge Applicable is Y,As despesas com classificação padrão recuperáveis ​​não devem ser definidas quando a cobrança reversa aplicável for Y
Recreate Stock Ledgers,Recriar livros de estoque
Recurse Every (As Per Transaction UOM),Recursar a cada (conforme UOM de transação)
Recurse Over Qty cannot be less than 0,Recurse Over Qty não pode ser menor que 0
Recursive Discounts with Mixed condition is not supported by the system,Descontos recursivos com condição mista não são suportados pelo sistema
Red,Vermelho
Redeem Against,Resgatar contra
Redeemed Points,Pontos resgatados
Redemption,Redenção
Redemption Account,Conta de resgate
Redemption Cost Center,Centro de Custo de Resgate
Redemption Date,Data de resgate
Ref Code,Código de referência
Ref Date,Data de referência
Reference,Referência
Reference Date,Data de referência
Reference Date for Early Payment Discount,Data de Referência para Desconto por Pagamento Antecipado
Reference Detail No,Detalhe de Referência Não
Reference DocType,DocType de referência
Reference Doctype must be one of {0},O tipo de documento de referência deve ser um de {0}
Reference Document,Documento de referência
Reference Document Name,Nome do documento de referência
Reference Document Type,Tipo de documento de referência
Reference Due Date,Data de Vencimento de Referência
Reference Exchange Rate,Taxa de câmbio de referência
Reference Name,Nome de referência
Reference No,Número de referência
Reference No and Reference Date is mandatory for Bank transaction,O número de referência e a data de referência são obrigatórios para transações bancárias
Reference Purchase Receipt,Recibo de Compra de Referência
Reference Row,Linha de referência
Reference Row #,Linha de referência #
Reference Type,Tipo de referência
Reference for Reservation,Referência para Reserva
Reference number of the invoice from the previous system,Número de referência da fatura do sistema anterior
References to Sales Invoices are Incomplete,As referências às faturas de vendas estão incompletas
References to Sales Orders are Incomplete,As referências às ordens de vendas estão incompletas
References {0} of type {1} had no outstanding amount left before submitting the Payment Entry. Now they have a negative outstanding amount.,As referências {0} do tipo {1} não tinham nenhum valor pendente antes do envio da Entrada de Pagamento. Agora eles têm um valor pendente negativo.
Referral Code,Código de referência
Referral Sales Partner,Parceiro de vendas de referência
Refresh,Atualizar
Refresh Plaid Link,Atualizar link xadrez
Regenerate Stock Closing Entry,Regenerar entrada de fechamento de estoque
Regional,Regional
Registration Details,Detalhes de registro
Regular,Regular
Rejected,Rejeitado
Rejected ,Rejeitado
Rejected Qty,Quantidade rejeitada
Rejected Quantity,Quantidade rejeitada
Rejected Serial No,Número de série rejeitado
Rejected Serial and Batch Bundle,Pacote serial e em lote rejeitado
Rejected Warehouse,Armazém rejeitado
Rejected Warehouse and Accepted Warehouse cannot be same.,Armazém Rejeitado e Armazém Aceito não podem ser iguais.
Relation,Relação
Relieving Date,Data de alívio
Remaining Amount,Valor restante
Remarks Column Length,Comprimento da coluna de observações
Remarks:,Observações:
Remove Parent Row No in Items Table,Remover número da linha pai na tabela de itens
Remove Zero Counts,Remover contagens zero
Remove item if charges is not applicable to that item,Remover item se as cobranças não forem aplicáveis ​​a esse item
Removed {0} rows with zero document count. Please save to persist changes.,Foram removidas {0} linhas com contagem zero de documentos. Salve para persistir as alterações.
Remover linha,Remover linha
Removing rows without exchange gain or loss,Removendo linhas sem ganho ou perda cambial
Rename,Renomear
Rename Attribute Value in Item Attribute.,Renomeie o valor do atributo no atributo do item.
Rename Log,Renomear registro
Rename jobs for doctype {0} have been enqueued.,As tarefas de renomeação para doctype {0} foram enfileiradas.
Rename jobs for doctype {0} have not been enqueued.,As tarefas de renomeação para doctype {0} não foram enfileiradas.
Rent,Aluguel
Rented,Alugado
Reopen,Reabrir
Reorder Qty,Reordenar quantidade
Reorder level based on Warehouse,Nível de novo pedido com base no armazém
Repack,Reembalar
Repair Cost,Custo de reparo
Repair Purchase Invoices,Reparar faturas de compra
Repair Status,Status de reparo
Replace,Substituir
Replace BOM,Replace BOM
"Replace a particular BOM in all other BOMs where it is used. It will replace the old BOM link, update cost and regenerate ""BOM Explosion Item"" table as per new BOM.|||It also updates latest price in all the BOMs.","Substitua uma BOM específica em todas as outras BOMs onde ela for usada. Ele substituirá o antigo link da BOM, atualizará o custo e regenerará a tabela ""Item de explosão da BOM"" de acordo com a nova BOM.|||Ele também atualiza o preço mais recente em todas as BOMs."
Replied,Respondeu
Report,Relatório
Report Error,Erro de relatório
Report Line Items,Itens de linha do relatório
Report Template,Modelo de relatório
Report Type,Tipo de relatório
Report Type is mandatory,O tipo de relatório é obrigatório
Report View,Visualização do relatório
Report an Issue,Informar um problema
Reporting Currency,Moeda do relatório
Reporting Currency Exchange Not Found,Relatório de câmbio de moeda não encontrado
Reporting Currency Exchange Rate,Relatório de taxa de câmbio de moeda
Reports,Relatórios
Reports to,Relatórios para
Repost,Repostagem
Repost Accounting Ledger,Repostagem do razão contábil
Repost Accounting Ledger Items,Repostagem de itens do razão contábil
Repost Allowed Types,Repostagem de tipos permitidos
Repost Error Log,Log de erros de repostagem
Repost Item Valuation,Repostagem da avaliação do item
Repost Item Valuation restarted for selected failed records.,Repostagem da avaliação do item reiniciada para registros com falha selecionados.
Repost Only Accounting Ledgers,Repostagem apenas de livros contábeis
Repost Payment Ledger,Repostagem do razão de pagamento
Repost Payment Ledger Items,Repostagem de itens do razão de pagamento
Repost Status,Status de republicação
Repost has started in the background,A repostagem começou em segundo plano
Repost in background,Repost em segundo plano
Repost started in the background,A repostagem começou em segundo plano
Reposting Data File,Repostagem de arquivo de dados
Reposting Item and Warehouse,Repostagem de item e armazém
Reposting Progress,Repostagem do progresso
Reposting Reference,Referência de repostagem
Reposting Vouchers,Repostagem de vouchers
Reposting Vouchers Progress,Progresso da repostagem de vouchers
Reposting entries created: {0},Repostagem de entradas criadas: {0}
Reposting for Item-Wh Completed {0}%,Repostagem para item concluído {0}%
Reposting for Vouchers Completed {0}%,Repostagem de vouchers concluída {0}%
Reposting has been started in the background.,A repostagem foi iniciada em segundo plano.
Reposting in the background.,Repostagem em segundo plano.
Represents Company,Representa a Empresa
Represents a Financial Year. All accounting entries and other major transactions are tracked against the Fiscal Year.,Representa um exercício financeiro. Todos os lançamentos contábeis e outras transações importantes são acompanhados em relação ao exercício fiscal.
Reqd By Date,Requerido por data
Reqd Qty (BOM),Quantidade necessária (BOM)
Reqired Qty,Quantidade necessária
Request Parameters,Parâmetros de solicitação
Request Timeout,Solicitar tempo limite
Request Type,Tipo de solicitação
Request for,Solicitação de
Request for Information,Solicitação de informações
Requested Items To Be Transferred,Itens solicitados para serem transferidos
Requested Qty,Quantidade solicitada
"Requested Qty: Quantity requested for purchase, but not ordered.","Quantidade Solicitada: Quantidade solicitada para compra, mas não solicitada."
Required Date,Data obrigatória
Required Items,Itens obrigatórios
Required On,Obrigatório ativado
Required Qty,Quantidade necessária
Required Skills,Habilidades necessárias
Requirement,Exigência
Requires Fulfilment,Requer Cumprimento
"Reselect, if the chosen address is edited after save","Selecione novamente, se o endereço escolhido for editado após salvar"
"Reselect, if the chosen contact is edited after save","Selecione novamente, se o contato escolhido for editado após salvar"
Resend Payment Email,Reenviar e-mail de pagamento
Reservation,Reserva
Reservation Based On,Reserva baseada em
Reserve,Reserva
Reserve Stock,Estoque de reserva
Reserve Warehouse,Armazém de Reserva
Reserve for Raw Materials,Reserva de Matérias Primas
Reserve for Sub-assembly,Reserva para Submontagem
Reserved,Reservado
Reserved Batch Conflict,Conflito de lote reservado
Reserved Inventory,Inventário reservado
Reserved Qty,Quantidade reservada
"Reserved Qty ({0}) cannot be a fraction. To allow this, disable '{1}' in UOM {3}.","A Quantidade reservada ({0}) não pode ser uma fração. Para permitir isso, desative '{1}' na UOM {3}."
Reserved Qty for Production,Quantidade reservada para produção
Reserved Qty for Production Plan,Quantidade reservada para plano de produção
Reserved Qty for Production: Raw materials quantity to make manufacturing items.,Quantidade Reservada para Produção: Quantidade de matéria-prima para fabricar itens.
Reserved Qty for Subcontract,Quantidade reservada para subcontrato
Reserved Qty for Subcontract: Raw materials quantity to make subcontracted items.,Quantidade Reservada para Subcontratação: Quantidade de matéria-prima para confecção dos itens subcontratados.
Reserved Qty should be greater than Delivered Qty.,A Quantidade Reservada deve ser maior que a Quantidade Entregue.
"Reserved Qty: Quantity ordered for sale, but not delivered.","Quantidade Reservada: Quantidade encomendada para venda, mas não entregue."
Reserved Serial No.,Número de série reservado
Reserved Stock,Estoque Reservado
Reserved Stock for Batch,Estoque reservado para lote
Reserved Stock for Raw Materials,Estoque Reservado para Matérias Primas
Reserved Stock for Sub-assembly,Estoque reservado para subconjunto
Reserved Warehouse is mandatory for the Item {item_code} in Raw Materials supplied.,O Armazém Reservado é obrigatório para o Item {item_code} nas Matérias Primas fornecidas.
Reserved for POS Transactions,Reservado para transações POS
Reserved for Production,Reservado para produção
Reserved for Production Plan,Reservado para Plano de Produção
Reserved for Sub Contracting,Reservado para Subcontratação
Reserving Stock...,Reservando estoque...
Reset,Reiniciar
Reset Company Default Values,Redefinir valores padrão da empresa
Reset Plaid Link,Redefinir link xadrez
Reset Raw Materials Table,Redefinir tabela de matérias-primas
Resignation Letter Date,Data da carta de demissão
Resolution,Resolução
Resolution By,Resolução por
Resolution Date,Data de resolução
Resolution Details,Detalhes da resolução
Resolution Due,Resolução vencida
Resolution Time,Tempo de resolução
Resolutions,Resoluções
Resolved By,Resolvido por
Response By,Resposta por
Response Details,Detalhes da resposta
Response Key List,Lista de chaves de resposta
Response Options,Opções de resposta
Response Result Key Path,Caminho-chave do resultado da resposta
Response and Resolution,Resposta e Resolução
Responsible,Responsável
Restart,Reiniciar
Restart Failed Entries,Reiniciar entradas com falha
Restore Asset,Restaurar ativo
Restrict,Restringir
Restrict Items Based On,Restringir itens com base em
Restrict to Countries,Restringir a países
Result Key,Chave de resultado
Result Preview Field,Campo de visualização do resultado
Result Route Field,Campo Rota de Resultado
Result Title Field,Campo de título do resultado
Resume Job,Retomar trabalho
Resume Timer,Retomar temporizador
Retain Sample,Reter amostra
Retried,Tentei novamente
Retry,Tentar novamente
Retry Failed Transactions,Tentar novamente transações com falha
Return Against,Retorno Contra
Return Against Delivery Note,Devolução contra nota de entrega
Return Against Purchase Invoice,Devolução contra fatura de compra
Return Against Purchase Receipt,Devolução contra recibo de compra
Return Against Subcontracting Receipt,Devolução contra recibo de subcontratação
Return Components,Componentes de devolução
Return Issued,Devolução emitida
Return Qty,Quantidade de devolução
Return Qty from Rejected Warehouse,Quantidade de devolução do armazém rejeitado
Return Raw Material to Customer,Devolver matéria-prima ao cliente
Return invoice of asset cancelled,Fatura de devolução de ativo cancelado
Return of Components,Devolução de Componentes
Return on Asset Ratio,Taxa de retorno sobre ativos
Return on Equity Ratio,Índice de retorno sobre o patrimônio líquido
Returned,Devolvido
Returned Against,Devolvido Contra
Returned Qty,Quantidade devolvida
Returned Qty ,Quantidade devolvida
Returned Qty in Stock UOM,Quantidade devolvida em estoque UOM
Returned Quantity,Quantidade devolvida
Returned exchange rate is neither integer not float.,A taxa de câmbio retornada não é um número inteiro nem um número flutuante.
Revaluation Journals,Diários de reavaliação
Revaluation Surplus,Excedente de reavaliação
Revenue,Receita
Reversal Of,Reversão de
Reverse Sign,Sinal reverso
Review Date,Data de revisão
Revise Budget,Revisar orçamento
Revision Of,Revisão de
Revision cancelled,Revisão cancelada
Rgt,Rgt
Right Child,Criança certa
Right Index,Índice certo
Ringing,Toque
Role Allowed to Create/Edit Back-dated Transactions,Função com permissão para criar/editar transações com datas anteriores
Role Allowed to Edit Frozen Stock,Função com permissão para editar estoque congelado
Role Allowed to Over Bill ,Função permitida para superfaturar
Role Allowed to Over Deliver/Receive,Função com permissão para entregar/receber em excesso
Role Allowed to Override Stop Action,Função com permissão para substituir ação de parada
Role allowed to bypass Credit Limit,Função com permissão para ignorar o limite de crédito
Role allowed to bypass period restrictions.,Função com permissão para ignorar restrições de período.
Role to Notify on Depreciation Failure,Função a ser notificada sobre falha de depreciação
Roles Allowed to Set and Edit Frozen Account Entries,Funções permitidas para definir e editar entradas de contas congeladas
Root,Raiz
Root Type,Tipo de raiz
"Root Type for {0} must be one of the Asset, Liability, Income, Expense and Equity","O tipo raiz para {0} deve ser Ativo, Passivo, Receita, Despesa e Patrimônio"
Root Type is mandatory,O tipo de raiz é obrigatório
Root cannot be edited.,A raiz não pode ser editada.
Root cannot have a parent cost center,Root não pode ter centro de custo pai
Round Free Qty,Quantidade redonda grátis
Round Off Account,Arredondar conta
Round Off Cost Center,Centro de custo arredondado
Round Off Tax Amount,Arredondar o valor do imposto
Round Off for Opening,Finalização para abertura
Round Tax Amount Row-wise,Valor redondo do imposto por linha
Rounded Total (Company Currency),Total arredondado (moeda da empresa)
Rounding Adjustment,Ajuste de arredondamento
Rounding Adjustment (Company Currency,Ajuste de arredondamento (moeda da empresa
Rounding Adjustment (Company Currency),Ajuste de arredondamento (moeda da empresa)
Rounding Loss Allowance,Arredondamento da provisão para perdas
Rounding Loss Allowance should be between 0 and 1,A provisão para perdas de arredondamento deve estar entre 0 e 1
Rounding gain/loss Entry for Stock Transfer,Arredondamento de entrada de ganho/perda para transferência de estoque
Route,Rota
Routing Name,Nome do roteamento
Row #,Linha #
Row # {0}: Cannot return more than {1} for Item {2},Linha nº {0}: não é possível retornar mais de {1} para o item {2}
Row # {0}: Please add Serial and Batch Bundle for Item {1},Linha # {0}: Adicione pacote de série e lote para o item {1}
Row # {0}: Please enter quantity for Item {1} as it is not zero.,"Linha # {0}: Insira a quantidade para o item {1}, pois não é zero."
Row # {0}: Returned Item {1} does not exist in {2} {3},Linha # {0}: O item retornado {1} não existe em {2} {3}
Row #1: Sequence ID must be 1 for Operation {0}.,Linha nº 1: O ID de sequência deve ser 1 para a Operação {0}.
Row #{0} (Payment Table): Amount must be negative,Linha #{0} (Tabela de Pagamento): O valor deve ser negativo
Row #{0} (Payment Table): Amount must be positive,Linha #{0} (Tabela de Pagamento): O valor deve ser positivo
Row #{0}:,Linha nº{0}:
Row #{0}: A reorder entry already exists for warehouse {1} with reorder type {2}.,Linha #{0}: Já existe uma entrada de novo pedido para o armazém {1} com tipo de novo pedido {2}.
Row #{0}: Acceptance Criteria Formula is incorrect.,Linha #{0}: A fórmula dos critérios de aceitação está incorreta.
Row #{0}: Acceptance Criteria Formula is required.,Linha #{0}: A fórmula dos critérios de aceitação é obrigatória.
Row #{0}: Accepted Warehouse and Rejected Warehouse cannot be same,Linha #{0}: Armazém Aceito e Armazém Rejeitado não podem ser iguais
Row #{0}: Accepted Warehouse is mandatory for the accepted Item {1},Linha #{0}: O Armazém Aceito é obrigatório para o Item aceito {1}
Row #{0}: Account {1} does not belong to company {2},Linha #{0}: a conta {1} não pertence à empresa {2}
Row #{0}: Allocated Amount cannot be greater than Outstanding Amount of Payment Request {1},Linha #{0}: O valor alocado não pode ser maior que o valor pendente da solicitação de pagamento {1}
Row #{0}: Allocated Amount cannot be greater than outstanding amount.,Linha #{0}: O valor alocado não pode ser maior que o valor pendente.
Row #{0}: Allocated amount:{1} is greater than outstanding amount:{2} for Payment Term {3},Linha #{0}: O valor alocado:{1} é maior que o valor pendente:{2} para o Prazo de Pagamento {3}
Row #{0}: Amount must be a positive number,Linha #{0}: o valor deve ser um número positivo
"Row #{0}: Asset {1} cannot be sold, it is already {2}","Linha #{0}: O ativo {1} não pode ser vendido, já é {2}"
Row #{0}: Asset {1} is already sold,Linha #{0}: o ativo {1} já foi vendido
Row #{0}: BOM is not specified for subcontracting item {0},Linha #{0}: a BOM não está especificada para o item de subcontratação {0}
Row #{0}: BOM not found for FG Item {1},Linha #{0}: BOM não encontrada para item FG {1}
Row #{0}: Batch No {1} is already selected.,Linha #{0}: O lote nº {1} já está selecionado.
Row #{0}: Batch No(s) {1} is not a part of the linked Subcontracting Inward Order. Please select valid Batch No(s).,Linha #{0}: Número(s) de lote {1} não faz parte da ordem de entrada de subcontratação vinculada. Selecione números de lote válidos.
Row #{0}: Cannot allocate more than {1} against payment term {2},Linha #{0}: Não é possível alocar mais de {1} em relação ao prazo de pagamento {2}
Row #{0}: Cannot cancel this Manufacturing Stock Entry as billed quantity of Item {1} cannot be greater than consumed quantity.,"Linha #{0}: Não é possível cancelar esta entrada de estoque de fabricação, pois a quantidade faturada do item {1} não pode ser maior que a quantidade consumida."
Row #{0}: Cannot cancel this Manufacturing Stock Entry as quantity of Secondary Item {1} produced cannot be less than quantity delivered.,"Linha #{0}: Não é possível cancelar esta Entrada de Estoque de Fabricação, pois a quantidade do Item Secundário {1} produzido não pode ser inferior à quantidade entregue."
Row #{0}: Cannot cancel this Stock Entry as returned quantity cannot be greater than delivered quantity for Item {1} in the linked Subcontracting Inward Order,Linha #{0}: Não é possível cancelar esta entrada de estoque porque a quantidade devolvida não pode ser maior que a quantidade entregue para o item {1} no pedido de entrada de subcontratação vinculado
Row #{0}: Cannot create entry with different taxable AND withholding document links.,Linha #{0}: Não é possível criar entrada com diferentes links de documentos tributáveis ​​E retidos na fonte.
Row #{0}: Cannot delete item {1} which has already been billed.,Linha #{0}: Não é possível excluir o item {1} que já foi faturado.
Row #{0}: Cannot delete item {1} which has already been delivered,Linha #{0}: Não é possível excluir o item {1} que já foi entregue
Row #{0}: Cannot delete item {1} which has already been received,Linha #{0}: Não é possível excluir o item {1} que já foi recebido
Row #{0}: Cannot delete item {1} which has work order assigned to it.,Linha #{0}: Não é possível excluir o item {1} que possui uma ordem de serviço atribuída a ele.
Row #{0}: Cannot delete item {1} which is already ordered against this Sales Order.,Linha #{0}: Não é possível excluir o item {1} que já foi pedido nesta Ordem de vendas.
Row #{0}: Cannot set Rate if the billed amount is greater than the amount for Item {1}.,Linha #{0}: Não é possível definir a Taxa se o valor faturado for maior que o valor do Item {1}.
Row #{0}: Cannot transfer more than Required Qty {1} for Item {2} against Job Card {3},Linha #{0}: Não é possível transferir mais do que a Quantidade Necessária {1} para o Item {2} em relação ao Cartão de Trabalho {3}
Row #{0}: Child Item should not be a Product Bundle. Please remove Item {1} and Save,Linha #{0}: o item filho não deve ser um pacote de produtos. Remova o item {1} e salve
Row #{0}: Consumed Asset {1} cannot be Draft,Linha nº{0}: o recurso consumido {1} não pode ser rascunho
Row #{0}: Consumed Asset {1} cannot be cancelled,Linha #{0}: O recurso consumido {1} não pode ser cancelado
Row #{0}: Consumed Asset {1} cannot be the same as the Target Asset,Linha #{0}: o ativo consumido {1} não pode ser igual ao ativo alvo
Row #{0}: Consumed Asset {1} cannot be {2},Linha nº{0}: o recurso consumido {1} não pode ser {2}
Row #{0}: Consumed Asset {1} does not belong to company {2},Linha #{0}: O ativo consumido {1} não pertence à empresa {2}
Row #{0}: Cost Center {1} does not belong to company {2},Linha #{0}: Centro de custo {1} não pertence à empresa {2}
Row #{0}: Could not find enough {1} entries to match. Remaining amount: {2},Linha #{0}: Não foi possível encontrar entradas {1} suficientes para corresponder. Valor restante: {2}
Row #{0}: Cumulative threshold cannot be less than Single Transaction threshold,Linha #{0}: o limite cumulativo não pode ser inferior ao limite de transação única
Row #{0}: Customer Provided Item {1} against Subcontracting Inward Order Item {2} ({3}) cannot be added multiple times.,Linha #{0}: O Item Fornecido pelo Cliente {1} contra o Item de Pedido Interno de Subcontratação {2} ({3}) não pode ser adicionado diversas vezes.
Row #{0}: Customer Provided Item {1} cannot be added multiple times in the Subcontracting Inward process.,Linha #{0}: O item fornecido pelo cliente {1} não pode ser adicionado diversas vezes no processo de subcontratação interna.
Row #{0}: Customer Provided Item {1} cannot be added multiple times.,Linha #{0}: O item {1} fornecido pelo cliente não pode ser adicionado diversas vezes.
Row #{0}: Customer Provided Item {1} does not exist in the Required Items table linked to the Subcontracting Inward Order.,Linha #{0}: O Item Fornecido pelo Cliente {1} não existe na tabela Itens Necessários vinculada ao Pedido de Entrada de Subcontratação.
Row #{0}: Customer Provided Item {1} exceeds quantity available through Subcontracting Inward Order,Linha #{0}: O item fornecido pelo cliente {1} excede a quantidade disponível por meio de pedido de entrada de subcontratação
Row #{0}: Customer Provided Item {1} has insufficient quantity in the Subcontracting Inward Order. Available quantity is {2}.,Linha #{0}: O item {1} fornecido pelo cliente tem quantidade insuficiente no pedido de entrada de subcontratação. A quantidade disponível é {2}.
Row #{0}: Customer Provided Item {1} is not a part of Subcontracting Inward Order {2},Linha #{0}: O item fornecido pelo cliente {1} não faz parte do pedido de entrada de subcontratação {2}
Row #{0}: Customer Provided Item {1} is not a part of Work Order {2},Linha #{0}: O item fornecido pelo cliente {1} não faz parte da ordem de serviço {2}
Row #{0}: Dates overlapping with other row in group {1},Linha #{0}: datas sobrepostas a outra linha no grupo {1}
Row #{0}: Default BOM not found for FG Item {1},Linha #{0}: BOM padrão não encontrada para item FG {1}
Row #{0}: Duplicate entry in References {1} {2},Linha #{0}: entrada duplicada nas referências {1} {2}
Row #{0}: Expected Delivery Date cannot be before Purchase Order Date,Linha #{0}: A data de entrega prevista não pode ser anterior à data do pedido de compra
Row #{0}: Expense Account not set for the Item {1}. {2},Linha #{0}: Conta de despesas não definida para o item {1}. {2}
Row #{0}: Expense account {1} is not valid for Purchase Invoice {2}. Only expense accounts from non-stock items are allowed.,Linha #{0}: a conta de despesas {1} não é válida para a fatura de compra {2}. Somente contas de despesas de itens não estocáveis ​​são permitidas.
Row #{0}: Finished Good Item Qty can not be zero,Linha #{0}: Quantidade de item de produto acabado não pode ser zero
Row #{0}: Finished Good Item is not specified for service item {1},Linha #{0}: O item de produto acabado não é especificado para o item de serviço {1}
Row #{0}: Finished Good Item {1} must be a sub-contracted item,Linha #{0}: O item de produto acabado {1} deve ser um item subcontratado
Row #{0}: Finished Good must be {1},Linha #{0}: O produto acabado deve ser {1}
Row #{0}: Finished Good reference is mandatory for Secondary Item {1}.,Linha #{0}: A referência de produto acabado é obrigatória para o item secundário {1}.
"Row #{0}: For Customer Provided Item {1}, Source Warehouse must be {2}","Linha nº{0}: para o item fornecido pelo cliente {1}, o armazém de origem deve ser {2}"
"Row #{0}: For {1}, you can select reference document only if account gets credited","Linha #{0}: Para {1}, você poderá selecionar o documento de referência somente se a conta for creditada"
"Row #{0}: For {1}, you can select reference document only if account gets debited","Linha #{0}: para {1}, você poderá selecionar o documento de referência somente se a conta for debitada"
Row #{0}: Frequency of Depreciation must be greater than zero,Linha #{0}: A frequência de depreciação deve ser maior que zero
Row #{0}: From Date cannot be before To Date,Linha #{0}: A data inicial não pode ser anterior à data final
Row #{0}: From Time and To Time fields are required,Linha #{0}: Os campos De Hora e Até Hora são obrigatórios
Row #{0}: Item added,Linha #{0}: item adicionado
Row #{0}: Item {1} cannot be transferred more than {2} against {3} {4},Linha #{0}: O item {1} não pode ser transferido mais do que {2} contra {3} {4}
Row #{0}: Item {1} does not exist,Linha #{0}: O item {1} não existe
"Row #{0}: Item {1} has been picked, please reserve stock from the Pick List.","Linha #{0}: O item {1} foi selecionado, reserve o estoque na lista de seleção."
Row #{0}: Item {1} has no stock in warehouse {2}.,Linha #{0}: O item {1} não tem estoque no armazém {2}.
Row #{0}: Item {1} has zero rate but '{2}' is not enabled.,"Linha #{0}: O item {1} tem taxa zero, mas '{2}' não está ativado."
"Row #{0}: Item {1} in warehouse {2}: Available {3}, Needed {4}.","Linha #{0}: Item {1} no armazém {2}: Disponível {3}, Necessário {4}."
Row #{0}: Item {1} is not a Customer Provided Item.,Linha #{0}: O item {1} não é um item fornecido pelo cliente.
Row #{0}: Item {1} is not a Serialized/Batched Item. It cannot have a Serial No/Batch No against it.,Linha #{0}: O item {1} não é um item serializado/em lote. Não pode ter um número de série/número de lote.
Row #{0}: Item {1} is not a part of Subcontracting Inward Order {2},Linha #{0}: O item {1} não faz parte do pedido de entrada de subcontratação {2}
Row #{0}: Item {1} is not a service item,Linha #{0}: O item {1} não é um item de serviço
Row #{0}: Item {1} is not a stock item,Linha #{0}: O item {1} não é um item de estoque
"Row #{0}: Item {1} mismatch. Changing of item code is not permitted, add another row instead.","Linha #{0}: Incompatibilidade do item {1}. A alteração do código do item não é permitida; em vez disso, adicione outra linha."
Row #{0}: Item {1} mismatch. Changing of item code is not permitted.,Linha #{0}: Incompatibilidade do item {1}. Não é permitida a alteração do código do item.
Row #{0}: Journal Entry {1} does not have account {2} or already matched against another voucher,Linha #{0}: Lançamento contábil {1} ​​não tem conta {2} ou já corresponde a outro voucher
Row #{0}: Next Depreciation Date cannot be before Available-for-use Date,Linha #{0}: A próxima data de depreciação não pode ser anterior à data de disponibilidade para uso
Row #{0}: Next Depreciation Date cannot be before Purchase Date,Linha #{0}: A próxima data de depreciação não pode ser anterior à data de compra
Row #{0}: Not allowed to change Supplier as Purchase Order already exists,Linha #{0}: Não é permitido alterar fornecedor porque o pedido de compra já existe
Row #{0}: Only {1} available to reserve for the Item {2},Linha #{0}: Somente {1} disponível para reserva para o Item {2}
Row #{0}: Opening Accumulated Depreciation must be less than or equal to {1},Linha #{0}: A depreciação acumulada inicial deve ser menor ou igual a {1}
Row #{0}: Operation {1} is not completed for {2} qty of finished goods in Work Order {3}. Please update operation status via Job Card {4}.,Linha #{0}: A operação {1} não foi concluída para {2} quantidade de produtos acabados na Ordem de Serviço {3}. Atualize o status da operação por meio do Cartão de Trabalho {4}.
Row #{0}: Overconsumption of Customer Provided Item {1} against Work Order {2} is not allowed in the Subcontracting Inward process.,Linha #{0}: O consumo excessivo do Item Fornecido pelo Cliente {1} em relação à Ordem de Serviço {2} não é permitido no processo Interno de Subcontratação.
Row #{0}: Please select Item Code in Assembly Items,Linha #{0}: selecione o código do item nos itens de montagem
Row #{0}: Please select the BOM No in Assembly Items,Linha #{0}: selecione o número da BOM nos itens de montagem
Row #{0}: Please select the Finished Good Item against which this Customer Provided Item will be used.,Linha #{0}: Selecione o Item de Produto Acabado no qual este Item Fornecido pelo Cliente será usado.
Row #{0}: Please select the Sub Assembly Warehouse,Linha #{0}: selecione o armazém de subconjuntos
Row #{0}: Please set reorder quantity,Linha #{0}: Defina a quantidade de novo pedido
Row #{0}: Please update deferred revenue/expense account in item row or default account in company master,Linha #{0}: atualize a conta de receitas/despesas diferidas na linha do item ou a conta padrão no cadastro da empresa
Row #{0}: Process Loss Percentage should be less than 100% for {1} Item {2},Linha #{0}: A porcentagem de perda de processo deve ser inferior a 100% para {1} Item {2}
Row #{0}: Qty increased by {1},Linha #{0}: Quantidade aumentada em {1}
Row #{0}: Qty must be a positive number,Linha #{0}: A quantidade deve ser um número positivo
Row #{0}: Qty should be less than or equal to Available Qty to Reserve (Actual Qty - Reserved Qty) {1} for Iem {2} against Batch {3} in Warehouse {4}.,Linha #{0}: A quantidade deve ser menor ou igual à Quantidade disponível para reserva (Quantidade real - Quantidade reservada) {1} para o item {2} em relação ao lote {3} no armazém {4}.
Row #{0}: Quality Inspection is required for Item {1},Linha #{0}: A inspeção de qualidade é obrigatória para o item {1}
Row #{0}: Quality Inspection {1} is not submitted for the item: {2},Linha nº{0}: A inspeção de qualidade {1} não foi enviada para o item: {2}
Row #{0}: Quality Inspection {1} was rejected for item {2},Linha #{0}: A inspeção de qualidade {1} foi rejeitada para o item {2}
Row #{0}: Quantity cannot be a non-positive number. Please increase the quantity or remove the Item {1},Linha #{0}: A quantidade não pode ser um número não positivo. Aumente a quantidade ou remova o Item {1}
Row #{0}: Quantity for Item {1} cannot be zero.,Linha #{0}: A quantidade do item {1} não pode ser zero.
Row #{0}: Quantity of Item {1} cannot be more than {2} {3} against Subcontracting Inward Order {4},Linha #{0}: A quantidade do item {1} não pode ser superior a {2} {3} em relação ao pedido de entrada de subcontratação {4}
Row #{0}: Quantity should be greater than 0 for {1} Item {2},Linha #{0}: a quantidade deve ser maior que 0 para {1} Item {2}
Row #{0}: Quantity to reserve for the Item {1} should be greater than 0.,Linha #{0}: A quantidade a ser reservada para o Item {1} deve ser maior que 0.
Row #{0}: Rate must be same as {1}: {2} ({3} / {4}),Linha #{0}: A taxa deve ser igual a {1}: {2} ({3} / {4})
"Row #{0}: Reference Document Type must be one of Purchase Order, Purchase Invoice or Journal Entry","Linha #{0}: O tipo de documento de referência deve ser Ordem de compra, Fatura de compra ou Lançamento contábil manual"
"Row #{0}: Reference Document Type must be one of Sales Order, Sales Invoice, Journal Entry or Dunning","Linha #{0}: O tipo de documento de referência deve ser Ordem de vendas, Fatura de venda, Lançamento contábil manual ou Cobrança"
Row #{0}: Rejected Qty cannot be set for Secondary Item {1}.,Linha #{0}: A quantidade rejeitada não pode ser definida para o item secundário {1}.
Row #{0}: Rejected Warehouse is mandatory for the rejected Item {1},Linha #{0}: Armazém rejeitado é obrigatório para o item rejeitado {1}
Row #{0}: Repair cost {1} exceeds available amount {2} for Purchase Invoice {3} and Account {4},Linha #{0}: O custo do reparo {1} excede o valor disponível {2} para a fatura de compra {3} e a conta {4}
Row #{0}: Return Against is required for returning asset,Linha #{0}: Return Against é obrigatório para devolver ativo
Row #{0}: Returned quantity cannot be greater than available quantity for Item {1},Linha #{0}: a quantidade devolvida não pode ser maior que a quantidade disponível para o Item {1}
Row #{0}: Returned quantity cannot be greater than available quantity to return for Item {1},Linha #{0}: a quantidade devolvida não pode ser maior que a quantidade disponível para devolução do Item {1}
Row #{0}: Secondary Item Qty cannot be zero,Linha #{0}: Quantidade de item secundário não pode ser zero
"Row #{0}: Selling rate for item {1} is lower than its {2}.|||					Selling {3} should be atleast {4}.<br><br>Alternatively,|||					you can disable '{5}' in {6} to bypass|||					this validation.","Linha #{0}: A taxa de venda do item {1} é menor que seu {2}.|||					A venda de {3} deve ser pelo menos {4}.<br><br>Como alternativa,|||					você pode desativar '{5}' em {6} para ignorar |||					esta validação."
Row #{0}: Sequence ID must be {1} or {2} for Operation {3}.,Linha #{0}: O ID de sequência deve ser {1} ou {2} para a Operação {3}.
Row #{0}: Serial No {1} does not belong to Batch {2},Linha #{0}: O número de série {1} não pertence ao lote {2}
Row #{0}: Serial No {1} for Item {2} is not available in {3} {4} or might be reserved in another {5}.,Linha #{0}: O número de série {1} do item {2} não está disponível em {3} {4} ou pode estar reservado em outro {5}.
Row #{0}: Serial No {1} is already selected.,Linha #{0}: O número de série {1} já está selecionado.
Row #{0}: Serial No(s) {1} are not a part of the linked Subcontracting Inward Order. Please select valid Serial No(s).,Linha #{0}: Os números de série {1} não fazem parte da ordem de entrada de subcontratação vinculada. Selecione números de série válidos.
Row #{0}: Service End Date cannot be before Invoice Posting Date,Linha #{0}: A data de término do serviço não pode ser anterior à data de lançamento da fatura
Row #{0}: Service Start Date cannot be greater than Service End Date,Linha nº{0}: a data de início do serviço não pode ser posterior à data de término do serviço
Row #{0}: Service Start and End Date is required for deferred accounting,Linha #{0}: A data de início e término do serviço é necessária para contabilidade diferida
Row #{0}: Set Supplier for item {1},Linha #{0}: Definir fornecedor para o item {1}
"Row #{0}: Since 'Track Semi Finished Goods' is enabled, the BOM {1} cannot be used for Sub Assembly Items","Linha #{0}: Como 'Rastrear produtos semiacabados' está ativado, a BOM {1} não pode ser usada para itens de subconjunto"
Row #{0}: Source Warehouse must be same as Customer Warehouse {1} from the linked Subcontracting Inward Order,Linha #{0}: O Armazém de Origem deve ser igual ao Armazém do Cliente {1} do Pedido de Entrada de Subcontratação vinculado
Row #{0}: Source Warehouse {1} for item {2} cannot be a customer warehouse.,Linha #{0}: O Armazém de Origem {1} para o item {2} não pode ser um armazém do cliente.
Row #{0}: Source Warehouse {1} for item {2} must be same as Source Warehouse {3} in the Work Order.,Linha #{0}: O Armazém de Origem {1} para o item {2} deve ser igual ao Armazém de Origem {3} na Ordem de Serviço.
Row #{0}: Source and Target Warehouse cannot be the same for Material Transfer,Linha #{0}: Armazém de Origem e Destino não podem ser iguais para Transferência de Material
"Row #{0}: Source, Target Warehouse and Inventory Dimensions cannot be the exact same for Material Transfer","Linha #{0}: As dimensões de origem, armazém de destino e estoque não podem ser exatamente iguais para transferência de material"
Row #{0}: Start Time must be before End Time,Linha #{0}: o horário de início deve ser anterior ao horário de término
Row #{0}: Status is mandatory,Linha #{0}: Status é obrigatório
Row #{0}: Status must be {1} for Invoice Discounting {2},Linha nº{0}: o status deve ser {1} para desconto na fatura {2}
Row #{0}: Stock cannot be reserved for Item {1} against a disabled Batch {2}.,Linha #{0}: O estoque não pode ser reservado para o Item {1} em relação a um Lote {2} desativado.
Row #{0}: Stock cannot be reserved for a non-stock Item {1},Linha #{0}: O estoque não pode ser reservado para um item que não esteja em estoque {1}
Row #{0}: Stock cannot be reserved in group warehouse {1}.,Linha #{0}: O estoque não pode ser reservado no armazém do grupo {1}.
Row #{0}: Stock is already reserved for the Item {1}.,Linha #{0}: O estoque já está reservado para o Item {1}.
Row #{0}: Stock is reserved for item {1} in warehouse {2}.,Linha #{0}: O estoque está reservado para o item {1} no armazém {2}.
Row #{0}: Stock not available to reserve for Item {1} against Batch {2} in Warehouse {3}.,Linha #{0}: Estoque não disponível para reserva do Item {1} em relação ao Lote {2} no Armazém {3}.
Row #{0}: Stock not available to reserve for the Item {1} in Warehouse {2}.,Linha #{0}: Estoque não disponível para reserva para o Item {1} no Armazém {2}.
Row #{0}: Stock quantity {1} ({2}) for item {3} cannot exceed {4},Linha #{0}: A quantidade em estoque {1} ({2}) do item {3} não pode exceder {4}
Row #{0}: Target Warehouse must be same as Customer Warehouse {1} from the linked Subcontracting Inward Order,Linha #{0}: O Armazém de Destino deve ser igual ao Armazém do Cliente {1} do Pedido de Entrada de Subcontratação vinculado
Row #{0}: The batch {1} has already expired.,Linha #{0}: O lote {1} já expirou.
Row #{0}: The warehouse {1} is not a child warehouse of a group warehouse {2},Linha #{0}: O armazém {1} não é um armazém filho de um armazém de grupo {2}
Row #{0}: Timings conflicts with row {1},Linha #{0}: os tempos entram em conflito com a linha {1}
Row #{0}: Total Number of Depreciations cannot be less than or equal to Opening Number of Booked Depreciations,Linha #{0}: o número total de depreciações não pode ser menor ou igual ao número inicial de depreciações contabilizadas
Row #{0}: Total Number of Depreciations must be greater than zero,Linha #{0}: o número total de depreciações deve ser maior que zero
Row #{0}: Warehouse {1} does not match with the warehouse {2} in Serial and Batch Bundle {3}.,Linha #{0}: O armazém {1} não corresponde ao armazém {2} no pacote serial e em lote {3}.
Row #{0}: Withholding Amount {1} does not match calculated amount {2}.,Linha #{0}: O valor retido {1} não corresponde ao valor calculado {2}.
Row #{0}: Work Order exists against full or partial quantity of Item {1},Linha #{0}: Existe ordem de serviço em relação à quantidade total ou parcial do item {1}
Row #{0}: You cannot use the inventory dimension '{1}' in Stock Reconciliation to modify the quantity or valuation rate. Stock reconciliation with inventory dimensions is intended solely for performing opening entries.,Linha #{0}: Você não pode usar a dimensão de estoque '{1}' na Reconciliação de estoque para modificar a quantidade ou a taxa de avaliação. A reconciliação de estoque com dimensões de estoque destina-se exclusivamente à realização de lançamentos iniciais.
Row #{0}: You must select an Asset for Item {1}.,Linha #{0}: Você deve selecionar um Ativo para o Item {1}.
Row #{0}: {1} can not be negative for item {2},Linha #{0}: {1} não pode ser negativa para o item {2}
Row #{0}: {1} is not a valid reading field. Please refer to the field description.,Linha #{0}: {1} não é um campo de leitura válido. Consulte a descrição do campo.
Row #{0}: {1} is required to create the Opening {2} Invoices,Linha #{0}: {1} é necessária para criar as faturas de abertura {2}
Row #{0}: {1} of {2} should be {3}. Please update the {1} or select a different account.,Linha #{0}: {1} de {2} deve ser {3}. Atualize o {1} ou selecione uma conta diferente.
Row #{0}:Quantity for Item {1} cannot be zero.,Linha #{0}:A quantidade do item {1} não pode ser zero.
Row #{1}: Warehouse is mandatory for stock Item {0},Linha #{1}: O armazém é obrigatório para o item de estoque {0}
Row #{idx}: Cannot select Supplier Warehouse while suppling raw materials to subcontractor.,Linha #{idx}: Não é possível selecionar o Armazém do Fornecedor enquanto fornece matéria-prima ao subcontratado.
Row #{idx}: Item rate has been updated as per valuation rate since its an internal stock transfer.,"Linha #{idx}: A taxa do item foi atualizada de acordo com a taxa de avaliação, pois é uma transferência interna de estoque."
Row #{idx}: Please enter a location for the asset item {item_code}.,Linha #{idx}: insira um local para o item de ativo {item_code}.
Row #{idx}: Received Qty must be equal to Accepted + Rejected Qty for Item {item_code}.,Linha #{idx}: A quantidade recebida deve ser igual à quantidade aceita + rejeitada para o item {item_code}.
Row #{idx}: {field_label} can not be negative for item {item_code}.,Linha #{idx}: {field_label} não pode ser negativo para o item {item_code}.
Row #{idx}: {field_label} is mandatory.,Linha #{idx}: {field_label} é obrigatória.
Row #{idx}: {from_warehouse_field} and {to_warehouse_field} cannot be same.,Linha #{idx}: {from_warehouse_field} e {to_warehouse_field} não podem ser iguais.
Row #{idx}: {schedule_date} cannot be before {transaction_date}.,Linha #{idx}: {schedule_date} não pode ser anterior a {transaction_date}.
Row #{}: Currency of {} - {} doesn't matches company currency.,Linha nº{}: a moeda de {} - {} não corresponde à moeda da empresa.
Row #{}: Either Party ID or Party Name is required,Linha nº{}: o ID ou o nome da parte é obrigatório
Row #{}: Finance Book should not be empty since you're using multiple.,"Linha #{}: o livro financeiro não deve estar vazio, pois você está usando vários."
Row #{}: POS Invoice {} has been {},Linha nº{}: fatura de POS {} foi {}
Row #{}: POS Invoice {} is not against customer {},Linha nº{}: a fatura do POS {} não é contra o cliente {}
Row #{}: POS Invoice {} is not submitted yet,Linha nº{}: fatura de POS {} ainda não foi enviada
Row #{}: Party ID is required,Linha #{}: ID do grupo é obrigatório
Row #{}: Please assign task to a member.,Linha #{}: atribua a tarefa a um membro.
Row #{}: Please use a different Finance Book.,Linha #{}: use um livro financeiro diferente.
Row #{}: Serial No {} cannot be returned since it was not transacted in original invoice {},Linha nº{}: o número de série {} não pode ser retornado porque não foi transacionado na fatura original {}
Row #{}: The original Invoice {} of return invoice {} is not consolidated.,Linha nº{}: a fatura original {} da fatura de devolução {} não está consolidada.
Row #{}: You cannot add positive quantities in a return invoice. Please remove item {} to complete the return.,Linha nº{}: não é possível adicionar quantidades positivas em uma fatura de devolução. Remova o item {} para concluir a devolução.
Row #{}: item {} has been picked already.,Linha #{}: o item {} já foi selecionado.
Row #{}: {} {} does not exist.,Linha nº{}: {} {} não existe.
Row #{}: {} {} doesn't belong to Company {}. Please select valid {}.,Linha nº{}: {} {} não pertence à empresa {}. Selecione {} válido.
Row No {0}: Warehouse is required. Please set a Default Warehouse for Item {1} and Company {2},Linha nº {0}: Armazém é obrigatório. Defina um armazém padrão para o item {1} e a empresa {2}
Row Number,Número da linha
Row {0},Linha {0}
Row {0} : Operation is required against the raw material item {1},Linha {0}: A operação é necessária no item de matéria-prima {1}
"Row {0} picked quantity is less than the required quantity, additional {1} {2} required.","A quantidade selecionada da linha {0} é menor que a quantidade necessária, sendo necessário {1} {2} adicional."
Row {0}# Item {1} not found in 'Raw Materials Supplied' table in {2} {3},Linha {0}# Item {1} não encontrado na tabela 'Matérias-primas fornecidas' em {2} {3}
Row {0}: Accepted Qty and Rejected Qty can't be zero at the same time.,Linha {0}: Quantidade aceita e Quantidade rejeitada não podem ser zero ao mesmo tempo.
Row {0}: Account {1} and Party Type {2} have different account types,Linha {0}: a conta {1} e o tipo de grupo {2} têm tipos de contas diferentes
Row {0}: Activity Type is mandatory.,Linha {0}: O tipo de atividade é obrigatório.
Row {0}: Allocated amount {1} must be less than or equal to invoice outstanding amount {2},Linha {0}: o valor alocado {1} deve ser menor ou igual ao valor pendente da fatura {2}
Row {0}: Allocated amount {1} must be less than or equal to remaining payment amount {2},Linha {0}: o valor alocado {1} deve ser menor ou igual ao valor restante do pagamento {2}
"Row {0}: As {1} is enabled, raw materials cannot be added to {2} entry. Use {3} entry to consume raw materials.","Linha {0}: Como {1} está ativado, matérias-primas não podem ser adicionadas à entrada {2}. Use a entrada {3} para consumir matérias-primas."
Row {0}: Bill of Materials not found for the Item {1},Linha {0}: Lista de materiais não encontrada para o item {1}
Row {0}: Both Debit and Credit values cannot be zero,Linha {0}: os valores de Débito e Crédito não podem ser zero
Row {0}: Consumed Qty {1} {2} must be less than or equal to Available Qty For Consumption|||					{3} {4} in Consumed Items Table.,Linha {0}: A Quantidade Consumida {1} {2} deve ser menor ou igual à Quantidade Disponível para Consumo|||					{3} {4} na Tabela de Itens Consumidos.
Row {0}: Cost Center {1} does not belong to Company {2},Linha {0}: Centro de Custo {1} não pertence à Empresa {2}
Row {0}: Cost center is required for an item {1},Linha {0}: O centro de custo é obrigatório para um item {1}
Row {0}: Currency of the BOM #{1} should be equal to the selected currency {2},Linha {0}: A moeda da BOM #{1} deve ser igual à moeda selecionada {2}
Row {0}: Delivery Warehouse ({1}) and Customer Warehouse ({2}) can not be same,Linha {0}: Armazém de Entrega ({1}) e Armazém do Cliente ({2}) não podem ser iguais
Row {0}: Delivery Warehouse cannot be same as Customer Warehouse for Item {1}.,Linha {0}: O Armazém de Entrega não pode ser igual ao Armazém do Cliente para o Item {1}.
Row {0}: Either Delivery Note Item or Packed Item reference is mandatory.,Linha {0}: A referência do item da nota de entrega ou do item embalado é obrigatória.
Row {0}: Expected Value After Useful Life cannot be negative,Linha {0}: Valor Esperado Após Vida Útil não pode ser negativo
Row {0}: Expected Value After Useful Life must be less than Net Purchase Amount,Linha {0}: O valor esperado após a vida útil deve ser menor que o valor líquido da compra
Row {0}: Expense Account {1} is linked to company {2}. Please select an account belonging to company {3}.,Linha {0}: a conta de despesas {1} está vinculada à empresa {2}. Selecione uma conta pertencente à empresa {3}.
Row {0}: Expense Head changed to {1} as no Purchase Receipt is created against Item {2}.,"Linha {0}: Cabeçalho de Despesa alterado para {1}, pois nenhum Recibo de Compra é criado em relação ao Item {2}."
Row {0}: Expense Head changed to {1} because account {2} is not linked to warehouse {3} or it is not the default inventory account,Linha {0}: Custo de despesas alterado para {1} porque a conta {2} não está vinculada ao armazém {3} ou não é a conta de estoque padrão
Row {0}: Expense Head changed to {1} because expense is booked against this account in Purchase Receipt {2},Linha {0}: Cabeçalho de Despesa alterado para {1} porque a despesa é contabilizada nesta conta no Recibo de Compra {2}
"Row {0}: For Supplier {1}, Email Address is Required to send an email","Linha {0}: Para o fornecedor {1}, o endereço de e-mail é obrigatório para enviar um e-mail"
Row {0}: From Time and To Time of {1} is overlapping with {2},Linha {0}: A hora inicial e final de {1} está sobreposta a {2}
Row {0}: From Warehouse is mandatory for internal transfers,Linha {0}: Do Armazém é obrigatória para transferências internas
Row {0}: Hours value must be greater than zero.,Linha {0}: O valor das horas deve ser maior que zero.
Row {0}: Item Tax template updated as per validity and rate applied,Linha {0}: modelo de imposto sobre itens atualizado conforme validade e taxa aplicada
Row {0}: Item rate has been updated as per valuation rate since its an internal stock transfer,"Linha {0}: A taxa do item foi atualizada de acordo com a taxa de avaliação, pois é uma transferência interna de estoque"
Row {0}: Item {1} must be a stock item.,Linha {0}: O item {1} deve ser um item de estoque.
Row {0}: Item {1} must be a subcontracted item.,Linha {0}: O item {1} deve ser um item subcontratado.
Row {0}: Item {1} must be linked to a {2}.,Linha {0}: O item {1} deve estar vinculado a um {2}.
Row {0}: Item {1}'s quantity cannot be higher than the available quantity.,Linha {0}: A quantidade do item {1} não pode ser superior à quantidade disponível.
Row {0}: Operation time should be greater than 0 for operation {1},Linha {0}: O tempo de operação deve ser maior que 0 para a operação {1}
Row {0}: Packed Qty must be equal to {1} Qty.,Linha {0}: Quantidade embalada deve ser igual a {1} Quantidade.
Row {0}: Packing Slip is already created for Item {1}.,Linha {0}: A guia de remessa já foi criada para o item {1}.
Row {0}: Party Type and Party is required for Receivable / Payable account {1},Linha {0}: Tipo de parte e Parte obrigatória para conta a receber/a pagar {1}
Row {0}: Payment Term is mandatory,Linha {0}: O prazo de pagamento é obrigatório
Row {0}: Please provide a valid Delivery Note Item or Packed Item reference.,Linha {0}: Forneça uma referência válida de item de nota de entrega ou item embalado.
Row {0}: Please select a BOM for Item {1}.,Linha {0}: selecione uma lista técnica para o item {1}.
Row {0}: Please select an active BOM for Item {1}.,Linha {0}: selecione uma BOM ativa para o item {1}.
Row {0}: Please select an valid BOM for Item {1}.,Linha {0}: selecione uma BOM válida para o item {1}.
Row {0}: Project must be same as the one set in the Timesheet: {1}.,Linha {0}: O projeto deve ser igual ao definido no Quadro de Horários: {1}.
Row {0}: Purchase Invoice {1} has no stock impact.,Linha {0}: a fatura de compra {1} não tem impacto no estoque.
Row {0}: Qty cannot be greater than {1} for the Item {2}.,Linha {0}: A quantidade não pode ser maior que {1} para o Item {2}.
Row {0}: Qty in Stock UOM can not be zero.,Linha {0}: A UDM da quantidade em estoque não pode ser zero.
Row {0}: Qty must be greater than 0.,Linha {0}: A quantidade deve ser maior que 0.
Row {0}: Quantity cannot be negative.,Linha {0}: A quantidade não pode ser negativa.
Row {0}: Sales Invoice {1} is already created for {2},Linha {0}: a fatura de vendas {1} já foi criada para {2}
Row {0}: Shift cannot be changed since the depreciation has already been processed,Linha {0}: O turno não pode ser alterado porque a depreciação já foi processada
Row {0}: Target Warehouse is mandatory for internal transfers,Linha {0}: Target Warehouse é obrigatório para transferências internas
Row {0}: Task {1} does not belong to Project {2},Linha {0}: A tarefa {1} não pertence ao Projeto {2}
Row {0}: The entire expense amount for account {1} in {2} has already been allocated.,Linha {0}: O valor total da despesa da conta {1} em {2} já foi alocado.
Row {0}: The {3} Account {1} does not belong to the company {2},Linha {0}: A {3} conta {1} não pertence à empresa {2}
"Row {0}: To set {1} periodicity, difference between from and to date must be greater than or equal to {2}","Linha {0}: Para definir a periodicidade {1}, a diferença entre a data inicial e final deve ser maior ou igual a {2}"
Row {0}: Transferred quantity cannot be greater than the requested quantity.,Linha {0}: A quantidade transferida não pode ser maior que a quantidade solicitada.
Row {0}: Warehouse is required,Linha {0}: Armazém é obrigatório
Row {0}: Warehouse {1} is linked to company {2}. Please select a warehouse belonging to company {3}.,Linha {0}: O armazém {1} está vinculado à empresa {2}. Selecione um armazém pertencente à empresa {3}.
Row {0}: Workstation or Workstation Type is mandatory for an operation {1},Linha {0}: Estação de Trabalho ou Tipo de Estação de Trabalho é obrigatória para uma operação {1}
Row {0}: user has not applied the rule {1} on the item {2},Linha {0}: o usuário não aplicou a regra {1} no item {2}
Row {0}: {1} account already applied for Accounting Dimension {2},Linha {0}: {1} conta já aplicada à dimensão contábil {2}
Row {0}: {1} {2} cannot be same as {3} (Party Account) {4},Linha {0}: {1} {2} não pode ser igual a {3} (conta do grupo) {4}
Row {0}: {1} {2} is linked to company {3}. Please select a document belonging to company {4}.,Linha {0}: {1} {2} está vinculada à empresa {3}. Selecione um documento pertencente à empresa {4}.
Row {0}: {2} Item {1} does not exist in {2} {3},Linha {0}: {2} O item {1} não existe em {2} {3}
Row {idx}: Asset Naming Series is mandatory for the auto creation of assets for item {item_code}.,Linha {idx}: a série de nomenclatura de ativos é obrigatória para a criação automática de ativos para o item {item_code}.
Row({0}): Outstanding Amount cannot be greater than actual Outstanding Amount {1} in {2},Linha({0}): O valor pendente não pode ser maior que o valor pendente real {1} ​​em {2}
Rows with Same Account heads will be merged on Ledger,As linhas com os mesmos cabeçalhos de conta serão mescladas no Ledger
Rows: {0} have 'Payment Entry' as reference_type. This should not be set manually.,Linhas: {0} possuem 'Entrada de Pagamento' como tipo_de_referência. Isto não deve ser definido manualmente.
Rows: {0} in {1} section are Invalid. Reference Name should point to a valid Payment Entry or Journal Entry.,Linhas: {0} na seção {1} são inválidas. O Nome de Referência deve apontar para um Lançamento de Pagamento ou Lançamento Contábil válido.
Rule Applied,Regra aplicada
Rule Description,Descrição da regra
Run parallel job cards in a workstation,Execute cartões de trabalho paralelos em uma estação de trabalho
Running,Correndo
S.O. No.,ENTÃO. Não.
SABB-.########,SABB-.#########
SAL-CAM-.YYYY.-,SAL-CAM-.AAAA.-
SAL-ORD-.YYYY.-,SAL-ORD-.AAAA.-
SAL-QTN-.YYYY.-,SAL-QTN-.AAAA.-
SC-ORD-.YYYY.-,SC-ORD-.AAAA.-
SCI-ORD-.YYYY.-,SCI-ORD-.AAAA.-
SCIO Detail,Detalhe SCIO
SCO Supplied Item,Item fornecido pela SCO
SER-WRN-.YYYY.-,SER-WRN-.AAAA.-
SF.YY.-.######,SF.AA.-.######
SLA Fulfilled On,SLA cumprido em
SLA Fulfilled On Status,SLA cumprido no status
SLA Paused On,SLA pausado ativado
SLA will be applied if {1} is set as {2}{3},O SLA será aplicado se {1} estiver definido como {2}{3}
SLA will be applied on every {0},O SLA será aplicado a cada {0}
SO Qty,ASSIM Qtde
SO Total Qty,SO Quantidade total
STATEMENT OF ACCOUNTS,DEMONSTRATIVO DE CONTAS
STO-ITEM-.YYYY.-,STO-ITEM-.AAAA.-
STO-PICK-.YYYY.-,STO-PICK-.AAAA.-
SUP-.YYYY.-,SUP-.AAAA.-
SWIFT Number,Número SWIFT
SWIFT number,Número SWIFT
Salary Currency,Moeda Salarial
Salary Mode,Modo Salarial
Salary Slip,Comprovante de Salário
Sales Contributions and Incentives,Contribuições e incentivos de vendas
Sales Defaults,Padrões de vendas
Sales Forecast,Previsão de vendas
Sales Forecast Item,Item de previsão de vendas
Sales Incoming Rate,Taxa de entrada de vendas
Sales Invoice Item,Item da fatura de vendas
Sales Invoice No,Nº da fatura de venda
Sales Invoice Reference,Referência da fatura de vendas
Sales Invoice Transactions,Transações de fatura de vendas
Sales Invoice does not have Payments,A fatura de venda não possui pagamentos
Sales Invoice is already consolidated,A fatura de vendas já está consolidada
Sales Invoice is not created using POS,A fatura de vendas não é criada usando POS
Sales Invoice is not submitted,A fatura de venda não foi enviada
Sales Invoice isn't created by user {},A fatura de vendas não foi criada pelo usuário {}
Sales Invoice mode is activated in POS. Please create Sales Invoice instead.,"O modo Fatura de Venda está ativado no POS. Em vez disso, crie uma fatura de vendas."
Sales Invoice {0} must be deleted before cancelling this Sales Order,A fatura de vendas {0} deve ser excluída antes de cancelar esta ordem de vendas
Sales Manager,Gerente de vendas
Sales Master Manager,Gerente Mestre de Vendas
Sales Monthly History,Histórico Mensal de Vendas
Sales Opportunities by Campaign,Oportunidades de vendas por campanha
Sales Opportunities by Medium,Oportunidades de vendas por meio
Sales Opportunities by Source,Oportunidades de vendas por fonte
Sales Order Date,Data da ordem de vendas
Sales Order Item,Item da ordem de vendas
Sales Order Packed Item,Item embalado da ordem de vendas
Sales Order Reference,Referência da ordem de vendas
Sales Order Schedule,Programação de ordens de vendas
Sales Order Status,Status da ordem de vendas
Sales Order required for Item {0},Ordem de vendas necessária para o item {0}
"Sales Order {0} already exists against Customer's Purchase Order {1}. To allow multiple Sales Orders, Enable {2} in {3}","A Ordem de vendas {0} já existe em relação à Ordem de Compra {1} do Cliente. Para permitir várias ordens de vendas, ative {2} em {3}"
Sales Order {0} is not available for production,A ordem de vendas {0} não está disponível para produção
Sales Orders to Bill,Ordens de vendas a serem faturadas
Sales Orders to Deliver,Ordens de vendas a serem entregues
Sales Partner ,Parceiro de vendas
Sales Partner Item,Item de parceiro de vendas
Sales Partner Name,Nome do parceiro de vendas
Sales Partner Target,Meta de parceiro de vendas
Sales Partner Type,Tipo de parceiro de vendas
Sales Person <b>{0}</b> is disabled.,O vendedor <b>{0}</b> está desativado.
Sales Person Name,Nome do vendedor
Sales Person Targets,Metas do vendedor
Sales Pipeline,Pipeline de vendas
Sales Pipeline Analytics,Análise do pipeline de vendas
Sales Pipeline by Stage,Pipeline de vendas por etapa
Sales Tax Withholding Category,Categoria de retenção de imposto sobre vendas
Sales Update Frequency in Company and Project,Frequência de atualização de vendas na empresa e no projeto
Sales User,Usuário de vendas
Sales Value,Valor de vendas
Salvage Value,Valor residual
Salvage Value Percentage,Porcentagem do valor residual
Same Item,Mesmo item
Same item and warehouse combination already entered.,Mesma combinação de item e armazém já inserida.
Same item cannot be entered multiple times.,O mesmo item não pode ser inserido várias vezes.
Sample Quantity,Quantidade de amostra
Sample Retention Stock Entry,Amostra de entrada de estoque de retenção
Sample Retention Warehouse,Armazém de retenção de amostras
Saturday,Sábado
Save,Salvar
Save Changes and Load New Invoice,Salvar alterações e carregar nova fatura
Savings,Poupança
Scan Barcode,Digitalizar código de barras
Scan Batch No,Digitalizar lote não
Scan Job Card Qrcode,Digitalizar Qrcode do cartão de trabalho
Scan Mode,Modo de digitalização
Scan Serial No,Digitalizar número de série
Scan barcode for item {0},Digitalize o código de barras do item {0}
"Scan mode enabled, existing quantity will not be fetched.","Modo de digitalização ativado, a quantidade existente não será buscada."
Scanned Cheque,Cheque digitalizado
Scanned Quantity,Quantidade digitalizada
Schedule,Agendar
Schedule Name,Nome do agendamento
Scheduled,Agendado
Scheduled Time,Horário agendado
Scheduled Time Logs,Registros de horário agendado
Scheduler Inactive,Agendador inativo
Scheduler is Inactive. Can't trigger job now.,O agendador está inativo. Não é possível acionar o trabalho agora.
Scheduler is Inactive. Can't trigger jobs now.,O agendador está inativo. Não é possível acionar jobs agora.
Scheduler is inactive. Cannot enqueue job.,O agendador está inativo. Não é possível enfileirar o trabalho.
Scheduler is inactive. Cannot import data.,O agendador está inativo. Não é possível importar dados.
Scheduler is inactive. Cannot merge accounts.,O agendador está inativo. Não é possível mesclar contas.
Schedules,Horários
Scheduling,Agendamento
Scheduling...,Agendamento...
School/University,Escola/Universidade
Score,Pontuação
Scorecard Actions,Ações do scorecard
"Scorecard variables can be used, as well as:|||{total_score} (the total score from that period),|||{period_number} (the number of periods to present day)|||","Variáveis ​​do scorecard podem ser usadas, assim como:|||{total_score} (a ​​pontuação total daquele período),|||{period_number} (o número de períodos até o dia atual)|||"
Scorecards,Cartões de pontuação
Scoring Criteria,Critérios de pontuação
Scoring Setup,Configuração de pontuação
Scoring Standings,Classificação de pontuação
Scrap,Sucata
Scrap Asset,Ativo de sucata
Scrap Warehouse,Armazém de sucata
Scrap date cannot be before purchase date,A data de sucata não pode ser anterior à data de compra
Search,Procurar
Search APIs,Pesquisar APIs
Search Term Param Name,Nome do parâmetro do termo de pesquisa
"Search by customer name, phone, email.","Pesquise por nome do cliente, telefone, email."
"Search by item code, serial number or barcode","Pesquise por código do item, número de série ou código de barras"
Second Email,Segundo e-mail
Secondary Item Code,Código do item secundário
Secondary Item Name,Nome do item secundário
Secondary Items,Itens Secundários
Secondary Items Cost,Custo de itens secundários
Secondary Items Cost (Company Currency),Custo de itens secundários (moeda da empresa)
Secondary Items Cost Per Qty,Custo de itens secundários por quantidade
Secondary Items Generated,Itens secundários gerados
Secondary Party,Parte Secundária
Secondary Role,Papel Secundário
Selecionar artigo,Selecionar artigo
Selecione a moeda.,Selecione a moeda.
Selecione o tipo de artigo.,Selecione o tipo de artigo.
Selecione um cliente.,Selecione um cliente.
Select,Selecione
Select Accounting Dimension.,Selecione Dimensão Contábil.
Select Alternative Items for Sales Order,Selecione itens alternativos para ordem de vendas
Select Batch No,Selecione o número do lote
Select Billing Address,Selecione o endereço de cobrança
Select Columns and Filters,Selecione colunas e filtros
Select Company Address,Selecione o endereço da empresa
Select Corrective Operation,Selecione Operação Corretiva
Select Customers By,Selecione clientes por
Select Date of Birth. This will validate Employees age and prevent hiring of under-age staff.,Selecione Data de Nascimento. Isso validará a idade dos funcionários e evitará a contratação de funcionários menores de idade.
"Select Date of joining. It will have impact on the first salary calculation, Leave allocation on pro-rata bases.","Selecione Data de adesão. Terá impacto no cálculo do primeiro salário, alocação de licenças em bases pro-rata."
Select Dimension,Selecione a dimensão
Select Dispatch Address ,Selecione o endereço de envio
Select DocType,Selecione TipoDoc
Select Finished Good,Selecione Produto Acabado
Select Items for Quality Inspection,Selecione itens para inspeção de qualidade
Select Items to Receive,Selecione os itens a serem recebidos
Select Items up to Delivery Date,Selecione itens até a data de entrega
Select Job Worker Address,Selecione o endereço do funcionário
Select Payment Schedule,Selecione o cronograma de pagamento
Select Serial No,Selecione o número de série
Select Serial and Batch,Selecione Série e Lote
Select Shipping Address,Selecione o endereço de entrega
Select Supplier Address,Selecione o endereço do fornecedor
Select Time,Selecione a hora
Select View,Selecione Exibir
Select Vouchers to Match,Selecione vouchers para combinar
Select Warehouses to get Stock for Materials Planning,Selecione Armazéns para obter Estoque para Planejamento de Materiais
Select a Company this Employee belongs to.,Selecione uma empresa à qual este funcionário pertence.
Select a Customer,Selecione um cliente
Select a Payment Method.,Selecione um método de pagamento.
Select an Item Group.,Selecione um grupo de itens.
Select an invoice to load summary data,Selecione uma fatura para carregar dados resumidos
Select an item from each set to be used in the Sales Order.,Selecione um item de cada conjunto para ser usado na Ordem de vendas.
Select at least one value from each of the attributes.,Selecione pelo menos um valor de cada um dos atributos.
Select company name first.,Selecione primeiro o nome da empresa.
Select finance book for the item {0} at row {1},Selecione o livro financeiro para o item {0} na linha {1}
Select template item,Selecione o item do modelo
Select the Bank Account to reconcile.,Selecione a conta bancária a ser reconciliada.
Select the Default Workstation where the Operation will be performed. This will be fetched in BOMs and Work Orders.,Selecione a Estação de Trabalho Padrão onde a Operação será realizada. Isso será obtido em BOMs e Ordens de Serviço.
Select the Item to be manufactured.,Selecione o Item a ser fabricado.
"Select the Item to be manufactured. The Item name, UoM, Company, and Currency will be fetched automatically.","Selecione o Item a ser fabricado. O nome do item, unidade de medida, empresa e moeda serão obtidos automaticamente."
Select the Warehouse,Selecione o Armazém
Select the date,Selecione a data
Select the date and your timezone,Selecione a data e seu fuso horário
Select the raw materials (Items) required to manufacture the Item,Selecione as matérias-primas (itens) necessárias para fabricar o item
Select variant item code for the template item {0},Selecione o código do item variante para o item de modelo {0}
Select whether to get items from a Sales Order or a Material Request. For now select <b>Sales Order</b>.||| A Production Plan can also be created manually where you can select the Items to manufacture.,Selecione se deseja obter itens de uma ordem de vendas ou de uma solicitação de material. Por enquanto selecione <b>Ordem de vendas</b>.||| Um Plano de Produção também pode ser criado manualmente onde você pode selecionar os Itens a serem fabricados.
Select whether to get items from a Sales Order or a Material Request. For now select <b>Sales Order</b>.|||| A Production Plan can also be created manually where you can select the Items to manufacture.,Selecione se deseja obter itens de uma ordem de vendas ou de uma solicitação de material. Por enquanto selecione <b>Ordem de vendas</b>.|||| Um Plano de Produção também pode ser criado manualmente onde você pode selecionar os Itens a serem fabricados.
Select your weekly off day,Selecione seu dia de folga semanal
"Select, to make the customer searchable with these fields",Selecione para tornar o cliente pesquisável com estes campos
Selected Print Format does not exist.,O formato de impressão selecionado não existe.
Selected Serial and Batch Bundle entries have been fixed.,As entradas selecionadas de pacotes seriais e de lote foram corrigidas.
Selected Vouchers,Vouchers Selecionados
Selected date is,A data selecionada é
Selected document must be in submitted state,O documento selecionado deve estar no estado enviado
Self delivery,Auto-entrega
Sell Asset,Vender ativo
Sell Qty,Quantidade de venda
Sell quantity cannot exceed the asset quantity,A quantidade de venda não pode exceder a quantidade do ativo
Sell quantity cannot exceed the asset quantity. Asset {0} has only {1} item(s).,A quantidade vendida não pode exceder a quantidade do ativo. O ativo {0} tem apenas {1} item(s).
Sell quantity must be greater than zero,A quantidade vendida deve ser maior que zero
Semi Finished Good / Finished Good,Produto Semiacabado / Produto Acabado
Semi Finished Goods / Finished Goods,Produtos Semiacabados / Produtos Acabados
Send,Enviar
Send After (days),Enviar depois (dias)
Send Attached Files,Enviar arquivos anexados
Send Document Print,Enviar documento para impressão
Send Email,Enviar e-mail
Send Emails,Enviar e-mails
Send Emails to Suppliers,Envie e-mails para fornecedores
Send Now,Enviar agora
Send To,Enviar para
Send To Primary Contact,Enviar para contato principal
Send regular summary reports via Email.,Envie relatórios resumidos regulares por e-mail.
Send to Subcontractor,Enviar para o subcontratado
Send with Attachment,Enviar com anexo
Sender,Remetente
Sending,Enviando
Sent,Enviado
Sequence ID,ID da sequência
Sequence Id,ID de sequência
Sequential,Sequencial
Serial & Batch Item,Item de série e lote
Serial & Batch Item Settings,Configurações de itens seriais e em lote
Serial / Batch,Série/Lote
Serial / Batch Bundle,Pacote serial/lote
Serial / Batch Bundle Missing,Pacote serial/lote ausente
Serial / Batch No,Número de série/lote
Serial / Batch Nos,Números de série/lote
Serial No,Número de série
Serial No (In/Out),Número de série (entrada/saída)
Serial No / Batch,Número de série/lote
Serial No Already Assigned,Número de série já atribuído
Serial No Ledger,Série sem razão
Serial No Range,Série sem intervalo
Serial No Reserved,Série não reservada
Serial No Series Overlap,Sobreposição de série sem série
Serial No Service Contract Expiry,Expiração do contrato de serviço sem série
Serial No Status,Série sem status
Serial No Warranty Expiry,Série Sem Expiração de Garantia
Serial No and Batch Selector cannot be use when Use Serial / Batch Fields is enabled.,O número de série e o seletor de lote não podem ser usados ​​quando Usar campos de série/lote estiver ativado.
Serial No and Batch Traceability,Número de série e rastreabilidade de lote
Serial No is mandatory,O número de série é obrigatório
Serial No is mandatory for Item {0},O número de série é obrigatório para o item {0}
Serial No {0} already exists,O número de série {0} já existe
Serial No {0} already scanned,Número de série {0} já verificado
Serial No {0} does not belong to Delivery Note {1},O número de série {0} não pertence à nota de entrega {1}
Serial No {0} does not belong to Item {1},O número de série {0} não pertence ao item {1}
Serial No {0} does not exist,O número de série {0} não existe
Serial No {0} does not exists,O número de série {0} não existe
Serial No {0} is already Delivered. You cannot use them again in Manufacture / Repack entry.,O número de série {0} já foi entregue. Você não pode utilizá-los novamente na entrada Fabricação/Reembalagem.
Serial No {0} is already added,O número de série {0} já foi adicionado
Serial No {0} is already assigned to customer {1}. Can only be returned against the customer {1},O número de série {0} já está atribuído ao cliente {1}. Só pode ser devolvido contra o cliente {1}
"Serial No {0} is not present in the {1} {2}, hence you can't return it against the {1} {2}","O número de série {0} não está presente em {1} {2}, portanto você não pode devolvê-lo em {1} {2}"
Serial No {0} is under maintenance contract upto {1},O número de série {0} está sob contrato de manutenção até {1}
Serial No {0} is under warranty upto {1},O número de série {0} está na garantia até {1}
Serial Nos,Números de série
Serial Nos / Batch Nos,Números de série/números de lote
Serial Nos / Batches,Números de série/lotes
Serial Nos are created successfully,Os números de série foram criados com sucesso
"Serial Nos are reserved in Stock Reservation Entries, you need to unreserve them before proceeding.","Os números de série são reservados nas entradas de reserva de estoque, você precisa cancelar a reserva antes de prosseguir."
Serial Nos {0} are already Delivered. You cannot use them again in Manufacture / Repack entry.,Os números de série {0} já foram entregues. Você não pode utilizá-los novamente na entrada Fabricação/Reembalagem.
Serial Number Series,Série de números de série
Serial and Batch,Série e lote
Serial and Batch Bundle,Pacote serial e em lote
Serial and Batch Bundle created,Pacote serial e em lote criado
Serial and Batch Bundle updated,Pacote serial e em lote atualizado
Serial and Batch Bundle {0} is already used in {1} {2}.,Pacote serial e em lote {0} já é usado em {1} {2}.
Serial and Batch Bundle {0} is not submitted,Pacote serial e em lote {0} não foi enviado
Serial and Batch Details,Detalhes de série e lote
Serial and Batch Entry,Entrada serial e em lote
Serial and Batch No,Número de série e lote
Serial and Batch No for Item Disabled,Número de série e lote para item desativado
Serial and Batch Nos,Números de série e lote
Serial and Batch Nos will be auto-reserved based on <b>Pick Serial / Batch Based On</b>,Os números de série e lote serão reservados automaticamente com base em <b>Escolher serial/lote com base em</b>
Serial and Batch Reservation,Reserva de série e lote
Serial and Batch Summary,Resumo de série e lote
Serial numbers unavailable for Item {0} under warehouse {1}. Please try changing warehouse.,"Números de série indisponíveis para o Item {0} no armazém {1}. Por favor, tente mudar de armazém."
Series for Asset Depreciation Entry (Journal Entry),Série para lançamento de depreciação de ativos (lançamento contábil)
Service,Serviço
Service Address,Endereço do serviço
Service Cost Per Qty,Custo do serviço por quantidade
Service End Date,Data de término do serviço
Service Expense Account,Conta de despesas de serviço
Service Expense Total Amount,Valor total das despesas de serviço
Service Expenses,Despesas de serviço
Service Item,Item de serviço
Service Item Qty,Quantidade de itens de serviço
Service Item Qty / Finished Good Qty,Quantidade de itens de serviço / Quantidade de produtos acabados
Service Item UOM,Unidade de medida do item de serviço
Service Item {0} is disabled.,O item de serviço {0} está desativado.
Service Item {0} must be a non-stock item.,O item de serviço {0} deve ser um item sem estoque.
Service Items,Itens de serviço
Service Level Agreement Creation,Criação de acordo de nível de serviço
Service Level Agreement Details,Detalhes do Acordo de Nível de Serviço
Service Level Agreement Status,Status do Acordo de Nível de Serviço
Service Level Agreement for {0} {1} already exists.,O Acordo de Nível de Serviço para {0} {1} já existe.
Service Level Agreements,Acordos de nível de serviço
Service Level Name,Nome do nível de serviço
Service Provider,Provedor de serviços
Service Received But Not Billed,Serviço recebido mas não faturado
Service Start Date,Data de início do serviço
Service Stop Date,Data de Parada do Serviço
Set Accepted Warehouse,Definir armazém aceito
Set Advances and Allocate (FIFO),Definir Adiantamentos e Alocação (FIFO)
Set Basic Rate Manually,Definir taxa básica manualmente
Set Default Supplier,Definir fornecedor padrão
Set Delivery Warehouse,Definir armazém de entrega
Set Finished Good Quantity,Definir quantidade de produto acabado
Set From Warehouse,Definir do armazém
Set Grand Total to Default Payment Method,Definir total geral como método de pagamento padrão
Set Incoming Rate as Zero for Expired Batch,Definir taxa de entrada como zero para lote expirado
Set Item Group-wise budgets on this Territory. You can also include seasonality by setting the Distribution.,Defina orçamentos de grupo de itens neste território. Você também pode incluir sazonalidade definindo a Distribuição.
Set Landed Cost Based on Purchase Invoice Rate,Definir o custo final com base na taxa da fatura de compra
Set Loyalty Program,Definir programa de fidelidade
Set Operating Cost / Secondary Items From Sub-assemblies,Definir custo operacional/itens secundários de submontagens
Set Operating Cost Based On BOM Quantity,Definir custo operacional com base na quantidade da lista técnica
Set Parent Row No in Items Table,Definir o número da linha pai na tabela de itens
Set Password,Definir senha
Set Posting Date,Definir data de postagem
Set Process Loss Item Quantity,Definir quantidade de itens perdidos no processo
Set Project Status,Definir status do projeto
Set Quantity,Definir quantidade
Set Reserve Warehouse,Definir Armazém de Reserva
Set Response Time for Priority {0} in row {1}.,Defina o Tempo de Resposta para Prioridade {0} na linha {1}.
Set Serial and Batch Bundle Naming Based on Naming Series,Definir nomenclatura de pacote serial e em lote com base na série de nomenclatura
Set Source Warehouse,Definir armazém de origem
Set Supplier,Definir fornecedor
Set Target Warehouse,Definir armazém de destino
Set Valuation Rate Based on Source Warehouse,Definir taxa de avaliação com base no armazém de origem
Set Valuation Rate for Rejected Materials,Definir taxa de avaliação para materiais rejeitados
Set Warehouse,Definir armazém
Set by Item Tax Template,Definido por modelo de imposto de item
Set default {0} account for non stock items,Definir conta padrão {0} para itens sem estoque
Set fieldname from which you want to fetch the data from the parent form.,Defina o nome do campo do qual você deseja buscar os dados do formulário pai.
Set quantity of process loss item:,Definir quantidade de item de perda de processo:
Set rate of sub-assembly item based on BOM,Definir taxa de item de submontagem com base na BOM
Set targets Item Group-wise for this Sales Person.,Defina metas em termos de grupo de itens para este vendedor.
Set the Planned Start Date (an Estimated Date at which you want the Production to begin),Defina a data de início planejada (uma data estimada em que você deseja que a produção comece)
Set the status manually.,Defina o status manualmente.
Set this value to 0 to disable the feature.,Defina esse valor como 0 para desativar o recurso.
Set {0} in asset category {1} for company {2},Defina {0} na categoria de ativo {1} para a empresa {2}
Sets 'Accepted Warehouse' in each row of the Items table.,Define 'Armazém Aceito' em cada linha da tabela Itens.
Sets 'Rejected Warehouse' in each row of the Items table.,Define 'Armazém Rejeitado' em cada linha da tabela Itens.
Sets 'Reserve Warehouse' in each row of the Supplied Items table.,Define 'Armazém Reserva' em cada linha da tabela Itens Fornecidos.
Sets 'Source Warehouse' in each row of the items table.,Define 'Source Warehouse' em cada linha da tabela de itens.
Sets 'Target Warehouse' in each row of the items table.,Define 'Armazém Alvo' em cada linha da tabela de itens.
Sets 'Warehouse' in each row of the Items table.,Define 'Armazém' em cada linha da tabela Itens.
Setting Account Type helps in selecting this Account in transactions.,Definir o tipo de conta ajuda a selecionar esta conta nas transações.
"Setting Events to {0}, since the Employee attached to the below Sales Persons does not have a User ID{1}","Definir eventos como {0}, já que o funcionário vinculado aos vendedores abaixo não possui um ID de usuário{1}"
Setting Item Locations...,Configurando locais de itens...
Setting the account as a Company Account is necessary for Bank Reconciliation,Definir a conta como Conta Empresarial é necessário para a Reconciliação Bancária
Setting {0} is required,A configuração {0} é obrigatória
Settings,Configurações
Settings for Selling Module,Configurações para módulo de vendas
Setup,Configurar
Setup your organization,Configure sua organização
Share Ledger,Compartilhar livro-razão
Share Type,Tipo de compartilhamento
Shelf Life In Days,Prazo de validade em dias
Shelf Life in Days,Prazo de validade em dias
Shift,Mudança
Shift Factor,Fator de mudança
Shift Name,Nome do turno
Shift Request Approver,Aprovador de solicitação de turno
Shift Time (In Hours),Tempo de turno (em horas)
Shipment,Remessa
Shipment Amount,Valor da remessa
Shipment Delivery Note,Nota de entrega da remessa
Shipment ID,ID da remessa
Shipment Information,Informações de remessa
Shipment Parcel,Pacote de Remessa
Shipment Parcel Template,Modelo de pacote de remessa
Shipment Type,Tipo de remessa
Shipment details,Detalhes da remessa
Shipping Account,Conta de envio
Shipping Address,Endereço para envio
Shipping Address Details,Detalhes do endereço de entrega
Shipping Address Name,Nome do endereço de entrega
Shipping Address Template,Modelo de endereço de entrega
Shipping Address does not belong to the {0},O endereço de entrega não pertence a {0}
Shipping Amount,Valor do frete
Shipping City,Cidade de embarque
Shipping Country,País de envio
Shipping County,Condado de expedição
Shipping Rule Conditions,Condições das regras de envio
Shipping Rule Label,Etiqueta de regra de envio
Shipping Rule Type,Tipo de regra de envio
Shipping State,Estado de envio
Shipping Zipcode,CEP de envio
Shopping Cart,Carrinho de compras
Short Term Loan Account,Conta de empréstimo de curto prazo
Short biography for website and other publications.,Breve biografia para site e outras publicações.
Short-term Investments,Investimentos de curto prazo
Short-term Provisions,Disposições de Curto Prazo
Shortage Qty,Quantidade em falta
Show Aggregate Value from Subsidiary Companies,Mostrar valor agregado de empresas subsidiárias
Show Balances in Chart Of Accounts,Mostrar saldos no plano de contas
Show Barcode Field in Stock Transactions,Mostrar campo de código de barras em transações de estoque
Show Credit / Debit in Company Currency,Mostrar crédito/débito na moeda da empresa
Show Dimension Wise Stock,Mostrar estoque dimensional
Show Disabled Items,Mostrar itens desativados
Show Disabled Warehouses,Mostrar armazéns desativados
Show Failed Logs,Mostrar registros com falha
Show GL Balance,Mostrar saldo contábil
Show Group Accounts,Mostrar contas de grupo
Show In Website,Mostrar no site
Show Inclusive Tax in Print,Mostrar imposto inclusivo impresso
Show Item Name,Mostrar nome do item
Show Items,Mostrar itens
Show Latest Forum Posts,Mostrar últimas postagens do fórum
Show Ledger View,Mostrar visualização do razão
Show Net Values in Party Account,Mostrar valores líquidos na conta do partido
Show Opening and Closing Balance,Mostrar saldo de abertura e fechamento
Show Operations,Mostrar operações
Show Pay Button in Purchase Order Portal,Mostrar botão de pagamento no portal de pedidos de compra
Show Payment Schedule in Print,Mostrar cronograma de pagamento impresso
Show Preview,Mostrar visualização
Show Remarks,Mostrar comentários
Show Taxes as Table in Print,Mostrar impostos como tabela impressa
Show Traceback,Mostrar rastreamento
Show availability of exploded items,Mostrar disponibilidade de itens explodidos
Show in Bucket View,Mostrar na visualização de intervalo
Show in Website,Mostrar no site
Show negative values as positive (for expenses in P&L),Mostrar valores negativos como positivos (para despesas no P&L)
Show net values in opening and closing columns,Mostrar valores líquidos nas colunas de abertura e fechamento
Show only the Immediate Upcoming Term,Mostrar apenas o próximo período imediato
Show pending entries,Mostrar entradas pendentes
Show with upcoming revenue/expense,Mostrar com receitas/despesas futuras
Signatory Position,Posição do Signatário
Signed,Assinado
Signed By (Company),Assinado por (Empresa)
Signed On,Conectado
Signee,Signatário
Signee (Company),Signatário (Empresa)
Signee Details,Detalhes do signatário
Similar types of workstations where the same operations run in parallel.,Tipos semelhantes de estações de trabalho onde as mesmas operações são executadas em paralelo.
"Simple Python Expression, Example: doc.status == 'Open' and doc.issue_type == 'Bug'","Expressão Python simples, exemplo: doc.status == 'Open' e doc.issue_type == 'Bug'"
"Simple Python Expression, Example: territory != 'All Territories'","Expressão Python simples, exemplo: território! = 'Todos os territórios'"
"Simple Python formula applied on Reading fields.<br> Numeric eg. 1: <b>reading_1 &gt; 0.2 and reading_1 &lt; 0.5</b><br>|||Numeric eg. 2: <b>mean &gt; 3.5</b> (mean of populated fields)<br>|||Value based eg.:  <b>reading_value in (""A"", ""B"", ""C"")</b>","Fórmula Python simples aplicada em campos de leitura.<br> Numérico, por exemplo. 1: <b>leitura_1&gt; 0,2 e leitura_1 &lt; 0,5</b><br>|||Numérico, por exemplo. 2: <b>média&gt; 3,5</b> (média dos campos preenchidos)<br>|||Baseado em valor, por exemplo: <b>valor_leitura em (""A"", ""B"", ""C"")</b>"
Simultaneous,Simultâneo
"Since there is a process loss of {0} units for the finished good {1}, you should reduce the quantity by {0} units for the finished good {1} in the Items Table.","Como há uma perda de processo de {0} unidades do produto acabado {1}, você deve reduzir a quantidade em {0} unidades do produto acabado {1} na Tabela de Itens."
"Since you have enabled 'Track Semi Finished Goods', at least one operation must have 'Is Final Finished Good' checked. For that set the FG / Semi FG Item as {0} against an operation.","Como você ativou 'Rastrear produtos semiacabados', pelo menos uma operação deve ter a opção 'É produto final acabado' marcada. Para isso configure o Item FG/Semi FG como {0} contra uma operação."
"Since {0} are Serial No/Batch No items, you cannot enable 'Recreate Stock Ledgers' in Repost Item Valuation.","Como {0} são itens com número de série/sem lote, você não pode ativar 'Recriar registros de estoque' em Relançar avaliação de item."
"Since {0} has 'Update Stock' disabled, you cannot create repost item valuation against it","Como {0} tem a opção 'Atualizar estoque' desativada, você não pode criar uma nova avaliação de item em relação a ele"
Single,Solteiro
Single Tier Program,Programa de nível único
Size,Tamanho
Skills,Habilidades
Skip Delivery Note,Ignorar nota de entrega
Skip Material Transfer,Pular transferência de material
Skip Material Transfer to WIP,Pular transferência de material para WIP
Skip Material Transfer to WIP Warehouse,Pular transferência de material para armazém WIP
Skipped,Ignorado
Skipped {0} DocType(s):<br>{1},{0} Tipo(s) de documento(s) ignorados:<br>{1}
"Skipping {0} of {1}, {2}","Ignorando {0} de {1}, {2}"
Skype ID,ID do Skype
Software,Programas
Sold by,Vendido por
Solvency Ratios,Rácios de solvência
Some required Company details are missing. You don't have permission to update them. Please contact your System Manager.,Faltam alguns detalhes obrigatórios da empresa. Você não tem permissão para atualizá-los. Entre em contato com o gerente do sistema.
Something went wrong please try again,"Algo deu errado, tente novamente"
Source,Fonte
Source DocType,Tipo de documento de origem
Source Document,Documento de origem
Source Document Name,Nome do documento de origem
Source Document No,Documento Fonte Não
Source Document Type,Tipo de documento de origem
Source Exchange Rate,Taxa de câmbio de origem
Source Fieldname,Nome do campo de origem
Source Location,Localização de origem
Source Manufacture Entry,Entrada de fabricação de origem
Source Name,Nome da fonte
Source Stock Entry (Manufacture),Entrada de estoque de origem (fabricação)
"Source Stock Entry {0} belongs to Work Order {1}, not {2}. Please use a manufacture entry from the same Work Order.","A Entrada de Estoque de Origem {0} pertence à Ordem de Serviço {1}, não a {2}. Utilize uma entrada de fabricação da mesma Ordem de Serviço."
Source Stock Entry {0} has no finished goods quantity,A entrada de estoque de origem {0} não tem quantidade de produtos acabados
Source Type,Tipo de fonte
Source Warehouse Address,Endereço do armazém de origem
Source Warehouse Address Link,Link do endereço do armazém de origem
Source Warehouse is mandatory for the Item {0}.,O Source Warehouse é obrigatório para o Item {0}.
Source Warehouse {0} must be same as Customer Warehouse {1} in the Subcontracting Inward Order.,O Armazém de Origem {0} deve ser igual ao Armazém do Cliente {1} na Ordem de Entrada de Subcontratação.
Source and target warehouse must be different,O armazém de origem e de destino deve ser diferente
Sourced by Supplier,Fornecido pelo Fornecedor
South Africa VAT Account,Conta de IVA da África do Sul
South Africa VAT Settings,Configurações de IVA da África do Sul
Spacer,Espaçador
Specify Exchange Rate to convert one currency into another,Especifique a taxa de câmbio para converter uma moeda em outra
Specify conditions to calculate shipping amount,Especifique as condições para calcular o valor do frete
"Spending for Account {0} ({1}) between {2} and {3} has already exceeded the new allocated budget. Spent: {4}, Budget: {5}","Os gastos da conta {0} ({1}) entre {2} e {3} já excederam o novo orçamento alocado. Gasto: {4}, Orçamento: {5}"
Split Asset,Dividir ativo
Split Early Payment Discount Loss into Income and Tax Loss,Divida a perda de desconto por pagamento antecipado em receita e perda fiscal
Split From,Dividir de
Split Qty,Quantidade dividida
Split Quantity must be less than Asset Quantity,A quantidade dividida deve ser menor que a quantidade de ativos
Splitting {0} {1} into {2} rows as per Payment Terms,Dividindo {0} {1} em {2} linhas de acordo com as Condições de Pagamento
Sr,Sr.
Stage,Estágio
Stage Name,Nome artístico
Stale Days,Dias obsoletos
Stale Days should start from 1.,Os dias obsoletos devem começar em 1.
Standard Description,Descrição padrão
Standard Rated Expenses,Despesas Nominadas Padrão
Standard Selling Rate,Taxa de venda padrão
Standard Template,Modelo padrão
"Standard Terms and Conditions that can be added to Sales and Purchases. Examples: Validity of the offer, Payment Terms, Safety and Usage, etc.","Termos e Condições Padrão que podem ser adicionados a Vendas e Compras. Exemplos: Validade da oferta, Condições de Pagamento, Segurança e Utilização, etc."
Standard rated supplies in {0},Suprimentos com classificação padrão em {0}
"Standard tax template that can be applied to all Purchase Transactions. This template can contain a list of tax heads and also other expense heads like ""Shipping"", ""Insurance"", ""Handling"", etc.","Modelo de imposto padrão que pode ser aplicado a todas as transações de compra. Este modelo pode conter uma lista de cabeçalhos de impostos e também outros cabeçalhos de despesas como ""Frete"", ""Seguros"", ""Manuseio"", etc."
"Standard tax template that can be applied to all Sales Transactions. This template can contain a list of tax heads and also other expense/income heads like ""Shipping"", ""Insurance"", ""Handling"" etc.","Modelo de imposto padrão que pode ser aplicado a todas as transações de vendas. Este modelo pode conter uma lista de cabeçalhos de impostos e também outros cabeçalhos de despesas/receitas como ""Frete"", ""Seguros"", ""Manuseio"" etc."
Standing Name,Nome Permanente
Start,Começar
Start / Resume,Iniciar / Retomar
Start Date,Data de início
Start Date should be lower than End Date,A data de início deve ser inferior à data de término
Start Import,Iniciar importação
Start Job,Iniciar trabalho
Start Merge,Iniciar mesclagem
Start Reposting,Comece a repassar
Start Time,Hora de início
Start Time can't be greater than or equal to End Time for {0}.,A Hora de Início não pode ser maior ou igual à Hora de Término de {0}.
Start Timer,Iniciar temporizador
Start date of current invoice's period,Data de início do período da fatura atual
Start date should be less than end date for Item {0},A data de início deve ser inferior à data de término do item {0}
Started a background job to create {1} {0}. {2},Iniciou um trabalho em segundo plano para criar {1} {0}. {2}
Starting location from left edge,Localização inicial da borda esquerda
Starting position from top edge,Posição inicial a partir da borda superior
Status,Status
Status Details,Detalhes do status
Status Illustration,Ilustração de status
Status and Reference,Status e Referência
Status must be Cancelled or Completed,O status deve ser cancelado ou concluído
Status must be one of {0},O status deve ser um de {0}
Status set to rejected as there are one or more rejected readings.,Status definido como rejeitado porque há uma ou mais leituras rejeitadas.
Statutory info and other general information about your Supplier,Informações legais e outras informações gerais sobre o seu fornecedor
Stock Adjustment Account,Conta de ajuste de estoque
Stock Asset Account,Conta de Ativos de Estoque
Stock Capacity,Capacidade de estoque
Stock Closing,Fechamento de ações
Stock Closing Balance,Saldo de fechamento de estoque
Stock Closing Entry,Entrada de fechamento de estoque
Stock Closing Entry {0} already exists for the selected date range,A entrada de fechamento de estoque {0} já existe para o período selecionado
"Stock Closing Entry {0} has been queued for processing, system will take sometime to complete it.","A entrada de fechamento de estoque {0} foi colocada na fila para processamento, o sistema levará algum tempo para concluí-la."
Stock Closing Log,Registro de fechamento de estoque
Stock Details,Detalhes do estoque
Stock Entries already created for Work Order {0}: {1},Entradas de estoque já criadas para ordem de serviço {0}: {1}
Stock Entry (Outward GIT),Entrada de estoque (GIT externo)
Stock Entry Child,Filho de entrada de estoque
Stock Entry Item,Item de entrada em estoque
Stock Entry Type,Tipo de entrada de estoque
Stock Entry {0} has created,A entrada de estoque {0} foi criada
Stock Frozen Up To,Estoque congelado até
Stock Items,Itens de estoque
Stock Ledger Entries and GL Entries are reposted for the selected Purchase Receipts,As entradas do razão de estoque e as entradas contábeis são relançadas para os recibos de compra selecionados
Stock Ledger Invariant Check,Verificação invariante do razão de estoque
Stock Ledger Variance,Variação do razão de estoque
Stock Ledgers won’t be reposted.,Os livros contábeis de ações não serão relançados.
Stock Movement,Movimento de estoque
Stock Partially Reserved,Estoque Parcialmente Reservado
Stock Planning,Planejamento de estoque
Stock Qty vs Batch Qty,Quantidade de estoque vs quantidade de lote
Stock Received But Not Billed,"Estoque recebido, mas não faturado"
Stock Reconciliation Item,Item de reconciliação de estoque
Stock Reposting Settings,Configurações de transferência de estoque
Stock Reservation,Reserva de estoque
Stock Reservation Entries Cancelled,Entradas de reserva de estoque canceladas
Stock Reservation Entries Created,Lançamentos de reserva de estoque criados
Stock Reservation Entries created,Lançamentos de reserva de estoque criados
Stock Reservation Entry,Entrada de reserva de estoque
Stock Reservation Entry cannot be updated as it has been delivered.,A entrada de reserva de estoque não pode ser atualizada porque foi entregue.
"Stock Reservation Entry created against a Pick List cannot be updated. If you need to make changes, we recommend canceling the existing entry and creating a new one.","A entrada de reserva de estoque criada em uma lista de seleção não pode ser atualizada. Se precisar fazer alterações, recomendamos cancelar a entrada existente e criar uma nova."
Stock Reservation Warehouse Mismatch,Incompatibilidade de armazém de reserva de estoque
Stock Reservation can only be created against {0}.,A Reserva de Estoque só pode ser criada para {0}.
Stock Reserved,Estoque reservado
Stock Reserved Qty,Quantidade reservada de estoque
Stock Reserved Qty (in Stock UOM),Quantidade reservada de estoque (UOM em estoque)
Stock Transactions Settings,Configurações de transações de estoque
Stock UOM Quantity,Quantidade de unidades de medida em estoque
Stock Unreservation,Desreserva de estoque
Stock Uom,Estoque Uom
Stock Update Not Allowed,Atualização de estoque não permitida
Stock Validations,Validações de estoque
Stock and Manufacturing,Estoque e Fabricação
Stock cannot be reserved in group warehouse {0}.,O estoque não pode ser reservado no armazém do grupo {0}.
Stock cannot be reserved in the group warehouse {0}.,O estoque não pode ser reservado no armazém do grupo {0}.
Stock cannot be updated against the following Delivery Notes: {0},O estoque não pode ser atualizado em relação às seguintes Notas de Entrega: {0}
Stock cannot be updated because the invoice contains a drop shipping item. Please disable 'Update Stock' or remove the drop shipping item.,O estoque não pode ser atualizado porque a fatura contém um item de envio direto. Desative 'Atualizar estoque' ou remova o item de envio direto.
Stock cannot be updated for Purchase Invoice {0} because a Purchase Receipt {1} has already been created for this transaction. Please disable the 'Update Stock' checkbox in the Purchase Invoice and save the invoice.,O estoque não pode ser atualizado para a fatura de compra {0} porque um recibo de compra {1} já foi criado para esta transação. Desative a caixa de seleção 'Atualizar estoque' na fatura de compra e salve a fatura.
"Stock entries exist with the old account. Changing the account may lead to a mismatch between the warehouse closing balance and the account closing balance. The overall closing balance will still match, but not for the specific account.","Existem entradas de estoque com a conta antiga. A alteração da conta pode levar a uma incompatibilidade entre o saldo de encerramento do armazém e o saldo de encerramento da conta. O saldo final geral ainda será igual, mas não para a conta específica."
Stock has been unreserved for work order {0}.,O estoque foi cancelado para a ordem de serviço {0}.
Stock not available for Item {0} in Warehouse {1}.,Estoque não disponível para o Item {0} no Armazém {1}.
Stock quantity not enough for Item Code: {0} under warehouse {1}. Available quantity {2} {3}.,A quantidade em estoque não é suficiente para o Código do Item: {0} no armazém {1}. Quantidade disponível {2} {3}.
Stock transactions that are older than the mentioned days cannot be modified.,As transações de ações anteriores aos dias mencionados não podem ser modificadas.
Stock will be reserved on submission of <b>Purchase Receipt</b> created against Material Request for Sales Order.,O estoque será reservado mediante envio do <b>Recibo de Compra</b> gerado na Solicitação de Material para ordem de vendas.
Stock/Accounts can not be frozen as processing of backdated entries is going on. Please try again later.,"Os estoques/contas não podem ser congelados, pois o processamento de lançamentos retroativos está em andamento. Por favor, tente novamente mais tarde."
Stop,Parar
Stopped,Parou
Straight Line,Linha reta
Sub Assemblies & Raw Materials,Subconjuntos e matérias-primas
Sub Assembly Item,Item de subconjunto
Sub Assembly Item Code,Código do item do subconjunto
Sub Assembly Item Reference,Referência de item de subconjunto
Sub Assembly Item is mandatory,O item do subconjunto é obrigatório
Sub Assembly Items,Itens de submontagem
Sub Assembly Warehouse,Armazém de Submontagem
Sub Operation,Suboperação
Sub Operations,Suboperações
Sub Procedure,Subprocedimento
Sub Total,Subtotal
Sub assembly item references are missing. Please fetch the sub assemblies and raw materials again.,"Faltam referências de itens de submontagem. Por favor, busque os subconjuntos e as matérias-primas novamente."
Sub-assembly BOM Count,Contagem de BOM de submontagem
Subcontract BOM,BOM de subcontratação
Subcontract Order,Ordem de subcontratação
Subcontract Order Summary,Resumo do pedido de subcontratação
Subcontract Return,Retorno de subcontrato
Subcontracted Item,Item subcontratado
Subcontracted Item To Be Received,Item subcontratado a ser recebido
Subcontracted Purchase Order,Ordem de compra subcontratada
Subcontracted Quantity,Quantidade Subcontratada
Subcontracting,Subcontratação
Subcontracting BOM,BOM de subcontratação
Subcontracting Conversion Factor,Fator de conversão de subcontratação
Subcontracting Delivery,Entrega de subcontratação
Subcontracting Inward,Subcontratação interna
Subcontracting Inward Order,Ordem de entrada de subcontratação
Subcontracting Inward Order Item,Subcontratação de item de pedido interno
Subcontracting Inward Order Received Item,Item recebido de ordem interna de subcontratação
Subcontracting Inward Order Secondary Item,Subcontratação de item secundário de pedido interno
Subcontracting Inward Order Service Item,Item de serviço de pedido interno de subcontratação
Subcontracting Inward Settings,Configurações internas de subcontratação
Subcontracting Order,Ordem de subcontratação
Subcontracting Order (Draft) will be auto-created on submission of Purchase Order.,A Ordem de Subcontratação (Rascunho) será criada automaticamente no envio da Ordem de Compra.
Subcontracting Order Item,Item de pedido de subcontratação
Subcontracting Order Service Item,Item de serviço de pedido de subcontratação
Subcontracting Order Supplied Item,Item fornecido por pedido de subcontratação
Subcontracting Order {0} created.,Ordem de subcontratação {0} criada.
Subcontracting Purchase Order,Ordem de compra de subcontratação
Subcontracting Receipt,Recibo de Subcontratação
Subcontracting Receipt Item,Item de recebimento de subcontratação
Subcontracting Receipt Supplied Item,Item fornecido de recibo de subcontratação
Subcontracting Return,Retorno de subcontratação
Subcontracting Sales Order,Ordem de vendas de subcontratação
Subcontracting Settings,Configurações de subcontratação
Subdivision,Subdivisão
Subject,Assunto
Submit,Enviar
Submit Action Failed,Falha ao enviar ação
Submit ERR Journals?,Enviar diários ERR?
Submit Generated Invoices,Enviar faturas geradas
Submit Journal Entries,Enviar lançamentos contábeis manuais
Submit your Quotation,Envie sua cotação
Submitted,Enviado
Subscription End Date,Data de término da assinatura
Subscription End Date must be after {0} as per the subscription plan,A data de término da assinatura deve ser posterior a {0} de acordo com o plano de assinatura
Subscription Period,Período de assinatura
Subscription Plans,Planos de assinatura
Subscription Price Based On,Preço da assinatura com base em
Subscription Section,Seção de assinatura
Subscription Start Date,Data de início da assinatura
Subscription for Future dates cannot be processed.,A assinatura para datas futuras não pode ser processada.
Succeeded,Sucesso
Succeeded Entries,Inscrições bem-sucedidas
Success,Sucesso
Success Redirect URL,URL de redirecionamento de sucesso
Success Settings,Configurações de sucesso
Successful,Bem-sucedido
"Successfully changed Stock UOM, please redefine conversion factors for new UOM.",UOM de estoque alterado com sucesso. Redefina os fatores de conversão para a nova UOM.
Successfully imported {0},Importado {0} com sucesso
"Successfully imported {0} record out of {1}. Click on Export Errored Rows, fix the errors and import again.","Importado com sucesso {0} registro de {1}. Clique em Exportar linhas com erros, corrija os erros e importe novamente."
Successfully imported {0} record.,Registro {0} importado com sucesso.
"Successfully imported {0} records out of {1}. Click on Export Errored Rows, fix the errors and import again.","Importou com sucesso {0} registros de {1}. Clique em Exportar linhas com erros, corrija os erros e importe novamente."
Successfully imported {0} records.,{0} registros importados com sucesso.
Successfully linked to Customer,Vinculado com sucesso ao cliente
Successfully linked to Supplier,Vinculado com sucesso ao fornecedor
Successfully merged {0} out of {1}.,Mesclado com sucesso {0} de {1}.
Successfully updated {0},Atualizado com sucesso {0}
"Successfully updated {0} record out of {1}. Click on Export Errored Rows, fix the errors and import again.","Registro {0} atualizado com sucesso de {1}. Clique em Exportar linhas com erros, corrija os erros e importe novamente."
Successfully updated {0} record.,Registro {0} atualizado com sucesso.
"Successfully updated {0} records out of {1}. Click on Export Errored Rows, fix the errors and import again.","{0} registros atualizados com sucesso de {1}. Clique em Exportar linhas com erros, corrija os erros e importe novamente."
Successfully updated {0} records.,{0} registros atualizados com sucesso.
Suggestions,Sugestões
Summary,Resumo
Supplied Item,Item fornecido
Supplied Items,Itens Fornecidos
Supplied Qty,Quantidade fornecida
Supplier > Supplier Type,Fornecedor > Tipo de fornecedor
Supplier Address,Endereço do fornecedor
Supplier Address Details,Detalhes do endereço do fornecedor
Supplier Contact,Contato do fornecedor
Supplier Delivery Note,Nota de entrega do fornecedor
Supplier Details,Detalhes do fornecedor
Supplier Group Item,Item do grupo de fornecedores
Supplier Group Name,Nome do grupo de fornecedores
Supplier Info,Informações do fornecedor
Supplier Invoice,Fatura do Fornecedor
Supplier Invoice No,Nº da fatura do fornecedor
Supplier Invoice No exists in Purchase Invoice {0},A fatura do fornecedor não existe na fatura de compra {0}
Supplier Item,Item do fornecedor
Supplier Items,Itens do fornecedor
Supplier Lead Time (days),Prazo de entrega do fornecedor (dias)
Supplier Ledger Summary,Resumo do razão do fornecedor
Supplier Naming By,Nomeação do fornecedor por
Supplier Number,Número do Fornecedor
Supplier Number At Customer,Número do fornecedor no cliente
Supplier Numbers,Números de fornecedores
Supplier Part No,Número da peça do fornecedor
Supplier Part Number,Número de peça do fornecedor
Supplier Portal Users,Usuários do Portal do Fornecedor
Supplier Primary Address,Endereço principal do fornecedor
Supplier Primary Contact,Contato principal do fornecedor
Supplier Quotation Item,Item de cotação do fornecedor
Supplier Required,Fornecedor necessário
Supplier Score,Pontuação do fornecedor
Supplier Scorecard,Scorecard do fornecedor
Supplier Scorecard Criteria,Critérios do Scorecard do Fornecedor
Supplier Scorecard Period,Período do Scorecard do Fornecedor
Supplier Scorecard Scoring Criteria,Critérios de pontuação do scorecard do fornecedor
Supplier Scorecard Scoring Standing,Posição de pontuação do scorecard do fornecedor
Supplier Scorecard Scoring Variable,Variável de pontuação do scorecard do fornecedor
Supplier Scorecard Setup,Configuração do scorecard do fornecedor
Supplier Scorecard Standing,Posição do Scorecard do Fornecedor
Supplier Scorecard Variable,Variável do scorecard do fornecedor
Supplier Type,Tipo de fornecedor
Supplier Warehouse,Armazém do Fornecedor
Supplier delivers to Customer,Fornecedor entrega ao cliente
Supplier is required for all selected Items,O fornecedor é obrigatório para todos os itens selecionados
Supplier numbers assigned by the customer,Números de fornecedores atribuídos pelo cliente
Supplier of Goods or Services.,Fornecedor de bens ou serviços.
Suppliers,Fornecedores
Supplies subject to the reverse charge provision,Fornecimentos sujeitos à disposição de autoliquidação
Supply,Fornecer
Support Portal,Portal de suporte
Suspected Discount Amount,Valor de desconto suspeito
Suspended,Suspenso
Sync Now,Sincronizar agora
Sync Started,Sincronização iniciada
Synchronize all accounts every hour,Sincronize todas as contas a cada hora
System Health,Saúde do sistema
System In Use,Sistema em uso
System Manager,Gerente do Sistema
"System User (login) ID. If set, it will become default for all HR forms.","ID do usuário do sistema (login). Se definido, ele se tornará padrão para todos os formulários de RH."
System will automatically create the serial numbers / batch for the Finished Good on submission of work order,O sistema criará automaticamente os números de série/lote para o produto acabado no envio da ordem de serviço
"System will do an implicit conversion using the pegged currency. <br>|||Ex: Instead of AED -&gt; INR, system will do AED -&gt; USD -&gt; INR using the pegged exchange rate of AED against USD.","O sistema fará uma conversão implícita usando a moeda indexada. <br>|||Ex: Em vez de DEA -&gt; INR, o sistema fará AED -&gt; USD -&gt; INR usando a taxa de câmbio indexada de AED em relação ao USD."
System will fetch all the entries if limit value is zero.,O sistema irá buscar todas as entradas se o valor limite for zero.
System will not check over billing since amount for Item {0} in {1} is zero,"O sistema não verificará o faturamento, pois o valor do item {0} em {1} é zero"
System will notify to increase or decrease quantity or amount ,O sistema notificará para aumentar ou diminuir a quantidade ou valor
TDS Computation Summary,Resumo de computação TDS
TDS Deducted,TDS deduzido
TDS Payable,TDS a pagar
TS-.YYYY.-,TS-.AAAA.-
Table for Item that will be shown in Web Site,Tabela de Item que será mostrado no Web Site
Tag,Marcação
Target,Alvo
Target  Amount,Valor alvo
Target Asset,Ativo alvo
Target Asset {0} cannot be cancelled,O ativo alvo {0} não pode ser cancelado
Target Asset {0} cannot be submitted,O recurso alvo {0} não pode ser enviado
Target Asset {0} cannot be {1},O recurso de destino {0} não pode ser {1}
Target Asset {0} does not belong to company {1},O ativo alvo {0} não pertence à empresa {1}
Target Asset {0} needs to be composite asset,O ativo de destino {0} precisa ser um ativo composto
Target Distribution,Distribuição alvo
Target Exchange Rate,Taxa de câmbio alvo
Target Fieldname (Stock Ledger Entry),Nome do campo de destino (entrada do razão de estoque)
Target Fixed Asset Account,Conta de ativo fixo alvo
Target Incoming Rate,Taxa de entrada desejada
Target Item Code,Código do item de destino
Target Item {0} must be a Fixed Asset item,O item de destino {0} deve ser um item de ativo fixo
Target Location,Local de destino
Target Location is required for transferring Asset {0},O local de destino é necessário para transferir o recurso {0}
Target Location is required while receiving Asset {0},O local de destino é obrigatório ao receber o recurso {0}
Target Qty,Quantidade desejada
Target Warehouse Address,Endereço do armazém de destino
Target Warehouse Address Link,Link do endereço do armazém de destino
Target Warehouse Reservation Error,Erro de reserva do armazém de destino
Target Warehouse for Finished Good must be same as Finished Good Warehouse {1} in Work Order {2} linked to the Subcontracting Inward Order.,O Armazém de Destino para Produto Acabado deve ser igual ao Armazém de Produto Acabado {1} na Ordem de Serviço {2} vinculada à Ordem de Entrada de Subcontratação.
Target Warehouse is required before Submit,O Target Warehouse é obrigatório antes do envio
Target Warehouse is set for some items but the customer is not an internal customer.,"O Target Warehouse está definido para alguns itens, mas o cliente não é um cliente interno."
Target Warehouse {0} must be same as Delivery Warehouse {1} in the Subcontracting Inward Order Item.,O Armazém de Destino {0} deve ser igual ao Armazém de Entrega {1} no Item de Pedido de Recebimento de Subcontratação.
Target warehouse is mandatory for row {0},O armazém de destino é obrigatório para a linha {0}
Targets,Alvos
Tariff Number,Número Tarifário
Task,Tarefa
Task Assignee Email,E-mail do responsável pela tarefa
Task Completion,Conclusão da tarefa
Task Description,Descrição da tarefa
Task Name,Nome da tarefa
Task Progress,Progresso da tarefa
Task Type,Tipo de tarefa
Task Weight,Peso da tarefa
Task {0} depends on Task {1}. Please add Task {1} to the Tasks list.,A tarefa {0} depende da tarefa {1}. Adicione a tarefa {1} à lista de tarefas.
Tax Account,Conta Fiscal
Tax Amount,Valor do imposto
Tax Amount After Discount Amount,Valor do imposto após valor do desconto
Tax Amount After Discount Amount (Company Currency),Valor do imposto após valor do desconto (moeda da empresa)
Tax Amount will be rounded on a row(items) level,O valor do imposto será arredondado no nível da linha (itens)
Tax Breakup,Rompimento de impostos
"Tax Category has been changed to ""Total"" because all the Items are non-stock items","A categoria de imposto foi alterada para ""Total"" porque todos os itens são itens sem estoque"
Tax Expense,Despesa Fiscal
Tax Id,NIF
Tax Id: ,NIF:
Tax Id: {0},NIF: {0}
Tax Rate %,Taxa de imposto %
Tax Rates,Taxas de imposto
Tax Refunds provided to Tourists under the Tax Refunds for Tourists Scheme,Reembolsos de impostos fornecidos a turistas no âmbito do regime de reembolso de impostos para turistas
Tax Row,Linha fiscal
Tax Settings,Configurações fiscais
Tax Type,Tipo de imposto
Tax Withholding,Retenção de Imposto
Tax Withholding Details,Detalhes de retenção de impostos
Tax Withholding Entries,Lançamentos de retenção de impostos
Tax Withholding Entry,Entrada de retenção de imposto
Tax Withholding Group,Grupo de retenção de impostos
Tax Withholding Rates,Taxas de retenção de impostos
Tax detail table fetched from item master as a string and stored in this field.|||Used for Taxes and Charges,Tabela de detalhes de impostos obtida do cadastro de itens como uma string e armazenada neste campo.|||Usada para Impostos e Encargos
Tax withheld only for amount exceeding cumulative threshold,Imposto retido apenas para valor que exceda o limite cumulativo
Taxable Date,Data tributável
Taxable Document Name,Nome do Documento Tributável
Taxable Document Type,Tipo de documento tributável
Taxes and Charges,Impostos e Taxas
Taxes and Charges Added,Impostos e Taxas Adicionadas
Taxes and Charges Added (Company Currency),Impostos e encargos adicionados (moeda da empresa)
Taxes and Charges Calculation,Cálculo de Impostos e Taxas
Taxes and Charges Deducted,Impostos e encargos deduzidos
Taxes and Charges Deducted (Company Currency),Impostos e encargos deduzidos (moeda da empresa)
Taxes row #{0}: {1} cannot be smaller than {2},Linha de impostos nº{0}: {1} não pode ser menor que {2}
Team,Equipe
Team Member,Membro da equipe
Telephony,Telefonia
Telephony Call Type,Tipo de chamada telefônica
Template,Modelo
Template Item,Item de modelo
Template Item Selected,Item de modelo selecionado
Template Name,Nome do modelo
Template Task,Tarefa de modelo
Template Title,Título do modelo
Temporary Opening Account,Conta de abertura temporária
Term Details,Detalhes do prazo
Terms,Termos
Terms & Conditions,Termos e Condições
Terms Template,Modelo de termos
Terms and Conditions Content,Conteúdo dos Termos e Condições
Terms and Conditions Details,Detalhes dos Termos e Condições
Terms and Conditions Help,Ajuda sobre Termos e Condições
Territory Item,Item de território
Territory Manager,Gerente de Território
Territory Name,Nome do Território
Territory Targets,Alvos territoriais
"Text displayed on the financial statement (e.g., 'Total Revenue', 'Cash and Cash Equivalents')","Texto exibido nas demonstrações financeiras (por exemplo, 'Receita Total', 'Caixa e Equivalentes de Caixa')"
The 'From Package No.' field must neither be empty nor it's value less than 1.,O 'No. do pacote' o campo não deve estar vazio nem ter valor menor que 1.
The BOM which will be replaced,A lista técnica que será substituída
"The Batch {0} has negative batch quantity {1}. To fix this, go to the batch and click on Recalculate Batch Qty. If the issue still persists, create an inward entry.","O Lote {0} tem quantidade de lote negativa {1}. Para corrigir isso, vá até o lote e clique em Recalcular quantidade do lote. Se o problema persistir, crie uma entrada interna."
The Campaign '{0}' already exists for the {1} '{2}',A campanha '{0}' já existe para {1} '{2}'
The Company {0} of Sales Forecast {1} does not match with the Company {2} of Master Production Schedule {3}.,A Empresa {0} da Previsão de Vendas {1} não corresponde à Empresa {2} do Programa Mestre de Produção {3}.
The Condition '{0}' is invalid,A condição '{0}' é inválida
The Document Type {0} must have a Status field to configure Service Level Agreement,O Tipo de Documento {0} deve ter um campo Status para configurar o Acordo de Nível de Serviço
The Excluded Fee is bigger than the Deposit it is deducted from.,A Taxa Excluída é maior do que o Depósito do qual é deduzida.
"The GL Entries and closing balances will be processed in the background, it can take a few minutes.","Os lançamentos contábeis e os saldos finais serão processados ​​em segundo plano, o que pode levar alguns minutos."
"The GL Entries will be cancelled in the background, it can take a few minutes.","As entradas GL serão canceladas em segundo plano, o que pode levar alguns minutos."
"The Payment Request {0} is already paid, cannot process payment twice","A solicitação de pagamento {0} já foi paga, não é possível processar o pagamento duas vezes"
"The Pick List having Stock Reservation Entries cannot be updated. If you need to make changes, we recommend canceling the existing Stock Reservation Entries before updating the Pick List.","A Lista de Pick com Entradas de Reserva de Estoque não pode ser atualizada. Se precisar fazer alterações, recomendamos cancelar os lançamentos de reserva de estoque existentes antes de atualizar a lista de seleção."
The Process Loss Qty has reset as per job cards Process Loss Qty,A Quantidade de Perda de Processo foi redefinida de acordo com os cartões de trabalho Quantidade de Perda de Processo
The Sales Person is linked with {0},O vendedor está vinculado a {0}
The Serial No at Row #{0}: {1} is not available in warehouse {2}.,O número de série na linha #{0}: {1} não está disponível no armazém {2}.
The Serial No {0} is reserved against the {1} {2} and cannot be used for any other transaction.,O número de série {0} é reservado para {1} {2} e não pode ser usado para nenhuma outra transação.
The Serial and Batch Bundle {0} is not valid for this transaction. The 'Type of Transaction' should be 'Outward' instead of 'Inward' in Serial and Batch Bundle {0},O pacote serial e em lote {0} não é válido para esta transação. O 'Tipo de transação' deve ser 'Saída' em vez de 'Entrada' no pacote serial e em lote {0}
"The Stock Entry of type 'Manufacture' is known as backflush. Raw materials being consumed to manufacture finished goods is known as backflushing. <br><br> When creating Manufacture Entry, raw-material items are backflushed based on BOM of production item. If you want raw-material items to be backflushed based on Material Transfer entry made against that Work Order instead, then you can set it under this field.","O lançamento de estoque do tipo ‘Fabricação’ é conhecido como backflush. As matérias-primas consumidas para fabricar produtos acabados são conhecidas como backflushing. <br><br> Ao criar Entrada de Fabricação, os itens de matéria-prima são confirmados com base na lista técnica do item de produção. Se desejar que os itens de matéria-prima sejam submetidos a backflushing com base na entrada de transferência de material feita nessa ordem de serviço, você poderá defini-lo neste campo."
"The account head under Liability or Equity, in which Profit/Loss will be booked","O cabeçalho da conta em Passivo ou Patrimônio Líquido, no qual os Lucros/Perdas serão contabilizados"
The allocated amount is greater than the outstanding amount of Payment Request {0},O valor alocado é maior que o valor pendente da Solicitação de Pagamento {0}
The amount of {0} set in this payment request is different from the calculated amount of all payment plans: {1}. Make sure this is correct before submitting the document.,O valor de {0} definido nesta solicitação de pagamento é diferente do valor calculado de todos os planos de pagamento: {1}. Certifique-se de que isso esteja correto antes de enviar o documento.
"The batch {0} is already reserved in {1} {2}. So, cannot proceed with the {3} {4}, which is created against the {5} {6}.","O lote {0} já está reservado em {1} {2}. Portanto, não é possível prosseguir com o {3} {4}, que é criado em relação ao {5} {6}."
The company {0} is not in South Africa. VAT Audit Report is only available for companies in South Africa.,A empresa {0} não está na África do Sul. O Relatório de Auditoria do IVA está disponível apenas para empresas na África do Sul.
The completed quantity {0} of an operation {1} cannot be greater than the completed quantity {2} of a previous operation {3}.,A quantidade concluída {0} de uma operação {1} não pode ser maior que a quantidade concluída {2} de uma operação anterior {3}.
The currency of invoice {} ({}) is different from the currency of this dunning ({}).,A moeda da fatura {} ({}) é diferente da moeda desta cobrança ({}).
The current POS opening entry is outdated. Please close it and create a new one.,A entrada atual de abertura do POS está desatualizada. Feche-o e crie um novo.
The default BOM for that item will be fetched by the system. You can also change the BOM.,A lista técnica padrão desse item será buscada pelo sistema. Você também pode alterar a lista técnica.
The difference between from time and To Time must be a multiple of Appointment,A diferença entre o horário inicial e o horário final deve ser um múltiplo do horário marcado
The field {0} in row {1} is not set,O campo {0} na linha {1} não está definido
The final item that will be produced using this BOM.,O item final que será produzido usando esta BOM.
The first Approver in the list will be set as the default Approver.,O primeiro aprovador da lista será definido como o aprovador padrão.
The fiscal year has been automatically created in a Disabled state to maintain consistency with the previous fiscal year's status.,O ano fiscal foi criado automaticamente no estado Desativado para manter a consistência com o status do ano fiscal anterior.
The folio numbers are not matching,Os números das páginas não correspondem
"The following Items, having Putaway Rules, could not be accomodated:","Os seguintes itens, tendo regras de armazenamento, não puderam ser acomodados:"
The following Purchase Invoices are not submitted:,As seguintes faturas de compra não são enviadas:
The following assets have failed to automatically post depreciation entries: {0},Os seguintes ativos não lançaram automaticamente entradas de depreciação: {0}
"The following batches are expired, please restock them: <br> {0}",Os seguintes lotes expiraram. Reabasteça-os: <br> {0}
The following cancelled repost entries exist for <b>{0}</b>:<br><br>{1}<br><br>Kindly delete these entries before continuing.,Existem as seguintes entradas de repostagens canceladas para <b>{0}</b>:<br><br>{1}<br><br>Exclua essas entradas antes de continuar.
The following deleted attributes exist in Variants but not in the Template. You can either delete the Variants or keep the attribute(s) in template.,"Os seguintes atributos excluídos existem nas variantes, mas não no modelo. Você pode excluir as variantes ou manter o(s) atributo(s) no modelo."
The following invalid Pricing Rules are deleted:,As seguintes regras de precificação inválidas foram excluídas:
The following payment schedule(s) already exist:|||{0},Os seguintes calendários de pagamento já existem:|||{0}
The following rows are duplicates:,As seguintes linhas são duplicadas:
The gross weight of the package. Usually net weight + packaging material weight. (for print),O peso bruto do pacote. Geralmente peso líquido + peso do material de embalagem. (para impressão)
The item {item} is not marked as {type_of} item. You can enable it as {type_of} item from its Item master.,O item {item} não está marcado como item {type_of}. Você pode habilitá-lo como item {type_of} em seu mestre de itens.
The items {0} and {1} are present in the following {2} :,Os itens {0} e {1} estão presentes no seguinte {2}:
The items {items} are not marked as {type_of} item. You can enable them as {type_of} item from their Item masters.,Os itens {items} não estão marcados como item {type_of}. Você pode habilitá-los como item {type_of} em seus itens mestres.
The job card {0} is in {1} state and you cannot complete.,O cartão de tarefa {0} está no estado {1} e você não pode concluí-lo.
The job card {0} is in {1} state and you cannot start it again.,O cartão de tarefa {0} está no estado {1} e não é possível iniciá-lo novamente.
The last scanned warehouse has been cleared and won't be set in the subsequently scanned items,O último armazém digitalizado foi limpo e não será definido nos itens digitalizados posteriormente
The lowest tier must have a minimum spent amount of 0. Customers need to be part of a tier as soon as they are enrolled in the program.,O nível mais baixo deve ter um valor gasto mínimo de 0. Os clientes precisam fazer parte de um nível assim que se inscreverem no programa.
The net weight of this package. (calculated automatically as sum of net weight of items),O peso líquido deste pacote. (calculado automaticamente como soma do peso líquido dos itens)
The new BOM after replacement,A nova BOM após substituição
The operation {0} can not add multiple times,A operação {0} não pode ser adicionada várias vezes
The operation {0} can not be the sub operation,A operação {0} não pode ser a suboperação
The original invoice should be consolidated before or along with the return invoice.,A fatura original deve ser consolidada antes ou junto com a fatura de devolução.
The outstanding amount {0} in {1} is lesser than {2}. Updating the outstanding to this invoice.,O valor pendente {0} em {1} é menor que {2}. Atualizando o saldo pendente desta fatura.
The payment gateway account in plan {0} is different from the payment gateway account in this payment request,A conta do gateway de pagamento no plano {0} é diferente da conta do gateway de pagamento nesta solicitação de pagamento
"The percentage you are allowed to bill more against the amount ordered. For example, if the order value is $100 for an item and tolerance is set as 10%, then you are allowed to bill up to $110 ","A porcentagem que você pode cobrar a mais em relação ao valor solicitado. Por exemplo, se o valor do pedido for US$ 100 para um item e a tolerância for definida como 10%, você poderá faturar até US$ 110"
The percentage you are allowed to pick more items in the pick list than the ordered quantity.,A porcentagem que você tem permissão para selecionar mais itens na lista de seleção do que a quantidade solicitada.
"The percentage you are allowed to receive or deliver more against the quantity ordered. For example, if you have ordered 100 units, and your Allowance is 10%, then you are allowed to receive 110 units.","A porcentagem que você tem permissão para receber ou entregar a mais em relação à quantidade solicitada. Por exemplo, se você encomendou 100 unidades e seu subsídio é de 10%, você poderá receber 110 unidades."
"The percentage you are allowed to transfer more against the quantity ordered. For example, if you have ordered 100 units, and your Allowance is 10%, then you are allowed transfer 110 units.","A porcentagem que você pode transferir a mais em relação à quantidade solicitada. Por exemplo, se você encomendou 100 unidades e seu subsídio é de 10%, você poderá transferir 110 unidades."
The reserved stock will be released when you update items. Are you certain you wish to proceed?,O estoque reservado será liberado quando você atualizar os itens. Tem certeza de que deseja prosseguir?
The reserved stock will be released. Are you certain you wish to proceed?,O estoque reservado será liberado. Tem certeza de que deseja prosseguir?
The selected BOMs are not for the same item,As BOMs selecionadas não são para o mesmo item
The selected item cannot have Batch,O item selecionado não pode ter Lote
The sell quantity is less than the total asset quantity. The remaining quantity will be split into a new asset. This action cannot be undone. <br><br><b>Do you want to continue?</b>,A quantidade vendida é menor que a quantidade total do ativo. A quantidade restante será dividida em um novo ativo. Esta ação não pode ser desfeita. <br><br><b>Deseja continuar?</b>
The serial and batch bundle {0} not linked to {1} {2},O pacote serial e em lote {0} não vinculado a {1} {2}
The serial no {0} does not belong to item {1},O número de série {0} não pertence ao item {1}
"The stock for the item {0} in the {1} warehouse was negative on the {2}. You should create a positive entry {3} before the date {4} and time {5} to post the correct valuation rate. For more details, please read the <a href='https://docs.erpnext.com/docs/user/manual/en/stock-adjustment-cogs-with-negative-stock'>documentation<a>.","O estoque do item {0} no armazém {1} era negativo em {2}. Você deve criar uma entrada positiva {3} antes da data {4} e hora {5} para lançar a taxa de avaliação correta. Para obter mais detalhes, leia a <a href='https://docs.erpnext.com/docs/user/manual/en/stock-adjustment-cogs-with-negative-stock'>documentação<a>."
"The stock has been reserved for the following Items and Warehouses, un-reserve the same to {0} the Stock Reconciliation: <br /><br /> {1}","O estoque foi reservado para os seguintes Itens e Armazéns, cancele a reserva dos mesmos para {0} a Reconciliação de Estoque: <br /><br /> {1}"
"The sync has started in the background, please check the {0} list for new records.",A sincronização começou em segundo plano. Verifique a lista {0} para novos registros.
"The system will create a Sales Invoice or a POS Invoice from the POS interface based on this setting. For high-volume transactions, it is recommended to use POS Invoice.","O sistema criará uma fatura de vendas ou uma fatura de POS a partir da interface do POS com base nesta configuração. Para transações de alto volume, recomenda-se a utilização da Fatura POS."
"The task has been enqueued as a background job. In case there is any issue on processing in background, the system will add a comment about the error on this Stock Reconciliation and revert to the Draft stage","A tarefa foi enfileirada como uma tarefa em segundo plano. Caso haja algum problema no processamento em background, o sistema adicionará um comentário sobre o erro nesta Conciliação de Estoque e voltará para a etapa Rascunho"
"The task has been enqueued as a background job. In case there is any issue on processing in background, the system will add a comment about the error on this Stock Reconciliation and revert to the Submitted stage","A tarefa foi enfileirada como uma tarefa em segundo plano. Caso haja algum problema no processamento em background, o sistema adicionará um comentário sobre o erro nesta Conciliação de Estoque e voltará para a etapa Enviado"
The total Issue / Transfer quantity {0} in Material Request {1}  cannot be greater than allowed requested quantity {2} for Item {3},A quantidade total de emissão/transferência {0} na solicitação de material {1} ​​não pode ser maior que a quantidade solicitada permitida {2} para o item {3}
The total Issue / Transfer quantity {0} in Material Request {1} cannot be greater than requested quantity {2} for Item {3},A quantidade total de Emissão/Transferência {0} na Solicitação de Material {1} ​​não pode ser maior que a quantidade solicitada {2} para o Item {3}
The uploaded file does not appear to be in valid MT940 format.,O arquivo enviado não parece estar no formato MT940 válido.
The uploaded file does not match the selected Code List.,O arquivo carregado não corresponde à lista de códigos selecionada.
The user cannot submit the Serial and Batch Bundle manually,O usuário não pode enviar o pacote serial e em lote manualmente
The user will be able to transfer additional materials from the store to the Work in Progress (WIP) warehouse.,O usuário poderá transferir materiais adicionais da loja para o armazém Work in Progress (WIP).
"The users with this Role are allowed to create/modify a stock transaction, even though the transaction is frozen.","Os usuários com esta função têm permissão para criar/modificar uma transação de estoque, mesmo que a transação esteja congelada."
The value {0} is already assigned to an existing Item {1}.,O valor {0} já está atribuído a um item existente {1}.
The warehouse where you store finished Items before they are shipped.,O armazém onde você armazena os itens acabados antes de serem enviados.
"The warehouse where you store your raw materials. Each required item can have a separate source warehouse. Group warehouse also can be selected as source warehouse. On submission of the Work Order, the raw materials will be reserved in these warehouses for production usage.","O armazém onde você armazena suas matérias-primas. Cada item necessário pode ter um armazém de origem separado. O armazém de grupo também pode ser selecionado como armazém de origem. Após a apresentação da Ordem de Serviço, as matérias-primas serão reservadas nestes armazéns para utilização na produção."
The warehouse where your Items will be transferred when you begin production. Group Warehouse can also be selected as a Work in Progress warehouse.,O armazém para onde seus itens serão transferidos quando você iniciar a produção. O Armazém de Grupo também pode ser selecionado como um armazém de Trabalho em Andamento.
The {0} contains Unit Price Items.,O {0} contém itens de preço unitário.
"The {0} prefix '{1}' already exists. Please change the Serial No Series, otherwise you will get a Duplicate Entry error.","O prefixo {0} '{1}' já existe. Altere o número de série da série, caso contrário, você receberá um erro de entrada duplicada."
The {0} {1} created successfully,O {0} {1} criado com sucesso
The {0} {1} does not match with the {0} {2} in the {3} {4},O {0} {1} não corresponde ao {0} {2} no {3} {4}
The {0} {1} is used to calculate the valuation cost for the finished good {2}.,O {0} {1} é usado para calcular o custo de avaliação do produto acabado {2}.
"Then Pricing Rules are filtered out based on Customer, Customer Group, Territory, Supplier, Supplier Type, Campaign, Sales Partner etc.","Em seguida, as Regras de Preços são filtradas com base em Cliente, Grupo de Clientes, Território, Fornecedor, Tipo de Fornecedor, Campanha, Parceiro de Vendas, etc."
There are active maintenance or repairs against the asset. You must complete all of them before cancelling the asset.,Existem manutenções ou reparos ativos no ativo. Você deve concluir todos eles antes de cancelar o ativo.
There are ledger entries against this account. Changing {0} to non-{1} in live system will cause incorrect output in 'Accounts {2}' report,Existem entradas contábeis nesta conta. Alterar {0} para não {1} no sistema ativo causará saída incorreta no relatório 'Contas {2}'
There are no Failed transactions,Não há transações com falha
There are no active Fiscal Years for which Demo Data can be generated.,Não há exercícios fiscais ativos para os quais dados de demonstração possam ser gerados.
There are no slots available on this date,Não há vagas disponíveis nesta data
"There are two options to maintain valuation of stock. FIFO (first in - first out) and Moving Average. To understand this topic in detail please visit <a href='https://docs.frappe.io/erpnext/user/manual/en/calculation-of-valuation-rate-in-fifo-and-moving-average' target='_blank'>Item Valuation, FIFO and Moving Average.</a>","Existem duas opções para manter a avaliação das ações. FIFO (primeiro a entrar - primeiro a sair) e média móvel. Para entender este tópico em detalhes, visite <a href='https://docs.frappe.io/erpnext/user/manual/en/calculation-of-valuation-rate-in-fifo-and-moving-average' target='_blank'>Avaliação de itens, FIFO e média móvel.</a>"
There aren't any item variants for the selected item,Não há variantes de item para o item selecionado
There can be multiple tiered collection factor based on the total spent. But the conversion factor for redemption will always be same for all the tier.,Pode haver vários fatores de cobrança em níveis com base no total gasto. Mas o fator de conversão para resgate será sempre o mesmo para toda a camada.
There can only be 1 Account per Company in {0} {1},Só pode haver 1 conta por empresa em {0} {1}
"There can only be one Shipping Rule Condition with 0 or blank value for ""To Value""","Só pode haver uma Condição de Regra de Envio com valor 0 ou em branco para ""Até Valor"""
There is already a valid Lower Deduction Certificate {0} for Supplier {1} against category {2} for this time period.,Já existe um Certificado de Dedução Inferior válido {0} para o Fornecedor {1} na categoria {2} para este período.
There is already an active Subcontracting BOM {0} for the Finished Good {1}.,Já existe uma BOM de subcontratação {0} ativa para o produto acabado {1}.
There must be atleast 1 Finished Good in this Stock Entry,Deve haver pelo menos 1 produto acabado nesta entrada de estoque
There was an error creating Bank Account while linking with Plaid.,Ocorreu um erro ao criar a conta bancária ao vincular ao Plaid.
There was an error syncing transactions.,Ocorreu um erro ao sincronizar as transações.
There was an error updating Bank Account {} while linking with Plaid.,Ocorreu um erro ao atualizar a conta bancária {} durante a vinculação ao Plaid.
There was an issue connecting to Plaid's authentication server. Check browser console for more information,Ocorreu um problema ao conectar-se ao servidor de autenticação do Plaid. Verifique o console do navegador para obter mais informações
There were errors while sending email. Please try again.,"Ocorreram erros ao enviar e-mail. Por favor, tente novamente."
There were issues unlinking payment entry {0}.,Ocorreram problemas ao desvincular a entrada de pagamento {0}.
This Account has '0' balance in either Base Currency or Account Currency,Esta conta tem saldo '0' na moeda base ou na moeda da conta
This Item is a Template and cannot be used in transactions.<br>All fields present in the 'Copy Fields to Variant' table in Item Variant Settings will be copied to its variant items.,Este item é um modelo e não pode ser usado em transações.<br>Todos os campos presentes na tabela 'Copiar campos para variante' em Configurações de variante de item serão copiados para seus itens variantes.
This Purchase Order has been fully subcontracted.,Este Pedido de Compra foi totalmente subcontratado.
This Sales Order has been fully subcontracted.,Esta Ordem de vendas foi totalmente subcontratada.
This action will unlink this account from any external service integrating ERPNext with your bank accounts. It cannot be undone. Are you certain ?,Esta ação irá desvincular esta conta de qualquer serviço externo que integre o ERPNext com suas contas bancárias. Não pode ser desfeito. Você tem certeza?
This asset category is marked as non-depreciable. Please disable depreciation calculation or choose a different category.,Esta categoria de ativo está marcada como não depreciável. Desative o cálculo de depreciação ou escolha uma categoria diferente.
This covers all scorecards tied to this Setup,Isso abrange todos os scorecards vinculados a esta configuração
This document is over limit by {0} {1} for item {4}. Are you making another {3} against the same {2}?,Este documento ultrapassou o limite em {0} {1} para o item {4}. Você está fazendo outro {3} contra o mesmo {2}?
This field is used to set the 'Customer'.,Este campo é utilizado para definir o 'Cliente'.
This filter will be applied to Journal Entry.,Este filtro será aplicado ao lançamento contábil manual.
This invoice has already been paid.,Esta fatura já foi paga.
This is a Template BOM and will be used to make the work order for {0} of the item {1},Este é um modelo de BOM e será usado para fazer a ordem de serviço para {0} do item {1}
This is a location where final product stored.,Este é um local onde o produto final é armazenado.
This is a location where operations are executed.,Este é um local onde as operações são executadas.
This is a location where raw materials are available.,Este é um local onde as matérias-primas estão disponíveis.
This is a location where scraped materials are stored.,Este é um local onde os materiais raspados são armazenados.
This is a preview of the email to be sent. A PDF of the document will automatically be attached with the email.,Esta é uma prévia do e-mail a ser enviado. Um PDF do documento será anexado automaticamente ao e-mail.
This is a root account and cannot be edited.,Esta é uma conta root e não pode ser editada.
This is considered dangerous from accounting point of view.,Isto é considerado perigoso do ponto de vista contábil.
"This is enabled by default. If you want to plan materials for sub-assemblies of the Item you're manufacturing leave this enabled. If you plan and manufacture the sub-assemblies separately, you can disable this checkbox.","Isso está habilitado por padrão. Se você deseja planejar materiais para submontagens do item que você está fabricando, deixe esta opção habilitada. Se você planejar e fabricar as submontagens separadamente, poderá desativar esta caixa de seleção."
"This is for raw material Items that'll be used to create finished goods. If the Item is an additional service like 'washing' that'll be used in the BOM, keep this unchecked.","Isto é para itens de matéria-prima que serão usados ​​para criar produtos acabados. Se o Item for um serviço adicional como 'lavagem' que será utilizado na BOM, mantenha esta opção desmarcada."
This item filter has already been applied for the {0},Este filtro de item já foi aplicado para {0}
This option can be checked to edit the 'Posting Date' and 'Posting Time' fields.,Esta opção pode ser marcada para editar os campos 'Data de lançamento' e 'Hora de lançamento'.
This schedule was created when Asset {0} was adjusted through Asset Value Adjustment {1}.,Este cronograma foi criado quando o Ativo {0} foi ajustado por meio do Ajuste de Valor do Ativo {1}.
This schedule was created when Asset {0} was consumed through Asset Capitalization {1}.,Este planejamento foi criado quando o Ativo {0} foi consumido por meio da Capitalização de Ativos {1}.
This schedule was created when Asset {0} was repaired through Asset Repair {1}.,Este agendamento foi criado quando o Ativo {0} foi reparado por meio do Reparo de Ativo {1}.
This schedule was created when Asset {0} was restored due to Sales Invoice {1} cancellation.,Esta programação foi criada quando o Ativo {0} foi restaurado devido ao cancelamento da Fatura de Vendas {1}.
This schedule was created when Asset {0} was restored on Asset Capitalization {1}'s cancellation.,Esta programação foi criada quando o Ativo {0} foi restaurado no cancelamento da Capitalização de Ativos {1}.
This schedule was created when Asset {0} was restored.,Esta programação foi criada quando o Ativo {0} foi restaurado.
This schedule was created when Asset {0} was returned through Sales Invoice {1}.,Esta programação foi criada quando o Ativo {0} foi devolvido através da Fatura de Vendas {1}.
This schedule was created when Asset {0} was scrapped.,Esta programação foi criada quando o ativo {0} foi descartado.
This schedule was created when Asset {0} was {1} into new Asset {2}.,Esta programação foi criada quando o Ativo {0} foi {1} para o novo Ativo {2}.
This schedule was created when Asset {0} was {1} through Sales Invoice {2}.,Esta programação foi criada quando o Ativo {0} foi {1} através da Fatura de Vendas {2}.
This schedule was created when Asset {0}'s Asset Value Adjustment {1} was cancelled.,Esta programação foi criada quando o ajuste de valor do ativo {1} do ativo {0} foi cancelado.
This schedule was created when Asset {0}'s shifts were adjusted through Asset Shift Allocation {1}.,Este cronograma foi criado quando os turnos do Ativo {0} foram ajustados por meio da Alocação de Turnos do Ativo {1}.
"This section allows the user to set the Body and Closing text of the Dunning Letter for the Dunning Type based on language, which can be used in Print.","Esta seção permite ao usuário definir o corpo e o texto de fechamento da carta de advertência para o tipo de advertência com base no idioma, que pode ser usado na impressão."
"This table is used to set details about the 'Item', 'Qty', 'Basic Rate', etc.","Esta tabela é usada para definir detalhes sobre 'Item', 'Qtd', 'Taxa Básica', etc."
This tool helps you to update or fix the quantity and valuation of stock in the system. It is typically used to synchronise the system values and what actually exists in your warehouses.,Esta ferramenta ajuda a atualizar ou corrigir a quantidade e avaliação do estoque no sistema. Normalmente é usado para sincronizar os valores do sistema e o que realmente existe em seus armazéns.
This value shall be used when no matching Common Code for a record is found.,Este valor deve ser usado quando nenhum Código Comum correspondente para um registro for encontrado.
"This will be appended to the Item Code of the variant. For example, if your abbreviation is ""SM"", and the item code is ""T-SHIRT"", the item code of the variant will be ""T-SHIRT-SM""","Isso será anexado ao código do item da variante. Por exemplo, se sua abreviatura for “SM” e o código do item for “T-SHIRT”, o código do item da variante será “T-SHIRT-SM”"
This will restrict user access to other employee records,Isso restringirá o acesso do usuário a outros registros de funcionários
This {} will be treated as material transfer.,Este {} será tratado como transferência de material.
Threshold Exemption,Isenção de limite
Threshold for Suggestion,Limite para sugestão
Threshold for Suggestion (In Percentage),Limite para sugestão (em porcentagem)
Thumbnail,Miniatura
Thursday,Quinta-feira
Tier Name,Nome da camada
Time,Tempo
Time Between Operations (Mins),Tempo entre operações (minutos)
Time In Mins,Tempo em minutos
Time Logs,Registros de tempo
Time Sheet,Folha de ponto
Time Sheet List,Lista de planilhas de horas
Time Sheets,Planilhas de ponto
Time Taken to Deliver,Tempo necessário para entregar
Time at which materials were received,Hora em que os materiais foram recebidos
Time in mins,Tempo em minutos
Time in mins.,Tempo em minutos.
Time slot is not available,O horário não está disponível
Timeline,Linha do tempo
Timesheet Billing Summary,Resumo de faturamento do quadro de horários
Timesheet {0} cannot be invoiced in its current state,O quadro de horários {0} não pode ser faturado em seu estado atual
"Timesheets help keep track of time, cost and billing for activities done by your team","Os quadros de horários ajudam a controlar o tempo, o custo e o faturamento das atividades realizadas por sua equipe"
Timeslots,Horários
Title,Título
To,Para
To Currency,Para moeda
To Date,A data
To Date is mandatory,Até o momento é obrigatório
To Date must be greater than From Date,Até a data deve ser maior que a data inicial
To Date should be within the Fiscal Year. Assuming To Date = {0},Até o momento deve estar dentro do ano fiscal. Supondo até a data = {0}
To Delete list generated with {0} DocTypes,Para excluir lista gerada com {0} DocTypes
To Delivery Date,Até a data de entrega
To Doctype,Para digitar o documento
To Due Date,Até a data de vencimento
To Employee,Para funcionário
To Folio No,Para o Fólio Não
To Invoice Date,Até a data da fatura
To No,Para não
To Package No.,Para o pacote não.
To Pay,Pagar
To Payment Date,Até a data de pagamento
To Produce,Para produzir
To Range,Para alcançar
To Reference Date,Para data de referência
To Rename,Para renomear
To Shareholder,Para o acionista
To Time cannot be before from date,Até a hora não pode ser anterior à data
To Track inbound purchase,Para rastrear compras recebidas
To Value,Valorizar
To Warehouse,Para o armazém
To Warehouse (Optional),Para armazém (opcional)
To add Operations tick the 'With Operations' checkbox.,Para adicionar operações marque a caixa de seleção 'Com operações'.
To add subcontracted Item's raw materials if include exploded items is disabled.,Para adicionar matéria-prima de item subcontratado se a inclusão de itens explodidos estiver desabilitada.
"To allow over billing, update ""Over Billing Allowance"" in Accounts Settings or the Item.","Para permitir superfaturamento, atualize ""Cobrança de superfaturamento"" nas configurações da conta ou no item."
"To allow over receipt / delivery, update ""Over Receipt/Delivery Allowance"" in Stock Settings or the Item.","Para permitir recebimento/entrega excedentes, atualize ""Comissão de recebimento/entrega excedente"" nas configurações de estoque ou no item."
To apply condition on parent field use parent.field_name and to apply condition on child table use doc.field_name. Here field_name could be based on the actual column name of the respective field.,"Para aplicar a condição no campo pai, use parent.field_name e para aplicar a condição na tabela filho, use doc.field_name. Aqui field_name pode ser baseado no nome real da coluna do respectivo campo."
To be Delivered to Customer,Para ser entregue ao cliente
To cancel a {} you need to cancel the POS Closing Entry {}.,Para cancelar um {} você precisa cancelar a entrada de fechamento do POS {}.
To cancel this Sales Invoice you need to cancel the POS Closing Entry {}.,Para cancelar esta Nota Fiscal de Venda é necessário cancelar o Registro de Fechamento do POS {}.
"To enable Capital Work in Progress Accounting,","Para ativar a contabilidade de trabalho de capital em andamento,"
To include non-stock items in the material request planning. i.e. Items for which 'Maintain Stock' checkbox is unticked.,"Incluir itens não estocáveis ​​no planejamento de solicitação de material. ou seja, itens para os quais a caixa de seleção 'Manter estoque' está desmarcada."
"To include sub-assembly costs and secondary items in Finished Goods on a work order without using a job card, when the 'Use Multi-Level BOM' option is enabled.","Para incluir custos de submontagem e itens secundários em Produtos Acabados em uma ordem de serviço sem usar um cartão de trabalho, quando a opção 'Usar BOM Multinível' estiver habilitada."
"To merge, following properties must be same for both items","Para mesclar, as seguintes propriedades devem ser iguais para ambos os itens"
"To not apply Pricing Rule in a particular transaction, all applicable Pricing Rules should be disabled.","Para não aplicar a Regra de Preços em uma transação específica, todas as Regras de Preços aplicáveis ​​devem ser desativadas."
"To still proceed with editing this Attribute Value, enable {0} in Item Variant Settings.","Para continuar com a edição deste valor de atributo, ative {0} nas configurações de variante de item."
To submit the invoice without purchase order please set {0} as {1} in {2},"Para enviar a fatura sem pedido de compra, defina {0} como {1} em {2}"
To submit the invoice without purchase receipt please set {0} as {1} in {2},"Para enviar a fatura sem recibo de compra, defina {0} como {1} em {2}"
"To use a different finance book, please uncheck 'Include Default FB Assets'","Para usar um livro financeiro diferente, desmarque 'Incluir ativos FB padrão'"
"To use a different finance book, please uncheck 'Include Default FB Entries'","Para usar um livro financeiro diferente, desmarque 'Incluir entradas padrão do FB'"
Too many columns. Export the report and print it using a spreadsheet application.,Muitas colunas. Exporte o relatório e imprima-o usando um aplicativo de planilha.
Tools,Ferramentas
Total,Total
Total (Company Currency),Total (moeda da empresa)
Total Additional Costs,Custos adicionais totais
Total Advance,Avanço total
Total Allocated Amount,Montante Total Alocado
Total Allocated Amount (Company Currency),Valor Total Alocado (Moeda da Empresa)
Total Allocations,Alocações totais
Total Amount Currency,Moeda do valor total
Total Amount Due,Valor total devido
Total Amount in Words,Valor total em palavras
Total Applicable Charges in Purchase Receipt Items table must be same as Total Taxes and Charges,O total de encargos aplicáveis ​​na tabela de itens de recibo de compra deve ser igual ao total de impostos e encargos
Total Asset,Ativo total
Total Asset Cost,Custo total do ativo
Total Billable Amount,Valor total faturável
Total Billable Amount (via Timesheet),Valor total faturável (via quadro de horários)
Total Billable Hours,Total de horas faturáveis
Total Billed Amount,Valor total faturado
Total Billed Amount (via Sales Invoice),Valor Total Faturado (via Fatura de Venda)
Total Billed Hours,Total de horas faturadas
Total Billing Amount,Valor total de faturamento
Total Billing Hours,Total de horas de faturamento
Total Characters,Total de caracteres
Total Completed Qty,Quantidade total concluída
"Total Completed Qty is required for Job Card {0}, please start and complete the job card before submission",A quantidade total concluída é necessária para o cartão de trabalho {0}. Inicie e preencha o cartão de trabalho antes do envio
Total Consumed Material Cost (via Stock Entry),Custo total do material consumido (via entrada de estoque)
Total Contribution Amount Against Invoices: {0},Valor total da contribuição em relação às faturas: {0}
Total Contribution Amount Against Orders: {0},Valor total da contribuição em relação aos pedidos: {0}
Total Cost,Custo total
Total Cost (Company Currency),Custo total (moeda da empresa)
Total Costing Amount,Valor total do custo
Total Costing Amount (via Timesheet),Valor total de custo (via quadro de horários)
Total Credit,Crédito total
Total Debit,Débito total
Total Debit must be equal to Total Credit. The difference is {0},O Débito Total deve ser igual ao Crédito Total. A diferença é {0}
Total Equity,Patrimônio Total
Total Estimated Distance,Distância total estimada
Total Expense Claim (via Expense Claim),Declaração de despesas totais (via declaração de despesas)
Total Expense Claim (via Expense Claims),Declaração de despesas totais (por meio de declarações de despesas)
Total Expense This Year,Despesa total este ano
Total Expenses booked through,Despesas totais reservadas através
Total Experience,Experiência Total
Total Gain/Loss,Ganho/perda total
Total Hold Time,Tempo total de espera
Total Holidays,Total de feriados
Total Income This Year,Renda total este ano
Total Incoming Value (Receipt),Valor total de entrada (recebimento)
Total Interest,Juros totais
Total Issues,Total de problemas
Total Items,Total de itens
Total Landed Cost,Custo total no destino
Total Landed Cost (Company Currency),Custo total no destino (moeda da empresa)
Total Ledgers,Total de livros contábeis
Total Liability,Responsabilidade Total
Total Message(s),Total de mensagens
Total Monthly Sales,Total de vendas mensais
Total Net Weight,Peso Líquido Total
Total Number of Booked Depreciations ,Número total de depreciações contabilizadas
Total Number of Depreciations,Número total de depreciações
Total Only,Total apenas
Total Operating Cost,Custo operacional total
Total Operation Time,Tempo total de operação
Total Other Charges,Total de outras cobranças
Total Outgoing Value (Consumption),Valor Total de Saída (Consumo)
Total Payment Amount in Payment Schedule must be equal to Grand / Rounded Total,O valor total do pagamento no cronograma de pagamento deve ser igual ao total geral/arredondado
Total Picked Quantity {0} is more than ordered qty {1}. You can set the Over Picking Allowance in Stock Settings.,A quantidade total selecionada {0} é maior que a quantidade solicitada {1}. Você pode definir a margem de seleção excessiva nas configurações de estoque.
Total Planned Qty,Quantidade total planejada
Total Produced Qty,Quantidade Total Produzida
Total Projected Qty,Quantidade total projetada
Total Purchase Amount,Valor total da compra
Total Purchase Cost (via Purchase Invoice),Custo total de compra (via fatura de compra)
Total Repair Cost,Custo total de reparo
Total Sales Amount,Valor total de vendas
Total Sales Amount (via Sales Order),Valor total de vendas (via ordem de vendas)
Total Supplied Qty,Quantidade total fornecida
Total Taxable Amount,Valor total tributável
Total Taxes and Charges,Total de Impostos e Encargos
Total Taxes and Charges (Company Currency),Total de Impostos e Encargos (Moeda da Empresa)
Total Time (in Mins),Tempo total (em minutos)
Total Time in Mins,Tempo total em minutos
Total Value,Valor total
Total Value Difference (Incoming - Outgoing),Diferença de valor total (entrada - saída)
Total Vendor Invoices Cost (Company Currency),Custo total das faturas do fornecedor (moeda da empresa)
Total Views,Total de visualizações
Total Weight,Peso total
Total Weight (kg),Peso total (kg)
Total Working Hours,Total de horas de trabalho
Total Workstation Time (In Hours),Tempo total da estação de trabalho (em horas)
Total distributed amount {0} must be equal to Budget Amount {1},O valor total distribuído {0} deve ser igual ao valor do orçamento {1}
Total distribution percent must equal 100 (currently {0}),A porcentagem total de distribuição deve ser igual a 100 (atualmente {0})
Total hours: {0},Total de horas: {0}
Total percentage against cost centers should be 100,A porcentagem total em relação aos centros de custo deve ser 100
Total quantity in delivery schedule cannot be greater than the item quantity,A quantidade total na programação de entrega não pode ser maior que a quantidade do item
Total {0} ({1}),Total {0} ({1})
"Total {0} for all items is zero, may be you should change 'Distribute Charges Based On'","O total {0} para todos os itens é zero, talvez você deva alterar 'Distribuir cobranças com base em'"
Total(Qty),Total (Qtd)
Totals,Totais
Totals (Company Currency),Totais (moeda da empresa)
Tracebility Direction,Direção de rastreabilidade
Track Semi Finished Goods,Rastrear produtos semiacabados
Track Service Level Agreement,Rastrear acordo de nível de serviço
Track separate Income and Expense for product verticals or divisions.,Acompanhe receitas e despesas separadas para verticais ou divisões de produtos.
Tracking Status,Status de rastreamento
Tracking Status Info,Informações de status de rastreamento
Tracking URL,URL de rastreamento
Transaction Currency,Moeda da transação
Transaction Deletion Document {0} has been triggered for company {1},O documento de exclusão de transação {0} foi acionado para a empresa {1}
Transaction Deletion Record,Registro de exclusão de transação
Transaction Deletion Record Details,Detalhes do registro de exclusão de transação
Transaction Deletion Record Item,Item de registro de exclusão de transação
Transaction Deletion Record To Delete,Registro de exclusão de transação para excluir
Transaction Deletion Record {0} is already running. {1},O registro de exclusão de transação {0} já está em execução. {1}
Transaction Deletion Record {0} is currently deleting {1}. Cannot save documents until deletion completes.,O registro de exclusão de transação {0} está excluindo {1} no momento. Não é possível salvar documentos até que a exclusão seja concluída.
Transaction Details,Detalhes da transação
Transaction Exchange Rate,Taxa de câmbio da transação
Transaction ID,ID da transação
Transaction Information,Informações de transação
Transaction Name,Nome da transação
Transaction Qty,Quantidade de transação
Transaction Settings,Configurações de transação
Transaction Threshold,Limite de transação
Transaction Type,Tipo de transação
Transaction currency: {0} cannot be different from Bank Account({1}) currency: {2},Moeda da transação: {0} não pode ser diferente da moeda da conta bancária ({1}): {2}
Transaction date can't be earlier than previous movement date,A data da transação não pode ser anterior à data do movimento anterior
Transaction for which tax is withheld,Transação para a qual o imposto é retido
Transaction from which tax is withheld,Transação da qual o imposto é retido
Transaction reference no {0} dated {1},Referência de transação nº {0} datada de {1}
Transactions Annual History,Histórico Anual de Transações
Transactions against the Company already exist! Chart of Accounts can only be imported for a Company with no transactions.,Já existem transações contra a Empresa! O Plano de Contas só pode ser importado para uma Empresa sem transações.
Transactions using Sales Invoice in POS are disabled.,As transações que utilizam Nota Fiscal de Venda no POS estão desabilitadas.
Transfer Asset,Transferir ativo
Transfer Extra Raw Materials to WIP (%),Transferir matérias-primas extras para WIP (%)
Transfer From Warehouses,Transferência de armazéns
Transfer Material Against,Transferir material contra
Transfer Materials,Transferir materiais
Transfer Status,Status da transferência
Transfer Type,Tipo de transferência
Transfer and Issue,Transferência e Emissão
Transferred,Transferido
Transferred Qty,Quantidade transferida
Transferred Raw Materials,Matérias-primas transferidas
Transit,Trânsito
Transit Entry,Entrada de trânsito
Transport Receipt Date,Data de recebimento de transporte
Transport Receipt No,Recibo de transporte nº
Transporter,Transportador
Transporter Details,Detalhes do transportador
Transporter Info,Informações do transportador
Transporter Name,Nome do transportador
Tree Details,Detalhes da árvore
Tree Type,Tipo de árvore
Trial Period End Date,Data de término do período de avaliação
Trial Period Start Date,Data de início do período de avaliação
Trialing,Teste
Truncates 'Remarks' column to set character length,Trunca a coluna 'Observações' para definir o comprimento dos caracteres
Turnover Ratios,Taxas de rotatividade
Twice Daily,Duas vezes ao dia
Two-way,Bidirecional
Type Of Call,Tipo de chamada
Type of Material,Tipo de material
Type of Payment,Tipo de Pagamento
Type of Transaction,Tipo de transação
Type of document to rename.,Tipo de documento a ser renomeado.
Type of financial statement this template generates,Tipo de demonstração financeira que este modelo gera
Types of activities for Time Logs,Tipos de atividades para registros de tempo
UAE VAT 201,IVA 201 dos Emirados Árabes Unidos
UAE VAT Account,Conta de IVA dos Emirados Árabes Unidos
UAE VAT Accounts,Contas de IVA dos Emirados Árabes Unidos
UAE VAT Settings,Configurações de IVA dos Emirados Árabes Unidos
UOM Conversion factor ({0} -> {1}) not found for item: {2},Fator de conversão UOM ({0} -> {1}) não encontrado para o item: {2}
UOM Name,Nome da unidade de medida
UOM conversion factor required for UOM: {0} in Item: {1},Fator de conversão de UOM necessário para UOM: {0} no item: {1}
UOM {0} not found in Item {1},UOM {0} não encontrada no item {1}
UOMs,UDMs
UPC,UPC
UPC-A,UPC-A
URL,URL
URL can only be a string,URL só pode ser uma string
UTM Analytics,Análise UTM
UnBuffered Cursor,Cursor sem buffer
UnReconcile,Desconciliar
UnReconcile Allocations,Desconciliar alocações
Unable to fetch DocType details. Please contact system administrator.,Não foi possível buscar detalhes do DocType. Entre em contato com o administrador do sistema.
Unable to find the time slot in the next {0} days for the operation {1}. Please increase the 'Capacity Planning For (Days)' in the {2}.,Não foi possível encontrar o intervalo de tempo nos próximos {0} dias para a operação {1}. Aumente o 'Planejamento de capacidade para (dias)' em {2}.
Unable to find variable:,Não foi possível encontrar a variável:
Unassigned Qty,Quantidade não atribuída
Unbilled Orders,Pedidos não faturados
Under AMC,Sob AMC
Under Graduate,Graduação
Under Warranty,Sob garantia
Under Withheld,Sob Retido
Under Withheld Reason,Sob motivo retido
"Under Working Hours table, you can add start and end times for a Workstation. For example, a Workstation may be active from 9 am to 1 pm, then 2 pm to 5 pm. You can also specify the working hours based on shifts. While scheduling a Work Order, the system will check for the availability of the Workstation based on the working hours specified.","Na tabela Horário de trabalho, você pode adicionar horários de início e término para uma estação de trabalho. Por exemplo, uma estação de trabalho pode estar ativa das 9h às 13h e depois das 14h às 17h. Você também pode especificar o horário de trabalho com base nos turnos. Ao agendar uma Ordem de Serviço, o sistema verificará a disponibilidade da Estação de Trabalho com base no horário de trabalho especificado."
Unexpected Naming Series Pattern,Padrão inesperado de série de nomenclatura
Unfulfilled,Não cumprido
Unit Of Measure,Unidade de medida
Unit Price,Preço unitário
Units of Measure,Unidades de Medida
Unlink Advance Payment on Cancellation of Order,Desvincular pagamento antecipado no cancelamento do pedido
Unlink Payment on Cancellation of Invoice,Desvincular pagamento no cancelamento da fatura
Unlinked,Desvinculado
Unpaid and Discounted,Não pago e com desconto
Unplanned machine maintenance,Manutenção não planejada da máquina
Unqualified,Não qualificado
Unrealized Exchange Gain/Loss Account,Conta de ganho/perda cambial não realizada
Unrealized Profit / Loss Account,Conta de lucros/perdas não realizadas
Unrealized Profit / Loss account for intra-company transfers,Conta de lucros/perdas não realizados para transferências dentro da empresa
Unrealized Profit/Loss account for intra-company transfers,Conta de lucros/perdas não realizadas para transferências dentro da empresa
Unreconcile Payment,Desconciliar pagamento
Unreconcile Payment Entries,Desconciliar entradas de pagamento
Unreconcile Transaction,Transação não reconciliada
Unreconciled Amount,Valor não reconciliado
Unreconciled Entries,Entradas não reconciliadas
Unreserve,Cancelar reserva
Unreserve Stock,Estoque não reservado
Unreserve for Raw Materials,Desreservar Matérias-Primas
Unreserve for Sub-assembly,Cancelar reserva para submontagem
Unreserving Stock...,Cancelando reserva de estoque...
Unscheduled,Não programado
Unset Matched Payment Request,Solicitação de pagamento correspondente não definida
Unsigned,Não assinado
Unsubscribe from this Email Digest,Cancelar inscrição deste resumo por e-mail
Unsubscribed,Inscrição cancelada
Unverified,Não verificado
Unverified Webhook Data,Dados de webhook não verificados
Up,Acima
Upcoming Calendar Events,Próximos eventos do calendário
Upcoming Calendar Events ,Próximos eventos do calendário
Update,Atualizar
Update Additional Information,Atualizar informações adicionais
Update Auto Repeat Reference,Atualizar referência de repetição automática
"Update BOM cost automatically via scheduler, based on the latest Valuation Rate/Price List Rate/Last Purchase Rate of raw materials","Atualizar o custo da BOM automaticamente via agendador, com base na última taxa de avaliação/taxa da lista de preços/taxa da última compra de matérias-primas"
Update Batch Qty,Atualizar quantidade do lote
Update Billed Amount in Delivery Note,Atualizar valor faturado na nota de entrega
Update Billed Amount in Purchase Order,Atualizar valor faturado no pedido de compra
Update Billed Amount in Purchase Receipt,Atualizar valor faturado no recibo de compra
Update Billed Amount in Sales Order,Atualizar valor faturado na ordem de vendas
Update Consumed Material Cost In Project,Atualizar custo de material consumido no projeto
Update Costing and Billing,Atualizar custos e faturamento
Update Existing Price List Rate,Atualizar taxa de lista de preços existente
Update Outstanding for Self,Atualização excelente para si mesmo
Update Price List Based On,Atualizar lista de preços com base em
Update Rate and Availability,Taxa de atualização e disponibilidade
Update Rate as per Last Purchase,Taxa de atualização conforme última compra
Update Stock,Atualizar estoque
Update Type,Tipo de atualização
Update frequency of Project,Frequência de atualização do projeto
Update latest price in all BOMs,Atualizar o preço mais recente em todas as BOMs
Update stock must be enabled for the purchase invoice {0},Atualizar estoque deve estar ativado para a fatura de compra {0}
Update the modified timestamp on new communications received in Lead & Opportunity.,Atualize o carimbo de data/hora modificado em novas comunicações recebidas em Lead e Oportunidade.
Update timestamp on new communication,Atualizar carimbo de data/hora em nova comunicação
Updated successfully,Atualizado com sucesso
Updated via 'Time Log' (In Minutes),Atualizado via 'Time Log' (em minutos)
Updated {0} Financial Report Row(s) with new category name,{0} linhas do relatório financeiro atualizadas com novo nome de categoria
Updating Costing and Billing fields against this Project...,Atualizando os campos Costing e Billing neste projeto...
Updating Work Order status,Atualizando o status da ordem de serviço
Updating details.,Atualizando detalhes.
"Updating {0} of {1}, {2}","Atualizando {0} de {1}, {2}"
Upload Bank Statement,Carregar extrato bancário
Upload XML Invoices,Carregar faturas XML
"Upon enabling this, the JV will be submitted for a different exchange rate.","Ao habilitar isso, a JV será submetida a uma taxa de câmbio diferente."
"Upon submission of the Sales Order, Work Order, or Production Plan, the system will automatically reserve the stock.","Ao enviar a Ordem de vendas, Ordem de Serviço ou Plano de Produção, o sistema reservará automaticamente o estoque."
Urgent,Urgente
Use 'Repost in background' button to trigger background job. Job can only be triggered when document is in Queued or Failed status.,Use o botão 'Repost em segundo plano' para acionar o trabalho em segundo plano. O trabalho só pode ser acionado quando o documento está no status Em fila ou Com falha.
Use <strong>Python</strong> filters to get Accounts,Use filtros <strong>Python</strong> para obter contas
Use Batch-wise Valuation,Use avaliação em lote
Use CSV Sniffer,Usar o farejador de CSV
Use Company Default Round Off Cost Center,Usar centro de custo de arredondamento padrão da empresa
Use Company default Cost Center for Round off,Usar centro de custo padrão da empresa para arredondamento
Use Default Warehouse,Usar armazém padrão
Use Google Maps Direction API to calculate estimated arrival times,Use a API Google Maps Direction para calcular os horários estimados de chegada
Use Google Maps Direction API to optimize route,Use a API Google Maps Direction para otimizar a rota
Use HTML,Usar HTML
Use HTTP Protocol,Usar protocolo HTTP
Use Item based reposting,Use repostagem baseada em item
Use Legacy (Client side) Reactivity,Usar reatividade herdada (lado do cliente)
Use Legacy Budget Controller,Use o controlador de orçamento legado
Use Legacy Controller For Period Closing Voucher,Use o controlador legado para voucher de encerramento do período
Use Multi-Level BOM,Usar BOM multinível
Use Posting Datetime for Naming Documents,Use data e hora de postagem para nomear documentos
Use Prices from Default Price List as Fallback,Use preços da lista de preços padrão como substituto
Use Serial / Batch Fields,Use campos serial/lote
Use Serial No / Batch Fields,Use campos de número de série/lote
Use Transaction Date Exchange Rate,Usar taxa de câmbio da data da transação
Use for Shopping Cart,Usar para carrinho de compras
Used,Usado
Used for Production Plan,Usado para Plano de Produção
Used with Financial Report Template,Usado com modelo de relatório financeiro
User,Usuário
User Details,Detalhes do usuário
User Forum,Fórum de usuários
User Resolution Time,Tempo de resolução do usuário
User {0} doesn't have any default POS Profile. Check Default at Row {1} for this User.,O usuário {0} não possui nenhum perfil de POS padrão. Verifique o padrão na linha {1} para este usuário.
User {0}: Removed Employee Self Service role as there is no mapped employee.,Usuário {0}: função de autoatendimento para funcionários removida porque não há funcionário mapeado.
User {0}: Removed Employee role as there is no mapped employee.,Usuário {0}: Função de funcionário removida porque não há funcionário mapeado.
Users,Usuários
Users can enable the checkbox If they want to adjust the incoming rate (set using purchase receipt) based on the purchase invoice rate.,Os usuários podem ativar a caixa de seleção se desejarem ajustar a taxa de entrada (definida usando o recibo de compra) com base na taxa da fatura de compra.
Users can make manufacture entry against Job Cards,Os usuários podem fazer entradas de fabricação em cartões de trabalho
Users with this role are allowed to over bill above the allowance percentage,Os usuários com esta função podem faturar acima da porcentagem permitida
Users with this role are allowed to over deliver/receive against orders above the allowance percentage,Os usuários com esta função podem entregar/receber em excesso em pedidos acima da porcentagem permitida
Users with this role will be notified if the asset depreciation gets failed,Os usuários com esta função serão notificados se a depreciação do ativo falhar
Using negative stock disables FIFO/Moving average valuation when inventory is negative.,Usar estoque negativo desativa a avaliação FIFO/média móvel quando o estoque é negativo.
Utilities,Utilitários
VAT Accounts,Contas de IVA
VAT Amount (AED),Valor do IVA (AED)
VAT Audit Report,Relatório de auditoria de IVA
VAT on Expenses and All Other Inputs,IVA sobre despesas e todos os outros insumos
VAT on Sales and All Other Outputs,IVA sobre vendas e todas as outras saídas
Valid From,Válido a partir de
Valid From must be after {0} as last GL Entry against the cost center {1} posted on this date,Válido desde deve ser posterior a {0} como a última entrada contábil em relação ao centro de custo {1} postado nesta data
Valid Up To,Válido até
Valid Up To date cannot be before Valid From date,Válido até a data não pode ser anterior à data Válido desde
Valid Up To date not in Fiscal Year {0},Válido até a data fora do ano fiscal {0}
Valid for Countries,Válido para países
Valid till date cannot be before transaction date,A data válida até a data não pode ser anterior à data da transação
Validate Applied Rule,Validar regra aplicada
Validate Components and Quantities Per BOM,Validar componentes e quantidades por BOM
Validate Consumed Qty (as per BOM),Validar quantidade consumida (conforme BOM)
Validate Material Transfer Warehouses,Validar armazéns de transferência de materiais
Validate Negative Stock,Validar Estoque Negativo
Validate Pricing Rule,Validar regra de preços
Validate Selling Price for Item Against Purchase Rate or Valuation Rate,Validar o preço de venda do item em relação à taxa de compra ou taxa de avaliação
Validate Stock on Save,Validar estoque ao salvar
Validity Details,Detalhes de validade
Validity and Usage,Validade e Uso
Validity in Days,Validade em dias
Valuation,Avaliação
Valuation (I - K),Avaliação (I - K)
Valuation Field Type,Tipo de campo de avaliação
Valuation Rate (In / Out),Taxa de avaliação (entrada/saída)
Valuation Rate required for Item {0} at row {1},Taxa de avaliação exigida para o item {0} na linha {1}
Valuation and Total,Avaliação e Total
Valuation rate for customer provided items has been set to zero.,A taxa de avaliação para itens fornecidos pelo cliente foi definida como zero.
Valuation rate for the item as per Sales Invoice (Only for Internal Transfers),Taxa de avaliação do item conforme Nota Fiscal de Venda (Somente para Transferências Internas)
Valuation type charges can not be marked as Inclusive,Os encargos do tipo de avaliação não podem ser marcados como Inclusivos
Valuation type charges can not marked as Inclusive,Os encargos do tipo de avaliação não podem ser marcados como Inclusivos
Value,Valor
Value (G - D),Valor (G - D)
Value ({0}),Valor ({0})
Value Based Inspection,Inspeção Baseada em Valor
Value Change,Alteração de valor
Value Details,Detalhes do valor
Value Or Qty,Valor ou quantidade
Value Type,Tipo de valor
Value as on,Valor como em
Value for Attribute {0} must be within the range of {1} to {2} in the increments of {3} for Item {4},O valor do Atributo {0} deve estar dentro do intervalo de {1} a {2} nos incrementos de {3} para o Item {4}
Value of Goods,Valor dos Bens
Value of New Capitalized Asset,Valor do novo ativo capitalizado
Value of New Purchase,Valor da nova compra
Value of Scrapped Asset,Valor do ativo sucateado
Value of Sold Asset,Valor do ativo vendido
Value of goods cannot be 0,O valor das mercadorias não pode ser 0
Value or Qty,Valor ou Quantidade
Values Changed,Valores alterados
Variable Name,Nome da variável
Variables,Variáveis
Variant Attributes,Atributos variantes
Variant Based On,Variante baseada em
Variant Item,Item variante
Variant Of,Variante de
Variants,Variantes
Vehicle Date,Data do Veículo
Vehicle Expenses,Despesas com veículos
Vehicle No,Veículo não
Vehicle Number,Número do veículo
Vehicle Value,Valor do Veículo
Vendor Invoice,Fatura do fornecedor
Vendor Invoices,Faturas de fornecedores
Verification failed please check the link,"Falha na verificação, verifique o link"
Verified By,Verificado por
Verify Email,Verificar e-mail
Version,Versão
Via Customer Portal,Através do Portal do Cliente
Via Landed Cost Voucher,Via comprovante de custo final
View,Visualizar
View Account Coverage,Ver cobertura da conta
View BOM Update Log,Ver log de atualização da BOM
View Data Based on,Visualizar dados com base em
View Exchange Gain/Loss Journals,Ver diários de ganhos/perdas cambiais
View Leads,Ver leads
View Ledgers,Ver livros contábeis
View MRP,Ver MRP
View Stock Balance,Ver saldo de estoque
View Stock Ledger,Ver livro-razão de estoque
View Type,Tipo de visualização
View attachments,Ver anexos
View call log,Ver registro de chamadas
Views,Visualizações
Vimeo,Vimeo
Virtual DocType,Tipo de documento virtual
Visited,Visitado
Visual Plant Floor,Chão de fábrica visual
Visualizar,Visualizar
Voice,Voz
Voice Call Settings,Configurações de chamada de voz
Voucher,Voucher
Voucher Detail No,Detalhe do voucher Não
Voucher Detail Reference,Referência de detalhes do voucher
Voucher No,Comprovante Não
Voucher No is mandatory,O número do voucher é obrigatório
Voucher Qty,Quantidade do voucher
Voucher Subtype,Subtipo de voucher
Voucher Type,Tipo de voucher
Voucher {0} is over-allocated by {1},O voucher {0} está superalocado por {1}
Voucher-wise Balance,Saldo em voucher
Vouchers,Vouchers
"WARNING: Exotel app has been separated from ERPNext, please install the app to continue using Exotel integration.","AVISO: O aplicativo Exotel foi separado do ERPNext, instale o aplicativo para continuar usando a integração Exotel."
WIP Composite Asset,Ativo Composto WIP
WIP WH,WIP WH
Wages,Remunerações
Waiting for payment...,Aguardando pagamento...
Warehouse,Armazém
Warehouse Capacity Summary,Resumo da capacidade do armazém
Warehouse Capacity for Item '{0}' must be greater than the existing stock level of {1} {2}.,A capacidade do armazém para o item '{0}' deve ser maior que o nível de estoque existente de {1} {2}.
Warehouse Contact Info,Informações de contato do armazém
Warehouse Detail,Detalhe do armazém
Warehouse Details,Detalhes do armazém
Warehouse Disabled?,Armazém desativado?
Warehouse Name,Nome do armazém
Warehouse Settings,Configurações de armazém
Warehouse Type,Tipo de armazém
Warehouse Wise Stock Balance,Balanço de estoque inteligente do armazém
Warehouse and Reference,Armazém e Referência
Warehouse can not be deleted as stock ledger entry exists for this warehouse.,O armazém não pode ser excluído porque existe uma entrada no razão de estoque para este armazém.
Warehouse cannot be changed for Serial No.,O armazém não pode ser alterado para o número de série.
Warehouse is required to get producible FG Items,O armazém é necessário para obter itens FG produzíveis
Warehouse required for stock Item {0},Armazém necessário para item de estoque {0}
Warehouse wise Item Balance Age and Value,Idade e valor do saldo do item no armazém
Warehouse {0} can not be deleted as quantity exists for Item {1},O armazém {0} não pode ser excluído porque existe quantidade para o item {1}
Warehouse {0} does not belong to Company {1}.,O Armazém {0} não pertence à Empresa {1}.
Warehouse {0} does not exist,O armazém {0} não existe
"Warehouse {0} is not allowed for Sales Order {1}, it should be {2}","O armazém {0} não é permitido para a ordem de vendas {1}, deveria ser {2}"
"Warehouse {0} is not linked to any account, please mention the account in the warehouse record or set default inventory account in company {1}.","O armazém {0} não está vinculado a nenhuma conta, mencione a conta no registro do armazém ou defina a conta de estoque padrão na empresa {1}."
Warn,Avisar
Warn POs,Avisar POs
Warn Purchase Orders,Avisar pedidos de compra
Warn RFQs,Avisar solicitações de cotação
Warn for new Purchase Orders,Avisar sobre novos pedidos de compra
Warn for new Request for Quotations,Avisar sobre nova Solicitação de Cotações
Warning,Aviso
Warning - Row {0}: Billing Hours are more than Actual Hours,Aviso - Linha {0}: as horas de faturamento são superiores às horas reais
Warning on Negative Stock,Aviso sobre estoque negativo
Warning!,Aviso!
Warning: Account changed for warehouse,Aviso: conta alterada para armazém
Warning: Material Requested Qty is less than Minimum Order Qty,Aviso: a quantidade solicitada de material é inferior à quantidade mínima do pedido
Warning: Quantity exceeds maximum producible quantity based on quantity of raw materials received through the Subcontracting Inward Order {0}.,Aviso: A quantidade excede a quantidade máxima produzível com base na quantidade de matérias-primas recebidas por meio do pedido de entrada de subcontratação {0}.
Warning: This action cannot be undone!,Aviso: Esta ação não pode ser desfeita!
Warnings,Avisos
Warranty / AMC Details,Garantia / Detalhes AMC
Warranty / AMC Status,Garantia / Status AMC
Warranty Expiry (Serial),Expiração da garantia (série)
Warranty Expiry Date,Data de expiração da garantia
Warranty Period (Days),Período de garantia (dias)
Warranty Period (in days),Período de garantia (em dias)
Watch Video,Assistir ao vídeo
"We can see {0} is made against {1}. If you want {1}'s outstanding to be updated, uncheck the '{2}' checkbox.","Podemos ver que {0} é feito contra {1}. Se desejar que os saldos pendentes de {1} sejam atualizados, desmarque a caixa de seleção '{2}'."
Website,Site
Website Description,Descrição do site
Website Image,Imagem do site
Website Manager,Gerenciador de sites
Website Specifications,Especificações do site
Wednesday,Quarta-feira
Week,Semana
Week {0} {1},Semana {0} {1}
Weekday,Dia da semana
Weekly,Semanalmente
Weekly Off,folga semanal
Weekly Time to send,Horário semanal para enviar
Weight,Peso
Weight (kg),Peso (kg)
Weight Per Unit,Peso por unidade
Weight UOM,Peso UM
Weighting Function,Função de ponderação
Welcome email sent,E-mail de boas-vindas enviado
Welcome to {0},Bem-vindo a {0}
What will be deleted:,O que será excluído:
WhatsApp,WhatsApp
Wheels,Rodas
"When a parent warehouse is chosen, the system conducts Project Qty checks against the associated child warehouses","Quando um armazém pai é escolhido, o sistema realiza verificações da Quantidade do Projeto nos armazéns filhos associados."
"When checked, only cumulative threshold will be applied","Quando marcada, apenas o limite cumulativo será aplicado"
"When checked, only transaction threshold will be applied for transaction individually","Quando marcado, apenas o limite de transação será aplicado para transações individuais"
"When checked, the system will use the posting datetime of the document for naming the document instead of the creation datetime of the document.","Quando marcada, o sistema usará a data e hora de lançamento do documento para nomear o documento, em vez da data e hora de criação do documento."
"When creating an Item, entering a value for this field will automatically create an Item Price at the backend.","Ao criar um item, inserir um valor neste campo criará automaticamente um preço do item no backend."
"When there are multiple finished goods ({0}) in a Repack stock entry, the basic rate for all finished goods must be set manually. To set rate manually, enable the checkbox 'Set Basic Rate Manually' in the respective finished good row.","Quando houver vários produtos acabados ({0}) em uma entrada de estoque de Reembalagem, a taxa básica para todos os produtos acabados deverá ser definida manualmente. Para definir a taxa manualmente, marque a caixa de seleção 'Definir taxa básica manualmente' na respectiva linha de produto acabado."
"While creating account for Child Company {0}, parent account {1} found as a ledger account.","Ao criar a conta para a empresa filha {0}, a conta pai {1} foi encontrada como uma conta contábil."
"While making Purchase Invoice from Purchase Order, use Exchange Rate on Invoice's transaction date rather than inheriting it from Purchase Order. Only applies for Purchase Invoice.","Ao fazer a fatura de compra a partir do pedido de compra, use a taxa de câmbio na data da transação da fatura em vez de herdá-la do pedido de compra. Aplica-se apenas à fatura de compra."
Widowed,Viúva
Width (cm),Largura (cm)
Width of amount in word,Largura do valor em word
Will also apply for variants,Também se aplicará a variantes
Will also apply for variants unless overridden,"Também se aplicará a variantes, a menos que sejam substituídas"
With Operations,Com Operações
With Period Closing Entry For Opening Balances,Com entrada de encerramento do período para saldos iniciais
Withdrawal,Cancelamento
Withholding Date,Data de retenção
Withholding Document,Documento de Retenção
Withholding Document Name,Nome do Documento Retido
Withholding Document Type,Tipo de documento retido
Work Done,Trabalho realizado
Work Order / Subcontract PO,Ordem de serviço/PO de subcontrato
Work Order Consumed Materials,Materiais consumidos por ordem de serviço
Work Order Item,Item de ordem de serviço
Work Order Mismatch,Incompatibilidade de ordem de serviço
Work Order Qty,Quantidade de ordem de serviço
Work Order cannot be raised against a Item Template,A ordem de serviço não pode ser levantada em relação a um modelo de item
Work Order {0} created,Ordem de serviço {0} criada
Work Order {0} has no produced qty,A ordem de serviço {0} não possui quantidade produzida
Work in Progress,Trabalho em andamento
Work-in-Progress Warehouse,Armazém de trabalho em andamento
Workday,Dia de trabalho
Working,Trabalhando
Workstation / Machine,Estação de trabalho/máquina
Workstation Cost,Custo da estação de trabalho
Workstation Dashboard,Painel da estação de trabalho
Workstation Name,Nome da estação de trabalho
Workstation Operating Component,Componente operacional da estação de trabalho
Workstation Operating Component Account,Conta do componente operacional da estação de trabalho
Workstation Status,Status da estação de trabalho
Workstation Type,Tipo de estação de trabalho
Workstation is closed on the following dates as per Holiday List: {0},A estação de trabalho está fechada nas seguintes datas de acordo com a lista de feriados: {0}
Workstations,Estações de trabalho
Write Off Account,Cancelar conta
Write Off Amount,Valor amortizado
Write Off Amount (Company Currency),Valor amortizado (moeda da empresa)
Write Off Based On,Cancelar com base em
Write Off Cost Center,Baixa do Centro de Custo
Write Off Difference Amount,Amortizar o valor da diferença
Write Off Entry,Cancelar entrada
Write Off Limit,Limite de baixa
Write Off Outstanding Amount,Baixa do valor pendente
Writeoff,Eliminar
Written Down Value,Valor anotado
Wrong Company,Empresa Errada
Wrong Template,Modelo errado
Year End Date,Data de término do ano
Year Name,Nome do ano
Year Start Date,Data de início do ano
Year of Passing,Ano de passagem
Yearly,Anual
Yellow,Amarelo
You are about to permanently delete data for {0} entries for company {1}.,Você está prestes a excluir permanentemente os dados de {0} entradas da empresa {1}.
You are importing data for the code list:,Você está importando dados para a lista de códigos:
You are not allowed to update as per the conditions set in {} Workflow.,Você não tem permissão para atualizar de acordo com as condições definidas no {} Workflow.
You are not authorized to make/edit Stock Transactions for Item {0} under warehouse {1} before this time.,Você não está autorizado a fazer/editar transações de estoque para o item {0} no armazém {1} antes desse horário.
You are picking more than required quantity for the item {0}. Check if there is any other pick list created for the sales order {1}.,Você está selecionando mais quantidade do que o necessário para o item {0}. Verifique se existe alguma outra lista de seleção criada para a ordem de vendas {1}.
You can add the original invoice {} manually to proceed.,Você pode adicionar a fatura original {} manualmente para continuar.
You can change the parent account to a Balance Sheet account or select a different account.,Você pode alterar a conta principal para uma conta de Balanço Patrimonial ou selecionar uma conta diferente.
"You can set it as a machine name or operation type. For example, stiching machine 12","Você pode configurá-lo como um nome de máquina ou tipo de operação. Por exemplo, máquina de costura 12"
You can use {0} to reconcile against {1} later.,Você pode usar {0} para reconciliar {1} posteriormente.
You can't make any changes to Job Card since Work Order is closed.,Você não pode fazer alterações no Cartão de Trabalho porque a Ordem de Serviço está fechada.
You can't process the serial number {0} as it has already been used in the SABB {1}. {2} if you want to inward same serial number multiple times then enabled 'Allow existing Serial No to be Manufactured/Received again' in the {3},"Você não pode processar o número de série {0} porque ele já foi usado no SABB {1}. {2} se desejar receber o mesmo número de série várias vezes, ative a opção 'Permitir que o número de série existente seja fabricado/recebido novamente' em {3}"
You can't redeem Loyalty Points having more value than the Total Amount.,Você não pode resgatar Pontos de Fidelidade com valor superior ao Valor Total.
You cannot change the rate if BOM is mentioned against any Item.,Você não pode alterar a taxa se a lista técnica for mencionada em qualquer item.
You cannot create a {0} within the closed Accounting Period {1},Você não pode criar um {0} dentro do período contábil fechado {1}
You cannot create/amend any accounting entries till this date.,Você não pode criar/alterar nenhum lançamento contábil até esta data.
You cannot delete Project Type 'External',Você não pode excluir o tipo de projeto 'Externo'
You cannot enable both the settings '{0}' and '{1}'.,Você não pode ativar as configurações '{0}' e '{1}'.
"You cannot outward following {0} as either they are Delivered, Inactive or located in a different warehouse.","Você não pode sair seguindo {0} porque eles estão entregues, inativos ou localizados em um depósito diferente."
You cannot repost item valuation before {},Você não pode repassar a avaliação do item antes de {}
You cannot {0} this document because another Period Closing Entry {1} exists after {2},Você não pode {0} este documento porque existe outra entrada de encerramento de período {1} após {2}
You do not have permission to edit this document,Você não tem permissão para editar este documento
You don't have permission to create a Company Address. Please contact your System Manager.,Você não tem permissão para criar um endereço de empresa. Entre em contato com o gerente do sistema.
You don't have permission to update Company details. Please contact your System Manager.,Você não tem permissão para atualizar os detalhes da empresa. Entre em contato com o gerente do sistema.
You don't have permission to update this document. Please contact your System Manager.,Você não tem permissão para atualizar este documento. Entre em contato com o gerente do sistema.
You have been invited to collaborate on the project {0}.,Você foi convidado para colaborar no projeto {0}.
You have enabled {0} and {1} in {2}. This can lead to prices from the default price list being inserted in the transaction price list.,Você ativou {0} e {1} em {2}. Isto pode fazer com que os preços da lista de preços padrão sejam inseridos na lista de preços da transação.
You have enabled {0} and {1} in {2}. This can lead to prices from the default price list being inserted into the transaction price list.,Você ativou {0} e {1} em {2}. Isto pode fazer com que os preços da lista de preços padrão sejam inseridos na lista de preços da transação.
You have entered a duplicate Delivery Note on Row,Você inseriu uma nota de entrega duplicada na linha
You have unsaved changes. Do you want to save the invoice?,Você tem alterações não salvas. Quer salvar a fatura?
You haven't created a {0} yet,Você ainda não criou um {0}
You must select a customer before adding an item.,Você deve selecionar um cliente antes de adicionar um item.
You need to cancel POS Closing Entry {} to be able to cancel this document.,Você precisa cancelar a entrada de fechamento do POS {} para poder cancelar este documento.
You selected the account group {1} as {2} Account in row {0}. Please select a single account.,Você selecionou o grupo de contas {1} como {2} Conta na linha {0}. Selecione uma única conta.
YouTube,YouTube
YouTube Interactions,Interações no YouTube
Your Name (required),Seu nome (obrigatório)
Your email has been verified and your appointment has been scheduled,Seu e-mail foi verificado e seu agendamento foi agendado
Youtube ID,ID do YouTube
Youtube Statistics,Estatísticas do YouTube
Zero Balance,Saldo Zero
Zero Rated,Classificação zero
Zero quantity,Quantidade zero
Zip File,Arquivo zip
`Allow Negative rates for Items`,`Permitir taxas negativas para itens`
after,depois
and,e
as Code,como código
as Description,como descrição
as Title,como título
as a percentage of finished item quantity,como uma porcentagem da quantidade de item acabado
as of {0},a partir de {0}
at,no
by {},por {}
cannot be greater than 100,não pode ser maior que 100
dated {0},datado de {0}
description,descrição
development,desenvolvimento
discount applied,desconto aplicado
doc_type,tipo_doc
"e.g. ""Summer Holiday 2019 Offer 20""","por exemplo ""Oferta 20 das férias de verão 2019"""
example: Next Day Shipping,exemplo: Envio no dia seguinte
exchangerate.host,taxa de câmbio.host
fieldname,nome do campo
frankfurter.dev,frankfurter.dev
hidden,escondido
hours,horas
lft,esquerda
material_request_item,material_request_item
must be between 0 and 100,deve estar entre 0 e 100
old_parent,pai_antigo
on,sobre
or its descendants,ou seus descendentes
out of 5,de 5
paid to,pago para
payments app is not installed. Please install it from {0} or {1},o aplicativo de pagamentos não está instalado. Instale-o em {0} ou {1}
payments app is not installed. Please install it from {} or {},o aplicativo de pagamentos não está instalado. Instale-o em {} ou {}
per hour,por hora
performing either one below:,executando qualquer um dos seguintes:
product bundle item row's name in sales order. Also indicates that picked item is to be used for a product bundle,nome da linha do item do pacote de produtos na ordem de vendas. Também indica que o item selecionado será usado para um pacote de produtos
production,produção
quotation_item,item_cotação
ratings,classificações
received from,recebido de
rgt,rgt
sandbox,caixa de areia
subscription is already cancelled.,a assinatura já foi cancelada.
target_ref_field,target_ref_field
temporary name,nome temporário
title,título
to unallocate the amount of this Return Invoice before cancelling it.,desalocar o valor desta fatura de devolução antes de cancelá-la.
unique e.g. SAVE20  To be used to get discount,"único, por exemplo SAVE20 Para ser usado para obter desconto"
variance,variação
via Asset Repair,via reparo de ativos
via BOM Update Tool,por meio da ferramenta de atualização de BOM
you must select Capital Work in Progress Account in accounts table,você deve selecionar Conta de trabalho de capital em andamento na tabela de contas
{0},{0}
{0} <b>{1}</b> has submitted Assets. Remove Item <b>{2}</b> from table to continue.,{0} <b>{1}</b> enviou recursos. Remova o item <b>{2}</b> da tabela para continuar.
{0} Account not found against Customer {1}.,{0} Conta não encontrada no Cliente {1}.
{0} Account: {1} ({2}) must be in either customer billing currency: {3} or Company default currency: {4},{0} A conta: {1} ({2}) deve estar na moeda de faturamento do cliente: {3} ou na moeda padrão da empresa: {4}
{0} Budget for Account {1} against {2} {3} is {4}. It is already exceeded by {5}.,{0} O orçamento da conta {1} em relação a {2} {3} é {4}. Já foi excedido em {5}.
{0} Budget for Account {1} against {2} {3} is {4}. It will be exceeded by {5}.,{0} O orçamento da conta {1} em relação a {2} {3} é {4}. Será excedido em {5}.
{0} Digest,{0} Resumo
{0} Operating Cost for operation {1},{0} Custo operacional para operação {1}
"{0} Retain Sample is based on batch, please check Has Batch No to retain sample of item",{0} Reter amostra é baseado no lote. Marque Tem número de lote para reter a amostra do item
{0} Transaction(s) Reconciled,{0} Transações reconciliadas
{0} account is not of company {1},{0} conta não é da empresa {1}
{0} account is not of type {1},{0} conta não é do tipo {1}
{0} account not found while submitting purchase receipt,{0} conta não encontrada ao enviar o recibo de compra
{0} can be either {1} or {2}.,{0} pode ser {1} ou {2}.
{0} cannot be changed with opened Opening Entries.,{0} não pode ser alterado com Entradas de Abertura abertas.
{0} cannot be used as a Main Cost Center because it has been used as child in Cost Center Allocation {1},{0} não pode ser usado como Centro de Custo Principal porque foi usado como filho na Alocação de Centro de Custo {1}
{0} cannot be zero,{0} não pode ser zero
{0} creation for the following records will be skipped.,A criação de {0} para os seguintes registros será ignorada.
{0} currency must be same as company's default currency. Please select another account.,A moeda {0} deve ser igual à moeda padrão da empresa. Selecione outra conta.
"{0} currently has a {1} Supplier Scorecard standing, and Purchase Orders to this supplier should be issued with caution.",{0} atualmente tem uma classificação de fornecedor de {1} e os pedidos de compra para esse fornecedor devem ser emitidos com cautela.
"{0} currently has a {1} Supplier Scorecard standing, and RFQs to this supplier should be issued with caution.",{0} atualmente tem uma classificação de fornecedor de {1} e as solicitações de cotação para esse fornecedor devem ser emitidas com cautela.
{0} does not belong to the Company {1}.,{0} não pertence à Empresa {1}.
{0} entered twice {1} in Item Taxes,{0} inserido duas vezes {1} em Impostos sobre itens
{0} has Payment Term based allocation enabled. Select a Payment Term for Row #{1} in Payment References section,{0} tem a alocação baseada em condições de pagamento ativada. Selecione um prazo de pagamento para a linha #{1} na seção Referências de pagamento
{0} has been modified after you pulled it. Please pull it again.,"{0} foi modificado depois que você o extraiu. Por favor, puxe-o novamente."
{0} hours,{0} horas
{0} is a child table and will be deleted automatically with its parent,{0} é uma tabela filha e será excluída automaticamente junto com sua tabela pai
{0} is a mandatory Accounting Dimension. <br>Please set a value for {0} in Accounting Dimensions section.,{0} é uma dimensão contábil obrigatória. <br>Defina um valor para {0} na seção Dimensões contábeis.
{0} is added multiple times on rows: {1},{0} é adicionado diversas vezes nas linhas: {1}
{0} is already running for {1},{0} já está concorrendo por {1}
{0} is blocked so this transaction cannot proceed,"{0} está bloqueado, portanto esta transação não pode prosseguir"
{0} is in Draft. Submit it before creating the Asset.,{0} está em rascunho. Envie-o antes de criar o Ativo.
{0} is mandatory for Item {1},{0} é obrigatório para o item {1}
{0} is mandatory for account {1},{0} é obrigatório para a conta {1}
{0} is not a CSV file.,{0} não é um arquivo CSV.
{0} is not a stock Item,{0} não é um item de estoque
{0} is not a valid Accounting Dimension.,{0} não é uma dimensão contábil válida.
{0} is not running. Cannot trigger events for this Document,{0} não está em execução. Não é possível acionar eventos para este documento
{0} is not the default supplier for any items.,{0} não é o fornecedor padrão de nenhum item.
{0} is open. Close the POS or cancel the existing POS Opening Entry to create a new POS Opening Entry.,{0} está aberto. Feche o POS ou cancele a Entrada de Abertura de POS existente para criar uma nova Entrada de Abertura de POS.
{0} items disassembled,{0} itens desmontados
{0} items lost during process.,{0} itens perdidos durante o processo.
{0} items returned,{0} itens devolvidos
{0} items to return,{0} itens para devolver
{0} not allowed to transact with {1}. Please change the Company or add the Company in the 'Allowed To Transact With'-Section in the Customer record.,{0} não tem permissão para fazer transações com {1}. Altere a Empresa ou adicione a Empresa na seção 'Permitido fazer transações com' no registro do Cliente.
{0} qty of Item {1} is being received into Warehouse {2} with capacity {3}.,{0} quantidade do Item {1} está sendo recebida no Armazém {2} com capacidade {3}.
{0} to {1},{0} a {1}
"{0} units are reserved for Item {1} in Warehouse {2}, please un-reserve the same to {3} the Stock Reconciliation.","{0} unidades estão reservadas para o Item {1} no Armazém {2}, cancele a reserva das mesmas para {3} a Reconciliação de Estoque."
{0} units of Item {1} is not available in any of the warehouses.,{0} unidades do Item {1} não estão disponíveis em nenhum dos armazéns.
{0} units of Item {1} is not available in any of the warehouses. Other Pick Lists exist for this item.,{0} unidades do Item {1} não estão disponíveis em nenhum dos armazéns. Existem outras listas de seleção para este item.
{0} units of {1} are required in {2} with the inventory dimension: {3} on {4} {5} for {6} to complete the transaction.,{0} unidades de {1} são necessárias em {2} com a dimensão de estoque: {3} em {4} {5} para {6} concluir a transação.
{0} units of {1} needed in {2} on {3} {4} to complete this transaction.,{0} unidades de {1} necessárias em {2} em {3} {4} para concluir esta transação.
{0} until {1},{0} até {1}
{0} valid serial nos for Item {1},{0} números de série válidos para o item {1}
{0} view is currently unsupported in Custom Financial Report.,A visualização {0} atualmente não é compatível com o Relatório financeiro personalizado.
{0} will be given as discount.,{0} será dado como desconto.
{0} will be set as the {1} in subsequently scanned items,{0} será definido como {1} nos itens digitalizados posteriormente
{0} {1},{0} {1}
{0} {1} Manually,{0} {1} Manualmente
{0} {1} Partially Reconciled,{0} {1} Parcialmente reconciliado
"{0} {1} cannot be updated. If you need to make changes, we recommend canceling the existing entry and creating a new one.","{0} {1} não pode ser atualizado. Se precisar fazer alterações, recomendamos cancelar a entrada existente e criar uma nova."
{0} {1} has already been fully paid.,{0} {1} já foi totalmente pago.
{0} {1} has already been partly paid. Please use the 'Get Outstanding Invoice' or the 'Get Outstanding Orders' button to get the latest outstanding amounts.,{0} {1} já foi parcialmente pago. Utilize o botão 'Obter fatura pendente' ou o botão 'Obter pedidos pendentes' para obter os valores pendentes mais recentes.
{0} {1} has been modified. Please refresh.,{0} {1} foi modificado. Atualize.
{0} {1} is allocated twice in this Bank Transaction,{0} {1} é alocado duas vezes nesta transação bancária
{0} {1} is already linked to Common Code {2}.,{0} {1} já está vinculado ao Código Comum {2}.
{0} {1} is cancelled or closed,{0} {1} foi cancelado ou fechado
{0} {1} is closed,{0} {1} está fechado
{0} {1} is not in any active Fiscal Year,{0} {1} não está em nenhum ano fiscal ativo
{0} {1} is on hold,{0} {1} está em espera
{0} {1} not allowed to be reposted. You can enable it by adding it '{2}' table in {3}.,{0} {1} não pode ser republicado. Você pode habilitá-lo adicionando a tabela '{2}' em {3}.
{0} {1} status is {2},{0} {1} status é {2}
{0} {1} via CSV File,{0} {1} via arquivo CSV
{0} {1}: 'Profit and Loss' type account {2} not allowed in Opening Entry,{0} {1}: conta do tipo 'Lucros e Perdas' {2} não permitida na Entrada de Abertura
{0} {1}: Account {2} does not belong to Company {3},{0} {1}: a conta {2} não pertence à Empresa {3}
{0} {1}: Account {2} is a Group Account and group accounts cannot be used in transactions,{0} {1}: a conta {2} é uma conta de grupo e contas de grupo não podem ser usadas em transações
{0} {1}: Account {2} is inactive,{0} {1}: a conta {2} está inativa
{0} {1}: Accounting Entry for {2} can only be made in currency: {3},{0} {1}: O lançamento contábil de {2} só pode ser feito na moeda: {3}
{0} {1}: Cost Center is mandatory for Item {2},{0} {1}: Centro de custo é obrigatório para o item {2}
{0} {1}: Cost Center is required for 'Profit and Loss' account {2}.,{0} {1}: O centro de custo é necessário para a conta 'Lucros e perdas' {2}.
{0} {1}: Cost Center {2} does not belong to Company {3},{0} {1}: Centro de Custo {2} não pertence à Empresa {3}
{0} {1}: Cost Center {2} is a group cost center and group cost centers cannot be used in transactions,{0} {1}: O centro de custo {2} é um centro de custo de grupo e os centros de custo de grupo não podem ser usados ​​em transações
{0} {1}: Customer is required against Receivable account {2},{0} {1}: O cliente é solicitado em relação à conta a receber {2}
{0} {1}: Either debit or credit amount is required for {2},{0} {1}: o valor de débito ou crédito é necessário para {2}
{0} {1}: Supplier is required against Payable account {2},{0} {1}: O fornecedor é solicitado em relação à conta a pagar {2}
{0}%,{0}%
{0}% Billed,{0}% faturado
{0}% Delivered,{0}% entregue
{0}% of total invoice value will be given as discount.,{0}% do valor total da fatura será concedido como desconto.
{0}'s {1} cannot be after {2}'s Expected End Date.,O {1} de {0} não pode ser posterior à data de término esperada de {2}.
"{0}, complete the operation {1} before the operation {2}.","{0}, conclua a operação {1} antes da operação {2}."
{0}: Child table (auto-deleted with parent),{0}: tabela filha (excluída automaticamente com a pai)
{0}: Not found,{0}: não encontrado
{0}: Protected DocType,{0}: DocType protegido
{0}: Virtual DocType (no database table),{0}: Virtual DocType (sem tabela de banco de dados)
{0}: {1} does not belong to the Company: {2},{0}: {1} não pertence à Empresa: {2}
{0}: {1} does not exist,{0}: {1} não existe
{0}: {1} does not exists,{0}: {1} não existe
{0}: {1} is a group account.,{0}: {1} é uma conta de grupo.
{0}: {1} must be less than {2},{0}: {1} deve ser menor que {2}
{count} Assets created for {item_code},{count} Ativos criados para {item_code}
{doctype} {name} is cancelled or closed.,{doctype} {name} foi cancelado ou fechado.
{field_label} is mandatory for sub-contracted {doctype}.,{field_label} é obrigatório para {doctype} subcontratado.
{item_name}'s Sample Size ({sample_size}) cannot be greater than the Accepted Quantity ({accepted_quantity}),O tamanho da amostra de {item_name} ({sample_size}) não pode ser maior que a quantidade aceita ({accepted_quantity})
{ref_doctype} {ref_name} is {status}.,{ref_doctype} {ref_name} é {status}.
{},{}
{} is a child company.,{} é uma empresa filha.
{} {} is already linked with another {},{} {} já está vinculado a outro {}
{} {} is already linked with {} {},{} {} já está vinculado a {} {}
{} {} is not affecting bank account {},{} {} não está afetando a conta bancária {}
É necessário pelo menos uma linha de itens.,É necessário pelo menos uma linha de itens.
