Address,Endereço
Amount,Quantia
BOM,BOM
Is Child Table,É uma mesa infantil
Is Subcontracted,Está subcontratado
Item,Item
Name,Nome
Rate,Avaliar
Raw Material,Matéria-prima
Reserve Stock,Stock de reserva
Skip Material Transfer,Pule a transferência de material
Sub Assembly,Subconjunto
Summary,Resumo
"""Customer Provided Item"" cannot be Purchase Item also","""Item fornecido pelo cliente"" não pode ser um item de compra também"
"""Customer Provided Item"" cannot have Valuation Rate","""Item fornecido pelo cliente"" não pode ter taxa de avaliação"
"""Is Fixed Asset"" cannot be unchecked, as Asset record exists against the item","""Is Fixed Asset"" não pode ser desmarcado, pois existe um registro de ativos contra o item"
"""SN-01::10"" for ""SN-01"" to ""SN-10""","""SN-01 :: 10"" para ""SN-01"" para ""SN-10"""
# In Stock,# Em stock
# Req'd Items,# Itens req'd
%  Delivered,%  Entregue
% Amount Billed,% Valor cobrado
% Billed,% Faturado
% Complete Method,% Método completo
% Completed,% Concluído
% Finished Item Quantity,% Quantidade de item acabado
% Installed,% Instalado
% Occupied,% Ocupado
% Of Grand Total,% Do grande total
% Ordered,% Ordenado
% Picked,% Escolhido
% Process Loss,% De perda de processo
% Progress,% Progresso
% Received,% Recebido
% Returned,% Retornou
% of materials billed against this Sales Order,% dos materiais cobrados em relação a esta ordem de vendas
% of materials delivered against this Sales Order,% dos materiais entregues em relação a este pedido de vendas
'Account' in the Accounting section of Customer {0},'Conta' na seção contábil do cliente {0}
'Allow Multiple Sales Orders Against a Customer's Purchase Order','Permitir vários pedidos de vendas contra o pedido de compra de um cliente'
'Based On' and 'Group By' can not be same,'Baseado em' e 'grupo por' não pode ser o mesmo
'Date' is required,'Data' é necessário
'Days Since Last Order' must be greater than or equal to zero,'Dias desde que a última ordem' deve ser maior ou igual a zero
'Default {0} Account' in Company {1},'Padrão {0} conta' na empresa {1}
'Entries' cannot be empty,'Entradas' não pode estar vazio
'From Date' is required,'Da data' é necessário
'From Date' must be after 'To Date','Da data' deve estar depois de 'até agora'
'Has Serial No' can not be 'Yes' for non-stock item,'Tem serial não' não pode ser 'sim' para item ininterrupto
"'Inspection Required before Delivery' has disabled for the item {0}, no need to create the QI","'Inspeção necessária antes da entrega' desativou o item {0}, não é necessário criar o qi"
"'Inspection Required before Purchase' has disabled for the item {0}, no need to create the QI","'Inspeção necessária antes da compra' desativou o item {0}, não é necessário criar o qi"
'Opening','Abertura'
'To Date' is required,'Até o momento' é necessário
'To Package No.' cannot be less than 'From Package No.','Para embalar No.' não pode ser menor que 'do pacote nº'
'Update Stock' can not be checked because items are not delivered via {0},'Atualizar o stock' não pode ser verificado porque os itens não são entregues via {0}
'Update Stock' cannot be checked for fixed asset sale,'Stock de atualização' não pode ser verificado para venda de ativos fixa
'{0}' account is already used by {1}. Use another account.,'{0}' A conta já é usada por {1}. Use outra conta.
'{0}' has been already added.,'{0}' já foi adicionado.
'{0}' should be in company currency {1}.,'{0}' deve estar na moeda da empresa {1}.
(A) Qty After Transaction,(A) Qtd após transação
(B) Expected Qty After Transaction,(B) qty esperado após a transação
(C) Total Qty in Queue,(C) Qtd total na fila
(C) Total qty in queue,(C) Qtd total na fila
(D) Balance Stock Value,(D) Balance o valor do stock
(E) Balance Stock Value in Queue,(E) Balance o valor do stock na fila
(F) Change in Stock Value,(F) Mudança no valor do stock
(Forecast),(Previsão)
(G) Sum of Change in Stock Value,(G) Soma da mudança no valor do stock
(H) Change in Stock Value (FIFO Queue),(H) Mudança no valor do stock (fila FIFO)
(H) Valuation Rate,(H) Taxa de avaliação
(Hour Rate / 60) * Actual Operation Time,(Taxa de hora / 60) * Tempo de operação real
(I) Valuation Rate,(I) Taxa de avaliação
(J) Valuation Rate as per FIFO,(J) Taxa de avaliação conforme FIFO
(K) Valuation = Value (D) รท Qty (A),(K) avaliação = valor (d) Qtdy (a)
(including),(incluindo)
* Will be calculated in the transaction.,* Será calculado na transação.
0 - 30 Days,0 - 30 dias
0-30,0-30
0-30 Days,0-30 dias
1 Loyalty Points = How much base currency?,1 Pontos de fidelidade = Quanta moeda base?
1 hr,1 hr
1{0},1 {0}
2 Yearly,2 anualmente
3 Yearly,3 anualmente
30 - 60 Days,30 - 60 dias
30 mins,30 minutos
30-60,30-60
30-60 Days,30-60 dias
6 hrs,6 horas
60 - 90 Days,60 - 90 dias
60-90,60-90
60-90 Days,60-90 dias
90 - 120 Days,90 - 120 dias
90 Above,90 acima
<b>From Time</b> cannot be later than <b>To Time</b> for {0},<b> De Time </b> não pode ser posterior ao <b> Time </b> para {0}
"<br>|||<h4>Note</h4>|||<ul>|||<li>|||You can use <a href=""https://jinja.palletsprojects.com/en/2.11.x/"" target=""_blank"">Jinja tags</a> in <b>Subject</b> and <b>Body</b> fields for dynamic values.|||</li><li>|||    All fields in this doctype are available under the <b>doc</b> object and all fields for the customer to whom the mail will go to is available under the  <b>customer</b> object.|||</li></ul>|||<h4> Examples</h4>|||<!-- {% raw %} -->|||<ul>|||    <li><b>Subject</b>:<br><br><pre><code>Statement Of Accounts for {{ customer.customer_name }}</code></pre><br></li>|||    <li><b>Body</b>: <br><br>|||<pre><code>Hello {{ customer.customer_name }},<br>PFA your Statement Of Accounts from {{ doc.from_date }} to {{ doc.to_date }}.</code> </pre></li>|||</ul>|||<!-- {% endraw %} -->","<br> ||| <h4> Nota </h4> ||| <ul> ||| <li> ||| Você pode usar <a href = ""https://jinja.palletsprojects.com/en/2.11.x/"" Target = ""_""> jinja bags </a> em <b> <b> súdito valores. ||| </li> <li> |||    Todos os campos neste doctype estão disponíveis no objeto <b> doc </b> e em todos os campos para o cliente para quem o e-mail irá disponível no objeto <b> cliente </b>.    <li> <b> Assunto </b>: <br> <br> <pre> <code> Declaração de contas para {{Customer.customer_name}} </code> </pre> <br> </li> |||    <li> <b> corpo </b>: <br> <br> ||| <pre> <code> hello {{Customer.customer_name}}, <br> Endraw %} ->"
"<div class=""columnHeading"">Other Details</div>","<div class = ""columnheading""> Outros detalhes </div>"
"<div class=""text-muted text-center"">No Matching Bank Transactions Found</div>","<div class = ""text-center abastado em texto""> Nenhuma transação bancária correspondente encontrada </div>"
"<div class=""text-muted text-center"">{0}</div>","<div class = ""text-center de texto""> {0} </div>"
<div>|||<h3> All dimensions in centimeter only </h3>|||</div>,<div> ||| <H3> Todas as dimensões apenas em centímetro </h3> ||| </div>
"<h3>About Product Bundle</h3>||||||<p>Aggregate group of <b>Items</b> into another <b>Item</b>. This is useful if you are bundling a certain <b>Items</b> into a package and you maintain stock of the packed <b>Items</b> and not the aggregate <b>Item</b>.</p>|||<p>The package <b>Item</b> will have <code>Is Stock Item</code> as <b>No</b> and <code>Is Sales Item</code> as <b>Yes</b>.</p>|||<h4>Example:</h4>|||<p>If you are selling Laptops and Backpacks separately and have a special price if the customer buys both, then the Laptop + Backpack will be a new Product Bundle Item.</p>",<H3> Sobre o pacote de produtos </h3> |||||| <p> Grupo agregado de itens <b> </b> em outro <b> item </b>. Isso é útil se você estiver agrupando um determinado <b> itens </b> em um pacote e mantém o stock dos itens <b> embalados </b> e não o agregado <b> item </b>. </p> ||| <p> O pacote <b> item </b> terá <code> é um item de stock </code> como <b> não </b> <b> Sim </b>.
"<h3>Currency Exchange Settings Help</h3>|||<p>There are 3 variables that could be used within the endpoint, result key and in values of the parameter.</p>|||<p>Exchange rate between {from_currency} and {to_currency} on {transaction_date} is fetched by the API.</p>|||<p>Example: If your endpoint is exchange.com/2021-08-01, then, you will have to input exchange.com/{transaction_date}</p>","<H3> Configurações da troca de moeda Ajuda </h3> ||| <p> Existem 3 variáveis que podem ser usadas no ponto final, chave de resultado e nos valores do parâmetro. Exchange.com/2021-08-01, então você terá que inserir Exchange.com/ {transaction_date} </p>"
"<h4>Body Text and Closing Text Example</h4>||||||<div>We have noticed that you have not yet paid invoice {{sales_invoice}} for {{frappe.db.get_value(""Currency"", currency, ""symbol"")}} {{outstanding_amount}}. This is a friendly reminder that the invoice was due on {{due_date}}. Please pay the amount due immediately to avoid any further dunning cost.</div>||||||<h4>How to get fieldnames</h4>||||||<p>The fieldnames you can use in your template are the fields in the document. You can find out the fields of any documents via Setup &gt; Customize Form View and selecting the document type (e.g. Sales Invoice)</p>||||||<h4>Templating</h4>||||||<p>Templates are compiled using the Jinja Templating Language. To learn more about Jinja, <a class=""strong"" href=""http://jinja.pocoo.org/docs/dev/templates/"">read this documentation.</a></p>","<H4> Texto corporal e Exemplo de texto de fechamento </h4> |||||| <div> Percebemos que você ainda não pagou fatura {{sales_invoice}} para {{frapppe.db.get_value (""moeda"", moeda, ""símbolo)}} {{(excelente_amount { Este é um lembrete amigável de que a fatura foi devida em {{Due_date}}. Pague o valor devido imediatamente para evitar qualquer custo de dunning adicional. Você pode descobrir os campos de qualquer documento via configuração & gt; Personalize a visualização do formulário e selecionando o tipo de documento (por exemplo, fatura de vendas) </p> |||||| <h4> modelo </h4> |||||| <p> Os modelos são compilados usando a linguagem de modelos Jinja. Para saber mais sobre Jinja, <a class = ""forte"" href = ""http://jinja.pocoo.org/docs/dev/templates/""> leia esta documentação. </a> </p>"
"<h4>Contract Template Example</h4>||||||<pre>Contract for Customer {{ party_name }}||||||-Valid From : {{ start_date }} |||-Valid To : {{ end_date }}|||</pre>||||||<h4>How to get fieldnames</h4>||||||<p>The field names you can use in your Contract Template are the fields in the Contract for which you are creating the template. You can find out the fields of any documents via Setup &gt; Customize Form View and selecting the document type (e.g. Contract)</p>||||||<h4>Templating</h4>||||||<p>Templates are compiled using the Jinja Templating Language. To learn more about Jinja, <a class=""strong"" href=""http://jinja.pocoo.org/docs/dev/templates/"">read this documentation.</a></p>","<h4> Modelo de contrato Exemplo </h4> |||||| <pre> contrato para o cliente {{Party_name}} |||||| -Valid de: {{start_date}}} ||||||||| Os nomes de campo que você pode usar no seu modelo de contrato são os campos no contrato para o qual você está criando o modelo. Você pode descobrir os campos de qualquer documento via configuração & gt; Personalize a visualização do formulário e selecionando o tipo de documento (por exemplo, contrato) </p> |||||| <h4> modelo </h4> |||||| <p> Os modelos são compilados usando a linguagem de modelos Jinja. Para saber mais sobre Jinja, <a class = ""forte"" href = ""http://jinja.pocoo.org/docs/dev/templates/""> leia esta documentação. </a> </p>"
"<h4>Standard Terms and Conditions Example</h4>||||||<pre>Delivery Terms for Order number {{ name }}||||||-Order Date : {{ transaction_date }} |||-Expected Delivery Date : {{ delivery_date }}|||</pre>||||||<h4>How to get fieldnames</h4>||||||<p>The fieldnames you can use in your email template are the fields in the document from which you are sending the email. You can find out the fields of any documents via Setup &gt; Customize Form View and selecting the document type (e.g. Sales Invoice)</p>||||||<h4>Templating</h4>||||||<p>Templates are compiled using the Jinja Templating Language. To learn more about Jinja, <a class=""strong"" href=""http://jinja.pocoo.org/docs/dev/templates/"">read this documentation.</a></p>","<H4> Termos e condições padrão Exemplo </h4> |||||| <pre> Termos de entrega para o número do pedido {{name}} |||||| -Dord Data: {{transaction_date}} |||||| FieldNames </h4> |||||| <p> Os nomes de campo que você pode usar no seu modelo de e-mail são os campos no documento do qual você está enviando o email. Você pode descobrir os campos de qualquer documento via configuração & gt; Personalize a visualização do formulário e selecionando o tipo de documento (por exemplo, fatura de vendas) </p> |||||| <h4> modelo </h4> |||||| <p> Os modelos são compilados usando a linguagem de modelos Jinja. Para saber mais sobre Jinja, <a class = ""forte"" href = ""http://jinja.pocoo.org/docs/dev/templates/""> leia esta documentação. </a> </p>"
"<h5 class=""text-muted uppercase"">Or</h5>","<h5 class = ""manchada de texto moída"" ou </h5>"
"<label class=""control-label"" style=""margin-bottom: 0px;"">Account Number Settings</label>","<LABEL class = ""Control-Label"" style = ""margem-bottom: 0px;"">Configurações do número da conta </belt>"
"<label class=""control-label"" style=""margin-bottom: 0px;"">Amount In Words</label>","<Label Class = ""Control-Label"" style = ""margem-bottom: 0px;"">quantidade em palavras</belt>"
"<label class=""control-label"" style=""margin-bottom: 0px;"">Date Settings</label>","<LABEL class = ""Control-Label"" style = ""margem-bottom: 0px;"">Configurações de data</belt>"
"<p>In your <b>Email Template</b>, you can use the following special variables:|||</p>|||<ul>|||        <li>|||            <code>{{ update_password_link }}</code>: A link where your supplier can set a new password to log into your portal.|||        </li>|||        <li>|||            <code>{{ portal_link }}</code>: A link to this RFQ in your supplier portal.|||        </li>|||        <li>|||            <code>{{ supplier_name }}</code>: The company name of your supplier.|||        </li>|||        <li>|||            <code>{{ contact.salutation }} {{ contact.last_name }}</code>: The contact person of your supplier.|||        </li><li>|||            <code>{{ user_fullname }}</code>: Your full name.|||        </li>|||    </ul>|||<p></p>|||<p>Apart from these, you can access all values in this RFQ, like <code>{{ message_for_supplier }}</code> or <code>{{ terms }}</code>.</p>","<p> No seu <b> modelo de email </b>, você pode usar as seguintes variáveis especiais: ||| </p> ||| <ul> |||        <li> |||            <code> {{update_password_link}} </code>: um link em que seu fornecedor pode definir uma nova senha para fazer login no seu portal. |||        </li> |||        <li> |||            <code> {{Portal_link}} </code>: um link para este RFQ no seu portal de fornecedores. |||        </li> |||        <li> |||            <code> {{fornecedor_name}} </code>: o nome da empresa do seu fornecedor. |||        </li> |||        <li> |||            <code> {{contact.salutation}} {{contact.last_name}} </code>: a pessoa de contato do seu fornecedor. |||        </li> <li> |||            <code> {{user_fullname}} </code>: seu nome completo. |||        </li> |||    </ul> ||| <p> </p> ||| <p> Além disso, você pode acessar todos os valores neste RFQ, como <code> {{message_for_supplier}} </code> ou <code> {{termos}} </code>. </p>"
"<p>Price List Rate has not been set as editable in Selling Settings. In this scenario, setting <strong>Update Price List Based On</strong> to <strong>Price List Rate</strong> will prevent auto-updation of Item Price.</p>Are you sure you want to continue?","<p> A taxa de lista de preços não foi definida como editável nas configurações de venda. Nesse cenário, definir a lista de preços <strong> de atualização com base na taxa de lista de preços <strong> para <strong> </strong> impedirá a atualização automática do preço do item. </p> tem certeza de que deseja continuar?"
"<pre><h5>Message Example</h5>||||||&lt;p&gt; Thank You for being a part of {{ doc.company }}! We hope you are enjoying the service.&lt;/p&gt;||||||&lt;p&gt; Please find enclosed the E Bill statement. The outstanding amount is {{ doc.grand_total }}.&lt;/p&gt;||||||&lt;p&gt; We don't want you to be spending time running around in order to pay for your Bill.<br>After all, life is beautiful and the time you have in hand should be spent to enjoy it!<br>So here are our little ways to help you get more time for life! &lt;/p&gt;||||||&lt;a href=""{{ payment_url }}""&gt; click here to pay &lt;/a&gt;||||||</pre>|||","<fre> <h5> Exemplo de mensagem </h5> |||||| & lt; p & gt; Obrigado por fazer parte de {{doc.company}}! Esperamos que você esteja aproveitando o serviço. & Lt;/p & gt; |||||| & lt; p & gt; Encontre a declaração de fatura E. O valor pendente é {{doc.grand_total}}. & Lt;/p & gt; |||||| & lt; p & gt; Não queremos que você gaste tempo correndo para pagar sua conta. <br> Afinal, a vida é linda e o tempo que você tem em mãos deve ser gasto para se divertir! & lt;/p & gt; |||||| & lt; a href = ""{{paging_url}}"" & gt; Clique aqui para pagar & lt;/a & gt; |||||| </re> |||"
"<pre><h5>Message Example</h5>||||||&lt;p&gt;Dear {{ doc.contact_person }},&lt;/p&gt;||||||&lt;p&gt;Requesting payment for {{ doc.doctype }}, {{ doc.name }} for {{ doc.grand_total }}.&lt;/p&gt;||||||&lt;a href=""{{ payment_url }}""&gt; click here to pay &lt;/a&gt;||||||</pre>|||","Exemplo de mensagem <H5> Mensagem </h5> |||||| & lt; p & gt; querido {{doc.contact_person}}, & lt;/p & gt; ||||| * para {lt; }}. Clique aqui para pagar & lt;/a & gt; |||||| </re> |||"
<strong>Grand Total:</strong> {0},<strong> Grand Total: </strong> {0}
<strong>Outstanding Amount:</strong> {0},<strong> Montante pendente: </strong> {0}
"<table class=""table table-bordered table-condensed"">|||<thead>|||  <tr>|||         <th class=""table-sr"" style=""width: 50%;"">Child Document</th>|||         <th class=""table-sr"" style=""width: 50%;"">Non Child Document</th>|||   </tr>|||</thead>|||<tbody>|||<tr>|||         <td>|||                  <p> To access parent document field use parent.fieldname and to access child table document field use doc.fieldname </p>||||||         </td>|||         <td>|||                    <p>To access document field use doc.fieldname </p>|||         </td>|||</tr>|||<tr>|||        <td>|||                   <p><b>Example: </b> parent.doctype == ""Stock Entry"" and doc.item_code == ""Test"" </p>||||||        </td>|||         <td>|||                   <p><b>Example: </b> doc.doctype == ""Stock Entry"" and doc.purpose == ""Manufacture""</p>    |||          </td>|||</tr>||||||</tbody>|||</table>|||||||||||||||||||||","<tabela class = ""Table-bordered tabela de mesa""> ||| <Thead> |||  <tr> |||         <th class = ""tabela-sr"" style = ""width: 50%;""> documento filho </th> |||         <th class = ""tabela-sr"" style = ""width: 50%;""> documento não criança </th> |||   </tr> ||| </sead> ||| <tbody> ||| <tr> |||         <Td> |||                  <p> Para acessar o campo do documento pai, use parent.fieldname e para acessar o documento da tabela infantil, use doc.fieldname </p> ||||||         </td> |||         <Td> |||                    <p> Para acessar o campo de documento, use doc.fieldname </p> |||         </td> ||| </tr> ||| <tr> |||        <Td> |||                   <p> <b> Exemplo: </b> parent.doctype == ""Entrada de stock"" e doc.item_code == ""teste"" </p> ||||||        </td> |||         <Td> |||                   <p> <b> Exemplo: </b> doc.doctype == ""entrada de stock"" e doc.purpose == ""fabricação"" </p> |||          </td> ||| </tr> ||||||| </tbody> ||| </ tabela> ||||||||||||||||||||||"
A - B,A - b
A - C,A - c
A Customer Group exists with same name please change the Customer name or rename the Customer Group,"Um grupo de clientes existe com o mesmo nome, altere o nome do cliente ou renomeie o grupo de clientes"
A Holiday List can be added to exclude counting these days for the Workstation.,Uma lista de férias pode ser adicionada para excluir a contagem atualmente para a estação de trabalho.
A Lead requires either a person's name or an organization's name,Um lead requer o nome de uma pessoa ou o nome de uma organização
A Packing Slip can only be created for Draft Delivery Note.,Uma guia de embalagem só pode ser criado para um rascunho de nota de entrega.
"A Price List is a collection of Item Prices either Selling, Buying, or both","Uma lista de preços é uma coleção de preços de itens que vendem, compra ou ambos"
"A Product or a Service that is bought, sold or kept in stock.","Um produto ou um serviço comprado, vendido ou mantido em stock."
A Reconciliation Job {0} is running for the same filters. Cannot reconcile now,Um trabalho de reconciliação {0} está em execução para os mesmos filtros. Não pode se reconciliar agora
A Transaction Deletion Document: {0} is triggered for {0},Um documento de exclusão da transação: {0} é acionado para {0}
A condition for a Shipping Rule,Uma condição para uma regra de remessa
A customer must have primary contact email.,Um cliente deve ter email de contato primário.
A driver must be set to submit.,Um motorista deve ser definido para enviar.
A logical Warehouse against which stock entries are made.,Um armazém lógico contra o qual as entradas de stock são feitas.
A new appointment has been created for you with {0},Um novo compromisso foi criado para você com {0}
A template with tax category {0} already exists. Only one template is allowed with each tax category,Um modelo com categoria de imposto {0} já existe. Apenas um modelo é permitido com cada categoria de imposto
A third party distributor / dealer / commission agent / affiliate / reseller who sells the companies products for a commission.,Um distribuidor de terceiros / revendedor / agente de comissão / afiliado / revendedor que vende os produtos da empresa para uma comissão.
A+,A+
A-,UM-
A4,A4
AB+,AB+
AB-,Ab-
ACC-ADS-.YYYY.-,Acc-ads-.yyyy.-
ACC-AML-.YYYY.-,Acc-aml-.yyyy.-
ACC-ASA-.YYYY.-,Acc-asa-.yyyy.-
ACC-ASC-.YYYY.-,Acc-asc-.yyyy.-
ACC-ASR-.YYYY.-,Acc-asr-.yyyy.-
ACC-ASS-.YYYY.-,ACC-ASS-ASS-AN.
ACC-BTN-.YYYY.-,Acctn-.yyyy.-
ACC-JV-.YYYY.-,Acc-jv-.yyyy.-
ACC-PAY-.YYYY.-,Acc-pay-.yyyy.-
ACC-PINV-.YYYY.-,ACC-PINV-.YYY.-
ACC-PINV-RET-.YYYY.-,ACC-PINV-RET-.YYY.-
ACC-PRQ-.YYYY.-,ac-prq-.yyy.
ACC-PSINV-.YYYY.-,Acc-psinv-.yyyy.-
ACC-SH-.YYYY.-,ACC-sh-.yyyy.-
ACC-SINV-.YYYY.-,Acc-sinv-.yyyy.-
ACC-SINV-RET-.YYYY.-,ACC-SINV-RET-.YYY.-
AMC Expiry Date,Data de expiração da AMC
API,API
API Details,Detalhes da API
API Endpoint,Endpoint da API
API Key,Chave da API
AWB Number,Número AWB
Abbr,Abbr
Abbreviation,Abreviação
Abbreviation already used for another company,Abreviação já usada para outra empresa
Abbreviation is mandatory,A abreviação é obrigatória
Abbreviation: {0} must appear only once,Abreviação: {0} deve aparecer apenas uma vez
About,Sobre
About {0} minute remaining,Cerca de {0} minuto restante
About {0} minutes remaining,Cerca de {0} minutos restantes
About {0} seconds remaining,Cerca de {0} segundos restantes
Above 120 Days,Acima de 120 dias
Academics User,Usuário acadêmico
Acceptance Criteria Formula,Fórmula de critérios de aceitação
Acceptance Criteria Value,Valor dos critérios de aceitação
Accepted,Aceito
Accepted Qty,Qty aceito
Accepted Qty in Stock UOM,Qty aceito em stock uom
Accepted Quantity,Quantidade aceita
Accepted Warehouse,Armazém aceito
Access Key,Chave de acesso
Access Key is required for Service Provider: {0},A chave de acesso é necessária para o provedor de serviços: {0}
According to CEFACT/ICG/2010/IC013 or CEFACT/ICG/2010/IC010,De acordo com Cefact/ICG/2010/IC013 ou CEFACT/ICG/2010/IC010
"According to the BOM {0}, the Item '{1}' is missing in the stock entry.","De acordo com o Bom {0}, o item '{1}' está ausente na entrada de stock."
Account,Conta
Account Balance,Saldo da conta
Account Closing Balance,Saldo de fechamento da conta
Account Currency,Moeda da conta
Account Currency (From),Moeda da conta (de)
Account Currency (To),Moeda da conta (para)
Account Details,Detalhes da conta
Account Head,Cabeça da conta
Account Manager,Gerente de contas
Account Missing,Conta faltando
Account Name,Nome da conta
Account Not Found,Conta não encontrada
Account Number,Número de conta
Account Number {0} already used in account {1},Número da conta {0} já usado na conta {1}
Account Opening Balance,Saldo de abertura da conta
Account Paid From,Conta paga de
Account Paid To,Conta paga para
Account Pay Only,Somente pagamento da conta
Account Subtype,Subtipo de conta
Account Type,Tipo de conta
Account Value,Valor da conta
"Account balance already in Credit, you are not allowed to set 'Balance Must Be' as 'Debit'","Saldo de conta já em crédito, você não tem permissão para definir 'o saldo deve ser' como 'débito'"
"Account balance already in Debit, you are not allowed to set 'Balance Must Be' as 'Credit'","Saldo de conta já em débito, você não tem permissão para definir 'o saldo deve ser' como 'crédito'"
Account for Change Amount,Conta do valor da alteração
Account is mandatory to get payment entries,Conta é obrigatória para obter entradas de pagamento
Account is not set for the dashboard chart {0},A conta não está definida para o gráfico do painel {0}
Account not Found,Conta não encontrada
Account with child nodes cannot be converted to ledger,Conta com nós filhos não podem ser convertidos em razão
Account with child nodes cannot be set as ledger,Conta com nós filhos não podem ser definidos como livro
Account with existing transaction can not be converted to group.,A conta da transação existente não pode ser convertida em grupo.
Account with existing transaction can not be deleted,Conta com transação existente não pode ser excluída
Account with existing transaction cannot be converted to ledger,Conta com transação existente não pode ser convertida em razão
Account {0} added multiple times,Conta {0} adicionada várias vezes
Account {0} does not belong to company: {1},Conta {0} não pertence à empresa: {1}
Account {0} does not belongs to company {1},Conta {0} não pertence à empresa {1}
Account {0} does not exist,Conta {0} não existe
Account {0} does not exists,Conta {0} não existe
Account {0} does not exists in the dashboard chart {1},Conta {0} não existe no gráfico do painel {1}
Account {0} does not match with Company {1} in Mode of Account: {2},Conta {0} não corresponde à Companhia {1} no modo de conta: {2}
Account {0} exists in parent company {1}.,Conta {0} existe na empresa controladora {1}.
Account {0} has been entered multiple times,A conta {0} foi inserida várias vezes
Account {0} is added in the child company {1},A conta {0} é adicionada na empresa infantil {1}
Account {0} is frozen,Conta {0} está congelada
Account {0} is invalid. Account Currency must be {1},A conta {0} é inválida. A moeda da conta deve ser {1}
Account {0} should be of type Expense,Conta {0} deve ser da despesa de tipo
Account {0}: Parent account {1} can not be a ledger,Conta {0}: conta pai {1} não pode ser um razão
Account {0}: Parent account {1} does not belong to company: {2},Conta {0}: conta pai {1} não pertence à empresa: {2}
Account {0}: Parent account {1} does not exist,Conta {0}: conta pai {1} não existe
Account {0}: You can not assign itself as parent account,Conta {0}: você não pode se atribuir como conta pai
Account: <b>{0}</b> is capital Work in progress and can not be updated by Journal Entry,Conta: <b> {0} </b> é um trabalho de capital em andamento e não pode ser atualizado por entrada do diário
Account: {0} can only be updated via Stock Transactions,Conta: {0} só pode ser atualizada por meio de transações de stock
Account: {0} is not permitted under Payment Entry,Conta: {0} não é permitida sob entrada de pagamento
Account: {0} with currency: {1} can not be selected,Conta: {0} com moeda: {1} não pode ser selecionado
Accounting,Contabilidade
Accounting Details,Detalhes contábeis
Accounting Dimension,Dimensão contábil
Accounting Dimension <b>{0}</b> is required for 'Balance Sheet' account {1}.,A dimensão contábil <b> {0} </b> é necessária para a conta 'Balanço' {1}.
Accounting Dimension <b>{0}</b> is required for 'Profit and Loss' account {1}.,A dimensão contábil <b> {0} </b> é necessária para a conta de 'lucro e perda' {1}.
Accounting Dimension Detail,Detalhe da dimensão contábil
Accounting Dimension Filter,Filtro de dimensão contábil
Accounting Dimensions,Dimensões contábeis
Accounting Dimensions ,Dimensões contábeis
Accounting Dimensions Filter,Dimensões contábeis filtro
Accounting Entries,Entradas contábeis
Accounting Entry for Asset,Entrada contábil para ativo
Accounting Entry for Service,Entrada contábil para serviço
Accounting Entry for Stock,Entrada contábil para stock
Accounting Entry for {0},Entrada contábil para {0}
Accounting Entry for {0}: {1} can only be made in currency: {2},A entrada contábil para {0}: {1} só pode ser feita em moeda: {2}
Accounting Ledger,Contabilidade contábil
Accounting Period,Período contábil
Accounting Period overlaps with {0},O período contábil se sobrepõe a {0}
Accounting entries are frozen up to this date. Nobody can create or modify entries except users with the role specified below,"As entradas contábeis são congeladas até esta data. Ninguém pode criar ou modificar entradas, exceto os usuários com a função especificada abaixo"
Accounts,Contas
Accounts Closing,Fechamento de contas
Accounts Frozen Till Date,Contas congeladas até a data
Accounts Manager,Gerente de contas
Accounts Missing Error,Contas ausentes erros
Accounts Payable,Contas a pagar
Accounts Payable Summary,Resumo de contas a pagar
Accounts Receivable,Contas a receber
Accounts Receivable / Payable Tuning,Contas a receber / ajuste a pagar
Accounts Receivable Credit Account,Conta de crédito de contas a receber
Accounts Receivable Discounted Account,Contas a receber conta com desconto
Accounts Receivable Summary,Resumo das contas a receber
Accounts Receivable Unpaid Account,Contas a receber conta não paga
Accounts Receivable/Payable,Contas a receber/pagar
Accounts Settings,Configurações de contas
Accounts User,Usuário de contas
Accounts table cannot be blank.,A tabela de contas não pode estar em branco.
Accounts to Merge,Contas para mesclar
Accumulated Depreciation,Depreciação acumulada
Accumulated Depreciation Account,Conta de depreciação acumulada
Accumulated Depreciation Amount,Quantidade de depreciação acumulada
Accumulated Depreciation as on,Depreciação acumulada como em
Accumulated Monthly,Acumulado mensalmente
Accumulated Values,Valores acumulados
Accumulated Values in Group Company,Valores acumulados na empresa de grupo
Achieved ({}),Alcançou ({})
Acquisition Date,Data de aquisição
Action,Ação
Action If Quality Inspection Is Not Submitted,Ação se a inspeção de qualidade não for enviada
Action If Quality Inspection Is Rejected,Ação se a inspeção de qualidade for rejeitada
Action If Same Rate is Not Maintained,Ação se a mesma taxa não for mantida
Action Initialised,Ação inicializada
Action if Accumulated Monthly Budget Exceeded on Actual,Ação se acumulado orçamento mensal excedido no real
Action if Accumulated Monthly Budget Exceeded on MR,Ação se acumulado Orçamento mensal excedido no MR
Action if Accumulated Monthly Budget Exceeded on PO,Ação se acumulado orçamento mensal excedido no PO
Action if Annual Budget Exceeded on Actual,Ação se o orçamento anual excedido no real
Action if Annual Budget Exceeded on MR,Ação se o orçamento anual excedido no MR
Action if Annual Budget Exceeded on PO,Ação se o orçamento anual excedido no PO
Action if Same Rate is Not Maintained Throughout Sales Cycle,Ação se a mesma taxa não for mantida durante todo o ciclo de vendas
Actions,Ações
Actions performed,Ações executadas
Active,Ativo
Active Leads,Leads ativos
Active Status,Status ativo
Activities,Atividades
Activity,Atividade
Activity Cost,Custo de atividade
Activity Cost exists for Employee {0} against Activity Type - {1},Existe custo de atividade para o funcionário {0} contra o tipo de atividade - {1}
Activity Cost per Employee,Custo de atividade por funcionário
Activity Type,Tipo de atividade
Actual,Real
Actual Balance Qty,Balanço real Qtd
Actual Batch Quantity,Quantidade real de lote
Actual Cost,Custo real
Actual Date,Data real
Actual Delivery Date,Data de entrega real
Actual End Date,Data de término real
Actual End Date (via Timesheet),Data de término real (via timeshet)
Actual End Time,Tempo de término real
Actual Expense,Despesa real
Actual Operating Cost,Custo operacional real
Actual Operation Time,Tempo de operação real
Actual Posting,Postagem real
Actual Qty,Qtdy real
Actual Qty (at source/target),Qtdy real (na fonte/destino)
Actual Qty in Warehouse,Qtdy real em armazém
Actual Qty is mandatory,Qty real é obrigatório
Actual Qty {0} / Waiting Qty {1},Qty real {0} / espera {1}
Actual Qty: Quantity available in the warehouse.,Qty real: quantidade disponível no armazém.
Actual Quantity,Quantidade real
Actual Start Date,Data de início real
Actual Start Date (via Timesheet),Data de início real (via timesheet)
Actual Start Time,Hora de início real
Actual Time,Tempo real
Actual Time and Cost,Tempo e custo real
Actual Time in Hours (via Timesheet),Tempo real em horas (via timesheet)
Actual qty in stock,Qtdy real em stock
Actual type tax cannot be included in Item rate in row {0},O imposto de tipo real não pode ser incluído na taxa de item na linha {0}
Add,Adicionar
Add / Edit Prices,Adicionar / editar preços
Add Child,Adicionar criança
Add Columns in Transaction Currency,Adicione colunas na moeda de transação
Add Comment,Adicione comentário
Add Corrective Operation Cost in Finished Good Valuation,Adicione o custo de operação corretiva na boa avaliação
Add Customers,Adicionar clientes
Add Discount,Adicione desconto
Add Employees,Adicione funcionários
Add Item,Adicionar item
Add Items,Adicione itens
Add Items in the Purpose Table,Adicione itens na tabela de propósitos
Add Lead to Prospect,Adicione Lead ao Prospect
Add Leads,Adicione leads
Add Local Holidays,Adicione feriados locais
Add Manually,Adicione manualmente
Add Multiple,Adicione múltiplo
Add Multiple Tasks,Adicione várias tarefas
Add Or Deduct,Adicione ou deduzir
Add Order Discount,Adicione o desconto do pedido
Add Participants,Adicionar participantes
Add Quote,Adicione a cotação
Add Raw Materials,Adicione matérias-primas
Add Sales Partners,Adicionar parceiros de vendas
Add Serial / Batch Bundle,Adicione um pacote serial / lote
Add Serial / Batch No,Adicione serial / lote não
Add Serial / Batch No (Rejected Qty),Adicionar serial / lote no (Qtd rejeitado)
Add Stock,Adicione o caldo
Add Sub Assembly,Adicione a submarração
Add Suppliers,Adicione fornecedores
Add Template,Adicione modelo
Add Timesheets,Adicionar quadros de horários
Add Weekly Holidays,Adicione feriados semanais
Add a Note,Adicione uma nota
Add details,Adicione detalhes
Add items in the Item Locations table,Adicione itens na tabela de locais de itens
Add or Deduct,Adicione ou deduzir
Add the rest of your organization as your users. You can also add invite Customers to your portal by adding them from Contacts,"Adicione o restante da sua organização como seus usuários. Você também pode adicionar clientes convidados ao seu portal, adicionando -os nos contatos"
Add to Holidays,Adicione aos feriados
Add to Prospect,Adicione ao prospecto
Add to Transit,Adicione ao trânsito
Add/Edit Coupon Conditions,Adicionar/editar condições de cupom
Added,Adicionado
Added By,Adicionado por
Added On,Adicionado em
Added Supplier Role to User {0}.,Função de fornecedor adicionada ao usuário {0}.
Added {0} ({1}),Adicionado {0} ({1})
Added {1} Role to User {0}.,Adicionada função {1} ao usuário {0}.
Adding Lead to Prospect...,Adicionando chumbo ao prospecto ...
Additional,Adicional
Additional Asset Cost,Custo de ativo adicional
Additional Cost,Custo adicional
Additional Cost Per Qty,Custo adicional por qty
Additional Costs,Custos adicionais
Additional Data,Dados adicionais
Additional Details,Detalhes adicionais
Additional Discount,Desconto adicional
Additional Discount Amount,Valor de desconto adicional
Additional Discount Amount (Company Currency),Valor de desconto adicional (moeda da empresa)
Additional Discount Percentage,Porcentagem de desconto adicional
Additional Info,Informações adicionais
Additional Information,Informações adicionais
Additional Information updated successfully.,Informações adicionais atualizadas com sucesso.
Additional Notes,Notas adicionais
Additional Operating Cost,Custo operacional adicional
Additional information regarding the customer.,Informações adicionais sobre o cliente.
Address,Endereço
Address & Contact,Endereço e contato
Address & Contacts,Endereço e contatos
Address Desc,Endereço Desc
Address HTML,Endereço html
Address Line 1,Endereço Linha 1
Address Line 2,Linha de endereço 2
Address Name,Nome do endereço
Address and Contact,Endereço e contato
Address and Contacts,Endereço e contatos
Address needs to be linked to a Company. Please add a row for Company in the Links table.,O endereço precisa estar vinculado a uma empresa. Adicione uma linha para a empresa na tabela Links.
Address used to determine Tax Category in transactions,Endereço usado para determinar a categoria tributária em transações
Adjust Asset Value,Ajustar o valor do ativo
Adjustment Against,Ajuste contra
Adjustment based on Purchase Invoice rate,Ajuste com base na taxa de fatura de compra
Administrative Expenses,Despesas administrativas
Administrator,Administrador
Advance Account,Conta antecipada
Advance Account: {0} must be in either customer billing currency: {1} or Company default currency: {2},Conta antecipada: {0} deve estar na moeda de cobrança do cliente: {1} ou a moeda padrão da empresa: {2}
Advance Amount,Valor avançado
Advance Paid,Adiantado pago
Advance Payment,Pagamento antecipado
Advance Payment Date,Data de pagamento antecipada
Advance Payment Ledger Entry,Entrada de pagamento antecipado
Advance Payment Status,Status de pagamento antecipado
Advance Payments,Pagamentos antecipados
Advance Tax,Imposto avançado
Advance Taxes and Charges,Avançar impostos e cobranças
Advance amount,Valor avançado
Advance amount cannot be greater than {0} {1},A quantidade avançada não pode ser maior que {0} {1}
Advance paid against {0} {1} cannot be greater than Grand Total {2},O adiantamento pago contra {0} {1} não pode ser maior que o grande total {2}
Advance payments allocated against orders will only be fetched,Pagamentos antecipados alocados contra pedidos só serão buscados
Advanced Settings,Configurações avançadas
Advances,Avanços
Affected Transactions,Transações afetadas
Against,Contra
Against Account,Contra a conta
Against Blanket Order,Contra a ordem geral
Against Customer Order {0},Contra o pedido do cliente {0}
Against Default Supplier,Contra o fornecedor padrão
Against Delivery Note Item,Contra o item de nota de entrega
Against Docname,Contra docname
Against Doctype,Contra Doctype
Against Document Detail No,Contra o detalhe do documento não
Against Document No,Contra o documento no
Against Expense Account,Conta de despesa
Against Income Account,Contra de conta de renda
Against Journal Entry {0} does not have any unmatched {1} entry,Contra a entrada do diário {0} não possui nenhuma entrada incomparável {1}
Against Journal Entry {0} is already adjusted against some other voucher,Contra o diário de entrada {0} já está ajustado contra outro voucher
Against Sales Invoice,Contra a fatura de vendas
Against Sales Invoice Item,Contra o item de fatura de vendas
Against Sales Order,Contra o pedido de vendas
Against Sales Order Item,Contra o item de pedido de vendas
Against Stock Entry,Contra entrada de stock
Against Supplier Invoice {0},Contra a fatura do fornecedor {0}
Against Voucher,Contra voucher
Against Voucher No,Contra o voucher no
Against Voucher Type,Contra o tipo de voucher
Age,Idade
Age (Days),Idade (dias)
Age ({0}),Idade ({0})
Ageing Based On,Envelhecimento com base em
Ageing Range,Intervalo de envelhecimento
Ageing Report based on {0} up to {1},Relatório de envelhecimento com base em {0} até {1}
Agenda,Agenda
Agent Busy Message,Mensagem ocupada do agente
Agent Details,Detalhes do agente
Agent Group,Grupo de agentes
Agent Unavailable Message,Mensagem indisponível do agente
Agents,Agentes
Aggregate a group of Items into another Item. This is useful if you are maintaining the stock of the packed items and not the bundled item,Agregar um grupo de itens em outro item. Isso é útil se você estiver mantendo o stock dos itens embalados e não o item agrupado
Agriculture Manager,Gerente de Agricultura
Agriculture User,Usuário de Agricultura
Algorithm,Algoritmo
All,Todos
All Accounts,Todas as contas
All Activities,Todas as atividades
All Activities HTML,Todas as atividades HTML
All BOMs,Todos os BOMs
All Contact,Todo contato
All Customer Contact,Todo o contato do cliente
All Customer Groups,Todos os grupos de clientes
All Day,O dia todo
All Departments,Todos os departamentos
All Employee (Active),Todos os funcionários (ativos)
All Item Groups,Todos os grupos de itens
All Items,Todos os itens
All Lead (Open),Todo lead (aberto)
All Parties ,Todas as partes
All Sales Partner Contact,Todo o contato do parceiro de vendas
All Sales Person,Todos os vendedores
All Sales Transactions can be tagged against multiple Sales Persons so that you can set and monitor targets.,Todas as transações de vendas podem ser marcadas contra vários vendedores para que você possa definir e monitorar metas.
All Supplier Contact,Todo o contato do fornecedor
All Supplier Groups,Todos os grupos de fornecedores
All Territories,Todos os territórios
All Warehouses,Todos os armazéns
All allocations have been successfully reconciled,Todas as alocações foram reconciliadas com sucesso
All communications including and above this shall be moved into the new Issue,"Todas as comunicações, incluindo e acima, serão movidas para a nova questão"
All items are already requested,Todos os itens já foram solicitados
All items have already been Invoiced/Returned,Todos os itens já foram faturados/devolvidos
All items have already been received,Todos os itens já foram recebidos
All items have already been transferred for this Work Order.,Todos os itens já foram transferidos para esta ordem de serviço.
All items in this document already have a linked Quality Inspection.,Todos os itens deste documento já possuem uma inspeção de qualidade vinculada.
All the Comments and Emails will be copied from one document to another newly created document(Lead -> Opportunity -> Quotation) throughout the CRM documents.,Todos os comentários e e-mails serão copiados de um documento para outro documento recém-criado (Lead -> Opportunity -> citação) nos documentos do CRM.
All the items have been already returned.,Todos os itens já foram devolvidos.
"All the required items (raw materials) will be fetched from BOM and populated in this table. Here you can also change the Source Warehouse for any item. And during the production, you can track transferred raw materials from this table.","Todos os itens necessários (matérias -primas) serão buscadas na BOM e preenchidas nesta tabela. Aqui você também pode alterar o armazém de origem para qualquer item. E durante a produção, você pode rastrear matérias -primas transferidas desta tabela."
All these items have already been Invoiced/Returned,Todos esses itens já foram faturados/devolvidos
Allocate,Alocar
Allocate Advances Automatically (FIFO),Alocar adiantamentos automaticamente (FIFO)
Allocate Payment Amount,Alocar valor de pagamento
Allocate Payment Based On Payment Terms,Alocar pagamento com base nas condições de pagamento
Allocate Payment Request,Alocar solicitação de pagamento
Allocated,Alocado
Allocated Amount,Quantidade alocada
Allocated Entries,Entradas alocadas
Allocated To:,Alocado para:
Allocated amount,Quantidade alocada
Allocated amount cannot be greater than unadjusted amount,A quantidade alocada não pode ser maior que a quantidade não ajustada
Allocated amount cannot be negative,A quantidade alocada não pode ser negativa
Allocation,Alocação
Allocations,Alocações
Allotted Qty,Quantidade alocada
Allow,Permitir
Allow Account Creation Against Child Company,Permitir a criação de contas contra a empresa infantil
Allow Alternative Item,Permitir item alternativo
Allow Alternative Item must be checked on Item {},Permitir item alternativo deve ser verificado no item {}
Allow Continuous Material Consumption,Permitir consumo contínuo de material
Allow Excess Material Transfer,Permitir o excesso de transferência de material
Allow In Returns,Permitir em retorno
Allow Internal Transfers at Arm's Length Price,Permitir transferências internas ao preço do comprimento do braço
Allow Item To Be Added Multiple Times in a Transaction,Permitir que o item seja adicionado várias vezes em uma transação
Allow Item to Be Added Multiple Times in a Transaction,Permitir que o item seja adicionado várias vezes em uma transação
Allow Item to be Added Multiple Times in a Transaction,Permitir que o item seja adicionado várias vezes em uma transação
Allow Lead Duplication based on Emails,Permitir duplicação de chumbo com base em e -mails
Allow Material Transfer from Delivery Note to Sales Invoice,Permitir transferência de material da nota de entrega para a fatura de vendas
Allow Material Transfer from Purchase Receipt to Purchase Invoice,Permitir transferência de material do recibo de compra para comprar fatura
Allow Multiple Material Consumption,Permitir consumo de material múltiplo
Allow Multiple Sales Orders Against a Customer's Purchase Order,Permita vários pedidos de vendas contra o pedido de compra de um cliente
Allow Negative Stock,Permitir stock negativo
Allow Negative rates for Items,Permitir taxas negativas para itens
Allow Or Restrict Dimension,Permitir ou restringir a dimensão
Allow Overtime,Permitir horas extras
Allow Partial Reservation,Permitir reserva parcial
Allow Production on Holidays,Permitir produção em férias
Allow Purchase,Permitir compra
Allow Purchase Invoice Creation Without Purchase Order,Permitir criação de fatura de compra sem pedido de compra
Allow Purchase Invoice Creation Without Purchase Receipt,Permitir criação de fatura de compra sem recibo de compra
Allow Purchase Order with Zero Quantity,Permitir pedido de compra com quantidade zero
Allow Quotation with Zero Quantity,Permitir cotação com quantidade zero
Allow Rename Attribute Value,Permitir o valor do atributo renomeado
Allow Request for Quotation with Zero Quantity,Permitir solicitação de cotação com quantidade zero
Allow Resetting Service Level Agreement,Permitir redefinir o acordo de nível de serviço
Allow Resetting Service Level Agreement from Support Settings.,Permitir redefinir o contrato de nível de serviço das configurações de assistência.
Allow Sales,Permitir vendas
Allow Sales Invoice Creation Without Delivery Note,Permitir criação de fatura de vendas sem nota de entrega
Allow Sales Invoice Creation Without Sales Order,Permitir criação de fatura de vendas sem pedido de vendas
Allow Sales Order Creation For Expired Quotation,Permitir a criação de pedidos de vendas para cotação expirada
Allow Sales Order with Zero Quantity,Permita pedidos de vendas com quantidade zero
Allow Stale Exchange Rates,Permitir taxas de câmbio obsoletas
Allow Supplier Quotation with Zero Quantity,Permitir cotação do fornecedor com quantidade zero
Allow UOM with Conversion Rate Defined in Item,Permitir UOM com a taxa de conversão definida no item
Allow User to Edit Discount,Permitir que o usuário edite desconto
Allow User to Edit Price List Rate in Transactions,Permitir que o usuário edite a taxa de lista de preços nas transações
Allow User to Edit Rate,Permitir que o usuário edite a taxa
Allow Variant UOM to be different from Template UOM,Permitir que a variante uom seja diferente do modelo uom
Allow Zero Rate,Permitir uma taxa zero
Allow Zero Valuation Rate,Permitir uma taxa de avaliação zero
Allow existing Serial No to be Manufactured/Received again,Permitir que o NO serial existente seja fabricado/recebido novamente
Allow material consumptions without immediately manufacturing finished goods against a Work Order,Permitir consumos materiais sem fabricar imediatamente mercadorias acabadas contra uma ordem de serviço
Allow multi-currency invoices against single party account ,Permitir faturas de várias moedas contra a conta de partida única
Allow to Edit Stock UOM Qty for Purchase Documents,Deixe editar o stock UOM Qty para documentos de compra
Allow to Edit Stock UOM Qty for Sales Documents,Deixe editar o stock UOM Qty para documentos de vendas
Allow to Make Quality Inspection after Purchase / Delivery,Deixe fazer uma inspeção de qualidade após a compra / entrega
Allow transferring raw materials even after the Required Quantity is fulfilled,Permitir a transferência de matérias -primas mesmo após o cumprimento da quantidade necessária
Allowed,Permitido
Allowed Dimension,Dimensão permitida
Allowed Doctypes,Doctypes permitidos
Allowed To Transact With,Autorizado a transações com
Allowed primary roles are 'Customer' and 'Supplier'. Please select one of these roles only.,As funções primárias permitidas são 'Cliente e' Fornecedor '. Selecione apenas uma dessas funções.
Allows to keep aside a specific quantity of inventory for a particular order.,Permite reservar uma quantidade específica de inventário para uma ordem específica.
Allows users to submit Purchase Orders with zero quantity. Useful when rates are fixed but the quantities are not. Eg. Rate Contracts.,"Permite que os usuários enviem pedidos de compra com quantidade zero. Útil quando as taxas são fixas, mas as quantidades não são. Por exemplo. Contratos de avaliação."
Allows users to submit Quotations with zero quantity. Useful when rates are fixed but the quantities are not. Eg. Rate Contracts.,"Permite que os usuários enviem cotações com quantidade zero. Útil quando as taxas são fixas, mas as quantidades não são. Por exemplo. Contratos de avaliação."
Allows users to submit Request for Quotations with zero quantity. Useful when rates are fixed but the quantities are not. Eg. Rate Contracts.,"Permite que os usuários enviem a solicitação de cotações com quantidade zero. Útil quando as taxas são fixas, mas as quantidades não são. Por exemplo. Contratos de avaliação."
Allows users to submit Sales Orders with zero quantity. Useful when rates are fixed but the quantities are not. Eg. Rate Contracts.,"Permite que os usuários enviem pedidos de vendas com quantidade zero. Útil quando as taxas são fixas, mas as quantidades não são. Por exemplo. Contratos de avaliação."
Allows users to submit Supplier Quotations with zero quantity. Useful when rates are fixed but the quantities are not. Eg. Rate Contracts.,"Permite que os usuários enviem cotações de fornecedores com quantidade zero. Útil quando as taxas são fixas, mas as quantidades não são. Por exemplo. Contratos de avaliação."
Already Picked,Já escolhido
Already record exists for the item {0},Já existe registro para o item {0}
"Already set default in pos profile {0} for user {1}, kindly disabled default","Já define o padrão no perfil pos {0} para o usuário {1}, padrão por favor, padrão desativado"
Also you can't switch back to FIFO after setting the valuation method to Moving Average for this item.,"Além disso, você não pode voltar ao FIFO depois de definir o método de avaliação para a média móvel deste item."
Alternate Item,Item alternativo
Alternative Item Code,Código de item alternativo
Alternative Item Name,Nome alternativo do item
Alternative Items,Itens alternativos
Alternative item must not be same as item code,Item alternativo não deve ser o mesmo que o código do item
"Alternatively, you can download the template and fill your data in.","Como alternativa, você pode baixar o modelo e preencher seus dados."
Amended From,Alterado de
Amount,Quantia
Amount (AED),Valor (AED)
Amount (Company Currency),Valor (moeda da empresa)
Amount Delivered,Valor entregue
Amount Difference,Diferença de quantidade
Amount Difference with Purchase Invoice,Diferença de quantidade com fatura de compra
Amount Eligible for Commission,Valor elegível para comissão
Amount In Figure,Quantidade na figura
Amount in Account Currency,Valor na moeda da conta
Amount in Words,Quantidade em palavras
Amount in party's bank account currency,Valor na moeda da conta bancária da parte
Amount in transaction currency,Valor em moeda de transação
Amount in {0},Valor em {0}
Amount to Bill,Valor para Bill
Amount {0} {1} against {2} {3},Quantidade {0} {1} contra {2} {3}
Amount {0} {1} deducted against {2},Quantidade {0} {1} deduzida contra {2}
Amount {0} {1} transferred from {2} to {3},Quantidade {0} {1} transferida de {2} para {3}
Amount {0} {1} {2} {3},Quantidade {0} {1} {2} {3}
Amounts,Valores
Amt,Amt
An Item Group is a way to classify items based on types.,Um grupo de itens é uma maneira de classificar itens com base nos tipos.
An error has been appeared while reposting item valuation via {0},Apareceu um erro ao reposicionar a avaliação do item via {0}
An error occurred during the update process,Ocorreu um erro durante o processo de atualização
An error occurred for certain Items while creating Material Requests based on Re-order level. Please rectify these issues :,"Ocorreu um erro para certos itens ao criar solicitações de materiais com base no nível de reordenação. Por favor, corrija estes problemas:"
Analysis Chart,Gráfico de análise
Analytics,Análise
Annual,Anual
Annual Billing: {0},Cobrança anual: {0}
Annual Expenses,Despesas anuais
Annual Income,Renda anual
Annual Revenue,Receita anual
Another Budget record '{0}' already exists against {1} '{2}' and account '{3}' for fiscal year {4},Outro registro de orçamento '{0}' já existe contra {1} '{2}' e conta '{3}' para o ano fiscal {4}
"Another Cost Center Allocation record {0} applicable from {1}, hence this allocation will be applicable upto {2}","Outro registro de alocação de centro de custo {0} aplicável de {1}, portanto, essa alocação será aplicável até {2}"
Another Payment Request is already processed,Outra solicitação de pagamento já está processada
Another Sales Person {0} exists with the same Employee id,Outro vendedor {0} existe com o mesmo ID do funcionário
"Any one of following filters required: warehouse, Item Code, Item Group","Qualquer um dos filtros seguintes necessários: armazém, código do item, grupo de itens"
Applicable Charges,Cobranças aplicáveis
Applicable Dimension,Dimensão aplicável
Applicable For,Aplicável para
Applicable Holiday List,Lista de férias aplicável
Applicable Modules,Módulos aplicáveis
Applicable On Account,Aplicável por conta
Applicable To (Designation),Aplicável a (designação)
Applicable To (Employee),Aplicável a (funcionário)
Applicable To (Role),Aplicável a (função)
Applicable To (User),Aplicável a (usuário)
Applicable for Countries,Aplicável a países
Applicable for Users,Aplicável para usuários
Applicable for external driver,Aplicável para driver externo
"Applicable if the company is SpA, SApA or SRL","Aplicável se a empresa for spa, sapa ou srl"
Applicable if the company is a limited liability company,Aplicável se a empresa for uma empresa de responsabilidade limitada
Applicable if the company is an Individual or a Proprietorship,Aplicável se a empresa for um indivíduo ou uma propriedade
Applicable on Material Request,Aplicável em solicitação de material
Applicable on Purchase Order,Aplicável no pedido de compra
Applicable on booking actual expenses,Aplicável na reserva de despesas reais
Application of Funds (Assets),Aplicação de fundos (ativos)
Applied Coupon Code,Código de cupom aplicado
Applied on each reading.,Aplicado em cada leitura.
Applied putaway rules.,Regras aplicadas.
Applies To,Aplica -se a
Apply Additional Discount On,Aplicar desconto adicional em
Apply Discount On,Aplique desconto
Apply Discount on Discounted Rate,Aplicar desconto na taxa de desconto
Apply Discount on Rate,Aplicar desconto na taxa
Apply Multiple Pricing Rules,Aplicar várias regras de preços
Apply On,Aplique em
Apply Putaway Rule,Aplique regra de putaway
Apply Recursion Over (As Per Transaction UOM),Aplique a recursão sobre (conforme a transação UOM)
Apply Rule On Brand,Aplicar regra sobre a marca
Apply Rule On Item Code,Aplicar a regra no código do item
Apply Rule On Item Group,Aplicar regra no grupo de itens
Apply Rule On Other,Aplicar regra sobre outro
Apply SLA for Resolution Time,Aplicar SLA para o tempo de resolução
Apply TDS,Aplique TDS
Apply Tax Withholding Amount,Aplicar o valor da retenção de impostos
Apply Tax Withholding Amount ,Aplicar o valor da retenção de impostos
Apply restriction on dimension values,Aplicar restrições nos valores de dimensão
Apply to All Inventory Documents,Aplique a todos os documentos de inventário
Apply to Document,Aplicar no documento
Appointment,Encontro
Appointment Booking Settings,Configurações de reserva de compromisso
Appointment Booking Slots,Slots de reserva de compromisso
Appointment Confirmation,Confirmação de compromisso
Appointment Created Successfully,Nomeação criada com sucesso
Appointment Details,Detalhes da nomeação
Appointment Duration (In Minutes),Duração da nomeação (em minutos)
Appointment Scheduling Disabled,Agendamento de compromisso desativado
Appointment Scheduling has been disabled for this site,A programação de compromissos foi desativada para este site
Appointment With,Compromisso com
Appointment was created. But no lead was found. Please check the email to confirm,"A nomeação foi criada. Mas nenhum chumbo foi encontrado. Por favor, verifique o e-mail para confirmar"
Approving Role (above authorized value),Função de aprovação (valor autorizado acima)
Approving Role cannot be same as role the rule is Applicable To,A aprovação de função não pode ser a mesma que a função que a regra é aplicável a
Approving User  (above authorized value),Aprovação do usuário (valor autorizado acima)
Approving User cannot be same as user the rule is Applicable To,A aprovação do usuário não pode ser o mesmo que a regra é aplicável a
Approximately match the description/party name against parties,Combine aproximadamente a descrição/nome da festa com as partes
Apps,Aplicativos
Are you sure you want to clear all demo data?,Tem certeza de que deseja limpar todos os dados de demonstração?
Are you sure you want to delete this Item?,Tem certeza de que deseja excluir este item?
Are you sure you want to delete {0}?<p>This action will also delete all associated Common Code documents.</p>,Tem certeza de que deseja excluir {0}? <p> Esta ação também excluirá todos os documentos de código comum associados. </p>
Are you sure you want to restart this subscription?,Tem certeza de que deseja reiniciar esta assinatura?
Area,Área
Area UOM,Área uom
Arrival Quantity,Quantidade de chegada
As On Date,Como na data
As on Date,Como na data
As per Stock UOM,Conforme stock uom
"As the field {0} is enabled, the field {1} is mandatory.","Como o campo {0} está ativado, o campo {1} é obrigatório."
"As the field {0} is enabled, the value of the field {1} should be more than 1.","Como o campo {0} está ativado, o valor do campo {1} deve ser superior a 1."
"As there are existing submitted transactions against item {0}, you can not change the value of {1}.","Como existem transações enviadas existentes contra o item {0}, você não pode alterar o valor de {1}."
"As there are negative stock, you can not enable {0}.","Como existem ações negativas, você não pode ativar {0}."
"As there are reserved stock, you cannot disable {0}.","Como existem ações reservadas, você não pode desativar {0}."
"As there are sufficient Sub Assembly Items, Work Order is not required for Warehouse {0}.","Como existem itens de submarração suficientes, a ordem de serviço não é necessária para o armazém {0}."
"As there are sufficient raw materials, Material Request is not required for Warehouse {0}.","Como existem matérias -primas suficientes, a solicitação de material não é necessária para o armazém {0}."
"As {0} is enabled, you can not enable {1}.","Como {0} está ativado, você não pode ativar {1}."
Assembly Items,Itens de montagem
Asset,Ativo
Asset Account,Conta de ativo
Asset Activity,Atividade de ativos
Asset Capitalization,Capitalização de ativos
Asset Capitalization Asset Item,Item de ativo de capitalização de ativos
Asset Capitalization Service Item,Item do Serviço de Capitalização de Ativos
Asset Capitalization Stock Item,Item de stock de capitalização de ativos
Asset Category,Categoria de ativos
Asset Category Account,Conta de categoria de ativos
Asset Category Name,Nome da categoria de ativos
Asset Category is mandatory for Fixed Asset item,A categoria de ativo é obrigatória para o item de ativo fixo
Asset Depreciation Cost Center,Centro de custo de depreciação de ativos
Asset Depreciation Ledger,Redger de depreciação de ativos
Asset Depreciation Schedule,Cronograma de depreciação de ativos
Asset Depreciation Schedule for Asset {0} and Finance Book {1} is not using shift based depreciation,Cronograma de depreciação de ativos para ativo {0} e livro de finanças {1} não está usando depreciação baseada em turnos
Asset Depreciation Schedule not found for Asset {0} and Finance Book {1},Cronograma de depreciação de ativos não encontrado para ativo {0} e livro de finanças {1}
Asset Depreciation Schedule {0} for Asset {1} already exists.,Cronograma de depreciação de ativos {0} para ativo {1} já existe.
Asset Depreciation Schedule {0} for Asset {1} and Finance Book {2} already exists.,Cronograma de depreciação de ativos {0} para ativo {1} e livro de finanças {2} já existe.
"Asset Depreciation Schedules created/updated:<br>{0}<br><br>Please check, edit if needed, and submit the Asset.","Cronogramas de depreciação de ativos criados/atualizados: <br> {0} <br> <br> Verifique, edite se necessário e envie o ativo."
Asset Depreciations and Balances,Depreciações e saldos de ativos
Asset Details,Detalhes dos ativos
Asset Disposal,Descarte de ativos
Asset Finance Book,Livro de financiamento de ativos
Asset ID,ID do ativo
Asset Location,Localização do ativo
Asset Maintenance,Manutenção de ativos
Asset Maintenance Log,Log de manutenção de ativos
Asset Maintenance Task,Tarefa de manutenção de ativos
Asset Maintenance Team,Equipe de manutenção de ativos
Asset Movement,Movimento de ativos
Asset Movement Item,Item de movimento de ativos
Asset Movement record {0} created,Registro de movimento de ativos {0} criado
Asset Name,Nome do ativo
Asset Naming Series,Série de nomeação de ativos
Asset Owner,Proprietário de ativos
Asset Owner Company,Empresa de proprietários de ativos
Asset Quantity,Quantidade de ativos
Asset Received But Not Billed,"Ativo recebido, mas não cobrado"
Asset Repair,Reparo de ativos
Asset Repair Consumed Item,REPARO DE ASTOS Consumido item
Asset Repair Purchase Invoice,Fatura de compra de reparo de ativos
Asset Settings,Configurações de ativos
Asset Shift Allocation,Alocação de mudança de ativo
Asset Shift Factor,Fator de mudança de ativo
Asset Shift Factor {0} is set as default currently. Please change it first.,"O fator de mudança de ativo {0} é definido como padrão atualmente. Por favor, mude primeiro."
Asset Status,Status do ativo
Asset Value,Valor do ativo
Asset Value Adjustment,Ajuste do valor do ativo
Asset Value Adjustment cannot be posted before Asset's purchase date <b>{0}</b>.,O ajuste do valor do ativo não pode ser publicado antes da data de compra do ativo <b> {0} </b>.
Asset Value Analytics,Analítica de valor de ativo
Asset cancelled,Ativo cancelado
"Asset cannot be cancelled, as it is already {0}","O ativo não pode ser cancelado, pois já está {0}"
Asset cannot be scrapped before the last depreciation entry.,O ativo não pode ser descartado antes da última entrada de depreciação.
Asset capitalized after Asset Capitalization {0} was submitted,Os ativos capitalizados após a capitalização de ativos {0} foram enviados
Asset created,Ativo criado
Asset created after Asset Capitalization {0} was submitted,O ativo criado após a capitalização de ativos {0} foi enviado
Asset created after being split from Asset {0},Ativo criado após ser dividido do ativo {0}
Asset deleted,Ativo excluído
Asset issued to Employee {0},Ativo emitido para o funcionário {0}
Asset out of order due to Asset Repair {0},Ativo fora de ordem devido ao reparo de ativos {0}
Asset received at Location {0} and issued to Employee {1},Ativo recebido no local {0} e emitido para o funcionário {1}
Asset restored,Ativo restaurado
Asset restored after Asset Capitalization {0} was cancelled,O ativo restaurado após a capitalização de ativos {0} foi cancelado
Asset returned,Ativo retornado
Asset scrapped,Ativo descartado
Asset scrapped via Journal Entry {0},Ativo descartado via diário de entrada {0}
Asset sold,Ativo vendido
Asset submitted,Ativo enviado
Asset transferred to Location {0},Ativo transferido para o local {0}
Asset updated after being split into Asset {0},Ativo atualizado após ser dividido em ativo {0}
Asset updated due to Asset Repair {0} {1}.,Ativo atualizado devido ao reparo de ativos {0} {1}.
Asset {0} cannot be received at a location and given to an employee in a single movement,O ativo {0} não pode ser recebido em um local e entregue a um funcionário em um único movimento
"Asset {0} cannot be scrapped, as it is already {1}","O ativo {0} não pode ser descartado, pois já está {1}"
Asset {0} does not belong to Item {1},Asset {0} não pertence ao item {1}
Asset {0} does not belong to company {1},Asset {0} não pertence à Companhia {1}
Asset {0} does not belongs to the custodian {1},Asset {0} não pertence ao custodiante {1}
Asset {0} does not belongs to the location {1},Asset {0} não pertence ao local {1}
Asset {0} does not exist,Ativo {0} não existe
Asset {0} has been created. Please set the depreciation details if any and submit it.,"O ativo {0} foi criado. Defina os detalhes da depreciação, se houver e enviá -lo."
Asset {0} has been updated. Please set the depreciation details if any and submit it.,"O ativo {0} foi atualizado. Defina os detalhes da depreciação, se houver e enviá -lo."
Asset {0} has only one movement record. Please create another movement before deleting this one to maintain asset tracking.,Asset {0} tem apenas um registro de movimento. Crie outro movimento antes de excluir este para manter o rastreamento de ativos.
Asset {0} must be submitted,O ativo {0} deve ser enviado
Asset {assets_link} created for {item_code},Asset {Assets_link} criado para {item_code}
Asset's depreciation schedule updated after Asset Shift Allocation {0},Cronograma de depreciação do ativo atualizado após alocação de mudança de ativo {0}
Asset's value adjusted after cancellation of Asset Value Adjustment {0},O valor do ativo ajustado após o cancelamento do ajuste do valor do ativo {0}
Asset's value adjusted after submission of Asset Value Adjustment {0},O valor do ativo ajustado após o envio do ajuste do valor do ativo {0}
Assets,Ativos
Assets not created for {item_code}. You will have to create asset manually.,Ativos não criados para {item_code}. Você terá que criar ativos manualmente.
Assets {assets_link} created for {item_code},Ativos {Assets_link} criado para {item_code}
Assign Job to Employee,Atribuir trabalho ao funcionário
Assign To,Atribuir a
Assign to Name,Atribua ao nome
Assigned To,Atribuído a
Assignment,Atribuição
Assignment Conditions,Condições de atribuição
At Row #{0}: The picked quantity {1} for the item {2} is greater than available stock {3} for the batch {4} in the warehouse {5}. Please restock the item.,"Na linha #{0}: a quantidade escolhida {1} para o item {2} é maior que o stock disponível {3} para o lote {4} no armazém {5}. Por favor, reabasteça o item."
At Row #{0}: The picked quantity {1} for the item {2} is greater than available stock {3} in the warehouse {4}.,Na linha #{0}: a quantidade escolhida {1} para o item {2} é maior que o stock disponível {3} no armazém {4}.
At least one account with exchange gain or loss is required,Pelo menos uma conta com ganho ou perda de câmbio é necessária
At least one asset has to be selected.,Pelo menos um ativo deve ser selecionado.
At least one invoice has to be selected.,Pelo menos uma fatura deve ser selecionada.
At least one item should be entered with negative quantity in return document,Pelo menos um item deve ser inserido com quantidade negativa no documento de retorno
At least one mode of payment is required for POS invoice.,Pelo menos um modo de pagamento é necessário para a fatura do POS.
At least one of the Applicable Modules should be selected,Pelo menos um dos módulos aplicáveis deve ser selecionado
At least one of the Selling or Buying must be selected,Pelo menos uma das vendas ou compras deve ser selecionada
At least one warehouse is mandatory,Pelo menos um armazém é obrigatório
At row #{0}: the sequence id {1} cannot be less than previous row sequence id {2},Na linha #{0}: o id de sequência {1} não pode ser menor que o ID da sequência de linha anterior {2}
At row {0}: Batch No is mandatory for Item {1},Na linha {0}: lote não é obrigatório para o item {1}
At row {0}: Parent Row No cannot be set for item {1},Na linha {0}: linha pai não não pode ser definida para o item {1}
At row {0}: Qty is mandatory for the batch {1},Na linha {0}: Qty é obrigatório para o lote {1}
At row {0}: Serial No is mandatory for Item {1},Na linha {0}: o NO serial é obrigatório para o item {1}
At row {0}: Serial and Batch Bundle {1} has already created. Please remove the values from the serial no or batch no fields.,Na linha {0}: o pacote de serial e lote {1} já criou. Remova os valores dos campos de NO ou lote serial.
"At row {0}: You have selected the Difference Account {1}, which is a Cost of Goods Sold type account. Please select a different account","Na linha {0}: você selecionou a conta de diferença {1}, que é uma conta do tipo de custo dos produtos vendidos. Selecione uma conta diferente"
At row {0}: set Parent Row No for item {1},Na linha {0}: Defina a linha do pai não para o item {1}
"At row {0}: the Difference Account must not be a Stock type account, please change the Account Type for the account {1} or select a different account","Na linha {0}: a conta de diferença não deve ser uma conta do tipo de stock, altere o tipo de conta para a conta {1} ou selecione uma conta diferente"
"Attach .csv file with two columns, one for the old name and one for the new name","Anexe o arquivo .csv com duas colunas, uma para o nome antigo e outro para o novo nome"
Attach CSV File,Anexe o arquivo CSV
Attach custom Chart of Accounts file,Anexe o arquivo de contas personalizado
Attachment,Anexo
Attachments,Anexos
Attendance & Leaves,Assiduidade & Férias
Attendance Device ID (Biometric/RF tag ID),ID do dispositivo de atendimento (ID da tag biométrica/RF)
Attribute,Atributo
Attribute Name,Nome do atributo
Attribute Value,Valor de atributo
Attribute table is mandatory,A tabela de atributos é obrigatória
Attribute value: {0} must appear only once,Valor do atributo: {0} deve aparecer apenas uma vez
Attribute {0} selected multiple times in Attributes Table,Atributo {0} selecionado várias vezes na tabela de atributos
Attributes,Atributos
Auditor,Auditor
Authentication Failed,Autenticação falhou
Authorised By,Autorizado por
Authorization Control,Controle de autorização
Authorization Rule,Regra de autorização
Authorized Signatory,Signatório autorizado
Authorized Value,Valor autorizado
Auto Create Assets on Purchase,Criar automaticamente ativos na compra
Auto Create Exchange Rate Revaluation,Criar automaticamente reavaliação da taxa de câmbio
Auto Create Purchase Receipt,Criar automaticamente recibo de compra
Auto Create Serial and Batch Bundle For Outward,Criar automaticamente o pacote serial e lote para fora
Auto Create Subcontracting Order,Criar automaticamente a ordem de subcontratação
Auto Created,Criado automaticamente
Auto Created Serial and Batch Bundle,Pacote serial e lote criado automaticamente
Auto Creation of Contact,Criação automática de contato
Auto Fetch,Busca automática
Auto Fetch Serial Numbers,Fetch Auto Fetch Numbers
Auto Insert Item Price If Missing,Inserir o preço do item de inserção automática se estiver ausente
Auto Material Request,Solicitação de material automático
Auto Material Requests Generated,Solicitações de material automático geradas
Auto Name,Nome automático
Auto Opt In (For all customers),Opto automático (para todos os clientes)
Auto Reconcile,Reconciliar automaticamente
Auto Reconcile Payments,Reconciliar automaticamente pagamentos
Auto Reconciliation,Reconciliação automática
Auto Reconciliation Job Trigger,Gatilho de trabalho de reconciliação automática
Auto Reconciliation has started in the background,A reconciliação automática começou em segundo plano
Auto Reconciliation of Payments has been disabled. Enable it through {0},A reconciliação automática de pagamentos foi desativada. Habilite através de {0}
Auto Repeat,Repetir automaticamente
Auto Repeat Detail,REPATO AUTOMÁRIO DE REPETO
Auto Reserve Serial and Batch Nos,NOS de serial e lote de reserva automática
Auto Reserve Stock,Stock de reserva automática
Auto Reserve Stock for Sales Order on Purchase,Stock de reserva automática para pedidos de vendas na compra
Auto close Opportunity Replied after the no. of days mentioned above,Oportunidade de estreita automática respondeu após o não. de dias mencionados acima
Auto match and set the Party in Bank Transactions,Matriz automática e defina a parte em transações bancárias
Auto re-order,Reordenar automaticamente
Auto repeat document updated,Documento de repetição automática atualizada
Auto write off precision loss while consolidation,Redução automática de perda de precisão durante a consolidação
Automatically Add Filtered Item To Cart,Adicione automaticamente o item filtrado ao carrinho
Automatically Add Taxes and Charges from Item Tax Template,Adicione automaticamente impostos e cobranças do modelo de imposto de itens
Automatically Create New Batch,Crie automaticamente um novo lote
Automatically Fetch Payment Terms from Order,Busque automaticamente as condições de pagamento do pedido
Automatically Process Deferred Accounting Entry,Processar a entrada contábil diferida automaticamente
Automatically post balancing accounting entry,Poste automaticamente o equilíbrio de entrada contábil
Availability Of Slots,Disponibilidade de slots
Available,Disponível
Available Batch Qty at From Warehouse,Qtdy de lote disponível em Warehouse
Available Batch Qty at Warehouse,Qty em lote disponível no armazém
Available Batch Report,Relatório em lote disponível
Available For Use Date,Disponível para data de uso
Available Qty,Qtdy disponível
Available Qty For Consumption,Qty disponível para consumo
Available Qty at Company,Qty disponível na empresa
Available Qty at Source Warehouse,Qtdy disponível no armazém de origem
Available Qty at Target Warehouse,Qtdy disponível no Target Warehouse
Available Qty at WIP Warehouse,Qty disponível no WIP Warehouse
Available Qty at Warehouse,Qty disponível no armazém
Available Qty to Reserve,Qty disponível para reservar
Available Quantity,Quantidade disponível
Available Serial No,Disponível serial no
Available Stock,Stock disponível
Available Stock for Packing Items,Stock disponível para itens de embalagem
Available for use date is required,Disponível para data de uso é necessário
"Available quantity is {0}, you need {1}","A quantidade disponível é {0}, você precisa {1}"
Available {0},Disponível {0}
Available-for-use Date,Data disponível para uso
Available-for-use Date should be after purchase date,A data disponível para uso deve ser após a data de compra
Average Age,Idade média
Average Commission Rate,Taxa média de comissão
Average Completion,Conclusão média
Average Discount,Desconto médio
Average Rate,Taxa média
Average Response Time,Tempo médio de resposta
Average time taken by the supplier to deliver,Tempo médio gasto pelo fornecedor para entregar
Avg Daily Outgoing,AVG diariamente extrovertido
Avg Rate,Taxa de AVG
Avg Rate (Balance Stock),Taxa AVG (Balance Stock)
Avg. Buying Price List Rate,Avg. Taxa de lista de preços de compra
Avg. Selling Price List Rate,Avg. Taxa de lista de preços de venda
Avg. Selling Rate,Avg. Taxa de venda
B+,B+
B-,B-
BFS,BFS
BIN Qty,Bin Qtty
BOM,Bom
BOM 1,Bom 1
BOM 1 {0} and BOM 2 {1} should not be same,Bom 1 {0} e Bom 2 {1} não devem ser iguais
BOM 2,Bom 2
BOM Comparison Tool,Ferramenta de comparação BOM
BOM Created,Bom criado
BOM Creator,BOM Creator
BOM Creator Item,Bom Creator Item
BOM Detail No,Detalhe nas bombas no
BOM Explorer,BOM Explorer
BOM Explosion Item,Item de explosão Bom
BOM ID,BOM ID
BOM Info,BOM Info
BOM Item,BOM Item
BOM Level,BOM Level
BOM No,BOM No
BOM No (For Semi-Finished Goods),Bom no (para produtos semi-acabados)
BOM No. for a Finished Good Item,Bom No. para um bom item acabado
BOM Operation,Operação BOM
BOM Operations Time,Tempo de operações nascentes
BOM Qty,Bom Qtty
BOM Rate,BOM Rate
BOM Scrap Item,Bom Scrap Item
BOM Search,Pesquisa BOM
BOM Stock Calculated,Bom Stock calculado
BOM Stock Report,Relatório da Bom Stock
BOM Tree,Bom Árvore
BOM UoM,BOM UoM
BOM Update Batch,Bom atualização em lote
BOM Update Initiated,Atualização BOM iniciada
BOM Update Log,Log de atualização do BOM
BOM Update Tool,Ferramenta de atualização do BOM
BOM Update Tool Log with job status maintained,Log da ferramenta de atualização do BOM com o status do trabalho mantido
BOM Updation already in progress. Please wait until {0} is complete.,"Atualização do BOM já em andamento. Por favor, aguarde até {0} estar concluído."
BOM Updation is queued and may take a few minutes. Check {0} for progress.,A atualização do BOM está na fila e pode levar alguns minutos. Verifique {0} para progresso.
BOM Variance Report,Relatório de variação da BOM
BOM Website Item,Bom Site Item
BOM Website Operation,Operação do site da BOM
BOM and Manufacturing Quantity are required,Bom e a quantidade de fabricação são necessárias
BOM and Production,Bom e produção
BOM does not contain any stock item,BOM não contém nenhum item de stock
BOM recursion: {0} cannot be child of {1},Recursão BOM: {0} não pode ser filho de {1}
BOM recursion: {1} cannot be parent or child of {0},Recursão BOM: {1} não pode ser pai ou filho de {0}
BOM {0} does not belong to Item {1},Bom {0} não pertence ao item {1}
BOM {0} must be active,Bom {0} deve estar ativo
BOM {0} must be submitted,Bom {0} deve ser enviado
BOM {0} not found for the item {1},Bom {0} não encontrado para o item {1}
BOMs Updated,BOMs atualizados
BOMs created successfully,BOMS criado com sucesso
BOMs creation failed,A criação do BOMS falhou
"BOMs creation has been enqueued, kindly check the status after some time","A criação do BOMS foi envolvida, verifique o status depois de algum tempo"
Backdated Stock Entry,Entrada de stock com atraso
Backflush Materials From WIP Warehouse,Materiais de backflush do wip warehouse
Backflush Raw Materials,Matérias -primas backflush
Backflush Raw Materials Based On,Matérias -primas backflush com base em
Backflush Raw Materials From Work-in-Progress Warehouse,Matérias-primas backflush do armazém de trabalho em andamento
Backflush Raw Materials of Subcontract Based On,Backflush Matérias -primas de subcontrato com base em
Balance,Equilíbrio
Balance (Dr - Cr),Balance (DR - CR)
Balance ({0}),Balance ({0})
Balance In Account Currency,Saldo na moeda da conta
Balance In Base Currency,Balança na moeda base
Balance Qty,Balance Qtd
Balance Qty (Stock),Balance Qty (stock)
Balance Serial No,Equilibre serial no
Balance Sheet,Balanço patrimonial
Balance Sheet Summary,Resumo do balanço
Balance Stock Qty,Balance de equilíbrio
Balance Stock Value,Valor do stock do equilíbrio
Balance Value,Valor do equilíbrio
Balance for Account {0} must always be {1},O saldo da conta {0} deve sempre ser {1}
Balance must be,O equilíbrio deve ser
Bank,Banco
Bank / Cash Account,Banco / conta em dinheiro
Bank A/C No.,Banco A/C Não.
Bank Account,Conta bancária
Bank Account Details,Detalhes da conta bancária
Bank Account Info,Informações da conta bancária
Bank Account No,Conta bancária não
Bank Account Subtype,Subtipo de conta bancária
Bank Account Type,Tipo de conta bancária
Bank Account {} in Bank Transaction {} is not matching with Bank Account {},Conta bancária {} na transação bancária {} não está correspondendo à conta bancária {}
Bank Accounts,Contas bancárias
Bank Balance,Saldo bancário
Bank Charges,Cobranças bancárias
Bank Charges Account,Conta de cobranças bancárias
Bank Clearance,Autorização bancária
Bank Clearance Detail,Detalhes de folga do banco
Bank Clearance Summary,Resumo da liberação bancária
Bank Credit Balance,Saldo de crédito bancário
Bank Details,Detalhes do banco
Bank Draft,Rascunho do banco
Bank Entry,Entrada bancária
Bank Guarantee,Garantia bancária
Bank Guarantee Number,Número de garantia bancária
Bank Guarantee Type,Tipo de garantia bancária
Bank Name,Nome do banco
Bank Overdraft Account,Conta de cheque especial bancário
Bank Reconciliation Statement,Declaração de reconciliação bancária
Bank Reconciliation Tool,Ferramenta de reconciliação bancária
Bank Statement Import,Importação do extrato bancário
Bank Statement balance as per General Ledger,"Saldo do extrato bancário, conforme o Ledger Geral"
Bank Transaction,Transação bancária
Bank Transaction Mapping,Mapeamento de transações bancárias
Bank Transaction Payments,Pagamentos de transações bancárias
Bank Transaction {0} Matched,Transação bancária {0} correspondente
Bank Transaction {0} added as Journal Entry,Transação bancária {0} adicionada como entrada do diário
Bank Transaction {0} added as Payment Entry,Transação bancária {0} adicionada como entrada de pagamento
Bank Transaction {0} is already fully reconciled,Transação bancária {0} já está totalmente reconciliada
Bank Transaction {0} updated,Transação bancária {0} atualizada
Bank account cannot be named as {0},A conta bancária não pode ser nomeada como {0}
Bank account {0} already exists and could not be created again,Conta bancária {0} já existe e não pôde ser criada novamente
Bank accounts added,Contas bancárias adicionadas
Bank transaction creation error,Erro de criação de transação bancária
Bank/Cash Account,Banco/conta em dinheiro
Bank/Cash Account {0} doesn't belong to company {1},Banco/conta em dinheiro {0} não pertence à empresa {1}
Banking,Bancário
Barcode,Código de barras
Barcode Type,Tipo de código de barras
Barcode {0} already used in Item {1},Código de barras {0} já usado no item {1}
Barcode {0} is not a valid {1} code,Código de barras {0} não é um código {1} válido
Barcodes,Códigos de barras
Base Amount,Quantidade base
Base Amount (Company Currency),Valor base (moeda da empresa)
Base Change Amount (Company Currency),Valor da mudança básica (moeda da empresa)
Base Cost Per Unit,Custo base por unidade
Base Hour Rate(Company Currency),Taxa de hora base (moeda da empresa)
Base Rate,Taxa básica
Base Tax Withholding Net Total,Total líquido de retenção de impostos básicos
Base Total,Total de base
Base Total Billable Amount,Valor total de faturamento básico
Base Total Billed Amount,Valor total de faturamento básico
Base Total Costing Amount,Valor de custo total de base
Base URL,URL base
Based On,Baseado em
Based On Data ( in years ),Com base em dados (em anos)
Based On Document,Com base no documento
Based On Payment Terms,Com base em condições de pagamento
Based On Price List,Com base na lista de preços
Based On Value,Com base no valor
"Based on your HR Policy, select your leave allocation period's end date","Com base na sua política de RH, selecione a data final do período de alocação de licença"
"Based on your HR Policy, select your leave allocation period's start date","Com base na sua política de RH, selecione a data de início do período de alocação de licença"
Basic Amount,Quantidade básica
Basic Amount (Company Currency),Valor básico (moeda da empresa)
Basic Rate (Company Currency),Taxa básica (moeda da empresa)
Basic Rate (as per Stock UOM),Taxa básica (conforme o stock UOM)
Batch,Lote
Batch Description,Descrição do lote
Batch Details,Detalhes do lote
Batch Expiry Date,Data de expiração em lote
Batch ID,ID do lote
Batch ID is mandatory,O ID do lote é obrigatório
Batch Item Expiry Status,Status de validade do item em lote
Batch No,Lote não
Batch No is mandatory,Lote não é obrigatório
Batch No {0} does not exists,Lote no {0} não existe
Batch No {0} is linked with Item {1} which has serial no. Please scan serial no instead.,"O lote não {0} está vinculado ao item {1} que possui serial no. Por favor, digitalize serial não."
"Batch No {0} is not present in the original {1} {2}, hence you can't return it against the {1} {2}","O lote não {0} não está presente no original {1} {2}, portanto, você não pode devolvê -lo contra o {1} {2}"
Batch No.,Lote No.
Batch Nos,Lote nos
Batch Nos are created successfully,O lote NOS é criado com sucesso
Batch Not Available for Return,Lote não disponível para devolução
Batch Number Series,Série de números em lote
Batch Qty,Qty em lote
Batch Quantity,Quantidade de lote
Batch Size,Tamanho do lote
Batch UOM,Lote uom
Batch and Serial No,Lote e serial não
Batch not created for item {} since it does not have a batch series.,"O lote não é criado para o item {}, pois não possui uma série em lote."
Batch {0} and Warehouse,Lote {0} e armazém
Batch {0} is not available in warehouse {1},O lote {0} não está disponível no armazém {1}
Batch {0} of Item {1} has expired.,O lote {0} do item {1} expirou.
Batch {0} of Item {1} is disabled.,O lote {0} do item {1} está desativado.
Batch-Wise Balance History,Histórico de equilíbrio em lote
Batchwise Valuation,Avaliação no sentido do sentido
Before reconciliation,Antes da reconciliação
Begin On (Days),Comece (dias)
Beginning of the current subscription period,Início do período atual de assinatura
Below Subscription Plans are of different currency to the party default billing currency/Company currency: {0},Os planos de assinatura abaixo são de moeda diferente da moeda de cobrança/empresa de cobrança/empresa da parte: {0}
Bill Date,Data da fatura
Bill No,Bill não
Bill for Rejected Quantity in Purchase Invoice,Bill por quantidade rejeitada na fatura de compra
Bill of Materials,Estrutura de produto
Billed,Cobrado
Billed Amount,Valor faturado
Billed Amt,AMT cobrado
Billed Items To Be Received,Itens faturados a serem recebidos
Billed Qty,Qty faturado
"Billed, Received & Returned","Cobrado, recebido e devolvido"
Billing Address,Endereço de Cobrança
Billing Address Details,Detalhes do endereço de cobrança
Billing Address Name,Nome do endereço de cobrança
Billing Address does not belong to the {0},O endereço de cobrança não pertence ao {0}
Billing Amount,Valor de cobrança
Billing City,Cidade do faturamento
Billing Country,País de cobrança
Billing County,Condado de Billing
Billing Currency,Moeda de cobrança
Billing Date,Data de cobrança
Billing Details,Detalhes de cobrança
Billing Email,Email de cobrança
Billing Hours,Horário de cobrança
Billing Interval,Intervalo de cobrança
Billing Interval Count,Contagem de intervalos de cobrança
Billing Interval Count cannot be less than 1,A contagem de intervalos de cobrança não pode ser menor que 1
Billing Interval in Subscription Plan must be Month to follow calendar months,O intervalo de cobrança no plano de assinatura deve ser o mês para seguir os meses do calendário
Billing Rate,Taxa de cobrança
Billing State,Estado de cobrança
Billing Status,Status de cobrança
Billing Zipcode,Código ZIP de cobrança
Billing currency must be equal to either default company's currency or party account currency,A moeda de cobrança deve ser igual à moeda da empresa padrão ou da moeda da conta da parte
Bin,BIN
Bin Qty Recalculated,Bin Qty recalculado
Bio / Cover Letter,Bio / carta de apresentação
Bisect Accounting Statements,Declarações contábeis Bisect
Bisect Left,Bisect esquerdo
Bisect Nodes,Nós bissect
Bisect Right,Bisect certo
Bisecting From,Bissecting de
Bisecting Left ...,Esquerctando a esquerda ...
Bisecting Right ...,BISECTING DIREITO ...
Bisecting To,BISECTING para
Black,Preto
Blanket Order,Ordem geral
Blanket Order Allowance (%),Subsídio de pedido geral (%)
Blanket Order Item,Item de pedido geral
Blanket Order Rate,Taxa de pedidos gerais
Block Invoice,Bloquear a fatura
Block Supplier,Bloco fornecedor
Blog Subscriber,Assinante do blog
Blood Group,Grupo sanguíneo
Blue,Azul
Body,Corpo
Body Text,Texto corporal
Body and Closing Text Help,Ajuda do corpo e de fechamento de texto
Bom No,Bom No
Book Advance Payments as Liability option is chosen. Paid From account changed from {0} to {1}.,Reserve os pagamentos antecipados como opção de responsabilidade é escolhida. Pago da conta alterada de {0} para {1}.
Book Advance Payments in Separate Party Account,Reserve pagamentos antecipados em conta de parte separada
Book Appointment,Nomeação do livro
Book Asset Depreciation Entry Automatically,Reserva a entrada de depreciação de ativos automaticamente
Book Deferred Entries Based On,Entradas diferidas de livro com base em
Book Deferred Entries Via Journal Entry,Entradas diferidas de livro via diário de entrada
Book Tax Loss on Early Payment Discount,Livro de perda de imposto sobre desconto de pagamento antecipado
Book an appointment,Marque uma consulta
Booked,Reservado
Booked Fixed Asset,Ativo fixo reservado
Booking stock value across multiple accounts will make it harder to track stock and account value.,A reserva de valor das ações em várias contas dificultará a rastrear o valor das ações e da conta.
Books have been closed till the period ending on {0},Os livros foram fechados até o período que terminou em {0}
Both,Ambos
Both Payable Account: {0} and Advance Account: {1} must be of same currency for company: {2},Ambas a conta a pagar: {0} e a conta antecipada: {1} devem ser da mesma moeda para a empresa: {2}
Both Receivable Account: {0} and Advance Account: {1} must be of same currency for company: {2},Ambas as contas a receber: {0} e a conta antecipada: {1} devem ser da mesma moeda para a empresa: {2}
Both Trial Period Start Date and Trial Period End Date must be set,A data de início do período do período do teste e o período de término do período deve ser definido
Both {0} Account: {1} and Advance Account: {2} must be of same currency for company: {3},Ambos {0} conta: {1} e a conta avançada: {2} devem ser da mesma moeda para a empresa: {3}
Branch,Filial
Branch Code,Código da ramificação
Brand,Marca
Brand Defaults,Padrões de marca
Brand Name,Nome da marca
Breakdown,Discriminação
Browse BOM,Navegue nasceu
Btn Hailes,BTN HAILES
Budget,Orçamento
Budget Account,Conta orçamentária
Budget Accounts,Contas de orçamento
Budget Against,Orçamento contra
Budget Amount,Valor do orçamento
Budget Detail,Detalhes do orçamento
Budget Exceeded,Orçamento excedido
Budget List,Lista de orçamento
Budget Variance Report,Relatório de variação do orçamento
Budget cannot be assigned against Group Account {0},O orçamento não pode ser atribuído contra a conta do grupo {0}
"Budget cannot be assigned against {0}, as it's not an Income or Expense account","O orçamento não pode ser atribuído contra {0}, pois não é uma conta de receita ou despesa"
Budgets,Orçamentos
Buffered Cursor,Cursor em buffer
Build All?,Construir tudo?
Build Tree,Construir árvore
Buildable Qty,Qtdy construtável
Buildings,Edifícios
Bulk Rename Jobs,Renomear em massa empregos
Bulk Transaction,Transação a granel
Bulk Transaction Log,Log de transações em massa
Bulk Transaction Log Detail,Detalhes do log de transações em massa
Bundle Items,Itens de pacote
Bundle Qty,Qtdy de pacote
Busy,Ocupado
Buy,Comprar
Buyer of Goods and Services.,Comprador de bens e serviços.
Buying,Compras
Buying & Selling Settings,Compra e venda de configurações
Buying Amount,Valor de compra
Buying Price List,Lista de preços de compra
Buying Rate,Taxa de compra
Buying Settings,Configurações de compra
Buying and Selling,Compra e venda
"Buying must be checked, if Applicable For is selected as {0}","A compra deve ser verificada, se aplicável, é selecionado como {0}"
"By default, the Supplier Name is set as per the Supplier Name entered. If you want Suppliers to be named by a <a href='https://docs.erpnext.com/docs/user/manual/en/setting-up/settings/naming-series' target='_blank'>Naming Series</a> choose the 'Naming Series' option.","Por padrão, o nome do fornecedor é definido conforme o nome do fornecedor inserido. Se você deseja que os fornecedores sejam nomeados por <a href = 'https: //docs.erpnext.com/docs/user/manual/en/setting-up/settings/naming-series' Target = '_ Blank'> Naming Series </a> Escolha a opção 'Nomeing Series'."
Bypass Credit Limit Check at Sales Order,Itimparpin Credit Limit Check no pedido de vendas
Bypass credit check at Sales Order,Bypass Credit Check no pedido de vendas
CANCELLED,CANCELADO
CBAL-.#####,Cbal -. #####
CC,Cc
CC To,Cc para
CODE-39,Código-39
COGS By Item Group,Cogs por grupo de itens
COGS Debit,Débito de engrenagem
CRM,CRM
CRM Note,Nota do CRM
CRM Settings,Configurações de CRM
CRM-LEAD-.YYYY.-,CRM-LEAD-.YYY.-
CRM-OPP-.YYYY.-,Crm-up -.yyyy.-
CUST-.YYYY.-,Cust-.yyyy.-
CWIP Account,Conta CWIP
Calculate Based On,Calcular baseado em
Calculate Depreciation,Calcular a depreciação
Calculate Estimated Arrival Times,Calcule os tempos estimados de chegada
Calculate Product Bundle Price based on Child Items' Rates,Calcule o preço do pacote de produtos com base nas taxas de itens infantis
Calculate daily depreciation using total days in depreciation period,Calcule a depreciação diária usando dias totais no período de depreciação
Calculated Bank Statement balance,Saldo do extrato bancário calculado
Calculations,Cálculos
Calendar Event,Evento do calendário
Calibration,Calibração
Call Again,Ligue novamente
Call Connected,Chamada conectada
Call Details,Detalhes da chamada
Call Duration in seconds,Duração de chamada em segundos
Call Ended,A chamada acabou
Call Handling Schedule,Cronograma de manuseio de chamadas
Call Log,Log de chamada
Call Missed,Ligue para perdido
Call Received By,Ligue recebido por
Call Receiving Device,Dispositivo de recebimento de chamada
Call Routing,Chamada de roteamento
Call Schedule Row {0}: To time slot should always be ahead of From time slot.,Linha de chamada Linha {0}: O slot de tempo deve estar sempre à frente do slot do tempo.
Call Summary,Ligue para o resumo
Call Summary Saved,Ligue para o resumo salvo
Call Type,Tipo de chamada
Callback,Ligar de volta
Campaign,Campanha
Campaign Efficiency,Eficiência da campanha
Campaign Email Schedule,Cronograma de e-mail da campanha
Campaign Item,Item de campanha
Campaign Name,Nome da campanha
Campaign Naming By,Campanha nomeando por
Campaign Schedules,Horários de campanha
Can be approved by {0},Pode ser aprovado por {0}
Can not close Work Order. Since {0} Job Cards are in Work In Progress state.,Não pode fechar a ordem de serviço. Como {0} cartões de trabalho estão em andamento em andamento.
"Can not filter based on Cashier, if grouped by Cashier","Não pode filtrar com base no caixa, se agrupado por caixa"
"Can not filter based on Child Account, if grouped by Account","Não pode filtrar com base na conta infantil, se agrupada por conta"
"Can not filter based on Customer, if grouped by Customer","Não pode filtrar com base no cliente, se agrupado pelo cliente"
"Can not filter based on POS Profile, if grouped by POS Profile","Não pode filtrar com base no perfil de POS, se agrupado pelo perfil de POS"
"Can not filter based on Payment Method, if grouped by Payment Method","Não pode filtrar com base no método de pagamento, se agrupado por método de pagamento"
"Can not filter based on Voucher No, if grouped by Voucher","Não pode filtrar com base no voucher não, se agrupado por voucher"
Can only make payment against unbilled {0},Só pode efetuar pagamento contra {0}
Can refer row only if the charge type is 'On Previous Row Amount' or 'Previous Row Total',Pode consultar a linha apenas se o tipo de cobrança estiver 'no valor da linha anterior' ou 'total de linha anterior'
"Can't change the valuation method, as there are transactions against some items which do not have its own valuation method","Não é possível alterar o método de avaliação, pois existem transações contra alguns itens que não têm seu próprio método de avaliação"
Cancel,Cancelar
Cancel At End Of Period,Cancelar no final do período
Cancel Material Visit {0} before cancelling this Warranty Claim,Cancelar o material visite {0} antes de cancelar esta reivindicação de garantia
Cancel Material Visits {0} before cancelling this Maintenance Visit,Cancelar visitas ao material {0} antes de cancelar esta visita de manutenção
Cancel Subscription,Cancelar assinatura
Cancel Subscription After Grace Period,Cancelar assinatura após o período de carência
Cancelation Date,Data de cancelamento
Canceled,Cancelado
Cancelled,Cancelado
Cannot Calculate Arrival Time as Driver Address is Missing.,"Não é possível calcular o tempo de chegada, pois o endereço do driver está ausente."
Cannot Create Return,Não pode criar retorno
Cannot Merge,Não pode se fundir
Cannot Optimize Route as Driver Address is Missing.,Não é possível otimizar a rota como falta de endereço do driver.
Cannot Relieve Employee,Não pode aliviar o funcionário
Cannot Resubmit Ledger entries for vouchers in Closed fiscal year.,Não pode reenviar entradas do livro para comprovantes no ano fiscal fechado.
"Cannot amend {0} {1}, please create a new one instead.","Não é possível alterar {0} {1}, crie um novo."
Cannot apply TDS against multiple parties in one entry,Não pode aplicar TDs contra várias partes em uma entrada
Cannot be a fixed asset item as Stock Ledger is created.,"Não pode ser um item de ativo fixo, pois o livro de ações é criado."
Cannot cancel as processing of cancelled documents is pending.,Não é possível cancelar como o processamento de documentos cancelados está pendente.
Cannot cancel because submitted Stock Entry {0} exists,Não é possível cancelar porque a entrada de stock enviada {0} existe
Cannot cancel the transaction. Reposting of item valuation on submission is not completed yet.,Não pode cancelar a transação. A reposição da avaliação de itens no envio ainda não foi concluída.
Cannot cancel this document as it is linked with the submitted asset {asset_link}. Please cancel the asset to continue.,"Não é possível cancelar este documento, pois ele está vinculado ao ativo enviado {Asset_link}. Cancele o ativo para continuar."
Cannot cancel transaction for Completed Work Order.,Não é possível cancelar a transação para a ordem de serviço concluída.
Cannot change Attributes after stock transaction. Make a new Item and transfer stock to the new Item,Não é possível alterar atributos após a transação de stock. Faça um novo item e transfira o stock para o novo item
Cannot change Fiscal Year Start Date and Fiscal Year End Date once the Fiscal Year is saved.,Não pode mudar a data de início do ano fiscal e o final do ano fiscal quando o ano fiscal for salvo.
Cannot change Reference Document Type.,Não é possível alterar o tipo de documento de referência.
Cannot change Service Stop Date for item in row {0},Não é possível alterar a data de parada do serviço para o item na linha {0}
Cannot change Variant properties after stock transaction. You will have to make a new Item to do this.,Não é possível alterar as propriedades da variante após a transação de stock. Você terá que fazer um novo item para fazer isso.
"Cannot change company's default currency, because there are existing transactions. Transactions must be cancelled to change the default currency.","Não é possível alterar a moeda padrão da empresa, porque existem transações existentes. As transações devem ser canceladas para alterar a moeda padrão."
Cannot complete task {0} as its dependant task {1} are not completed / cancelled.,Não é possível concluir a tarefa {0} como sua tarefa dependente {1} não é concluída / cancelada.
Cannot convert Cost Center to ledger as it has child nodes,"Não é possível converter o centro de custo em Ledger, pois possui nós filhos"
Cannot convert Task to non-group because the following child Tasks exist: {0}.,Não é possível converter tarefa em não grupo porque existem as seguintes tarefas da criança: {0}.
Cannot convert to Group because Account Type is selected.,Não é possível converter em grupo porque o tipo de conta é selecionado.
Cannot covert to Group because Account Type is selected.,Não é possível encobrir o grupo porque o tipo de conta é selecionado.
Cannot create Stock Reservation Entries for future dated Purchase Receipts.,Não é possível criar entradas de reserva de stock para futuros recibos de compra com datadas.
Cannot create a pick list for Sales Order {0} because it has reserved stock. Please unreserve the stock in order to create a pick list.,"Não é possível criar uma lista de escolhas para a ordem de vendas {0} porque possui stock reservado. Por favor, não avalie o stock para criar uma lista de escolhas."
Cannot create accounting entries against disabled accounts: {0},Não é possível criar entradas contábeis contra contas desativadas: {0}
Cannot create return for consolidated invoice {0}.,Não é possível criar retorno para a fatura consolidada {0}.
Cannot deactivate or cancel BOM as it is linked with other BOMs,"Não pode desativar ou cancelar o BOM, pois está vinculado a outros BOMs"
"Cannot declare as lost, because Quotation has been made.","Não pode declarar como perdido, porque a citação foi feita."
Cannot deduct when category is for 'Valuation' or 'Valuation and Total',Não pode deduzir quando a categoria é para 'avaliação' ou 'avaliação e total'
Cannot delete Exchange Gain/Loss row,Não é possível excluir a linha de ganho/perda de troca
"Cannot delete Serial No {0}, as it is used in stock transactions","Não é possível excluir o número serial {0}, pois é usado em transações de stock"
Cannot enqueue multi docs for one company. {0} is already queued/running for company: {1},Não é possível envolver multi -documentos para uma empresa. {0} já está na fila/em execução para a empresa: {1}
Cannot ensure delivery by Serial No as Item {0} is added with and without Ensure Delivery by Serial No.,Não é possível garantir a entrega por serial não como o item {0} é adicionado com e sem garantir a entrega por número de série nº
Cannot find Item with this Barcode,Não consigo encontrar o item com este código de barras
Cannot find a default warehouse for item {0}. Please set one in the Item Master or in Stock Settings.,Não é possível encontrar um armazém padrão para o item {0}. Defina um no mestre do item ou nas configurações de stock.
Cannot make any transactions until the deletion job is completed,Não pode fazer transações até que o trabalho de exclusão seja concluído
"Cannot overbill for Item {0} in row {1} more than {2}. To allow over-billing, please set allowance in Accounts Settings","Não é possível exagerar no item {0} na linha {1} mais que {2}. Para permitir o excesso de faturamento, defina o subsídio nas configurações de contas"
Cannot produce more Item {0} than Sales Order quantity {1},Não é possível produzir mais item {0} do que a quantidade de pedidos de vendas {1}
Cannot produce more item for {0},Não é possível produzir mais item para {0}
Cannot produce more than {0} items for {1},Não é possível produzir mais do que {0} itens para {1}
Cannot receive from customer against negative outstanding,Não pode receber do cliente contra negativo em circulação
Cannot refer row number greater than or equal to current row number for this Charge type,Não pode consultar o número da linha maior ou igual ao número da linha atual para este tipo de carga
Cannot retrieve link token for update. Check Error Log for more information,Não é possível recuperar o token de link para atualização. Verifique o log de erros para obter mais informações
Cannot retrieve link token. Check Error Log for more information,Não é possível recuperar o token de link. Verifique o log de erros para obter mais informações
Cannot select charge type as 'On Previous Row Amount' or 'On Previous Row Total' for first row,Não é possível selecionar o tipo de cobrança como 'no valor da linha anterior' ou 'no total de linha anterior' para a primeira linha
Cannot set as Lost as Sales Order is made.,Não pode ser definido tão perdido quanto a ordem de vendas.
Cannot set authorization on basis of Discount for {0},Não é possível definir a autorização com base no desconto para {0}
Cannot set multiple Item Defaults for a company.,Não é possível definir vários padrões de itens para uma empresa.
Cannot set quantity less than delivered quantity,Não pode definir quantidade menor que a quantidade entregue
Cannot set quantity less than received quantity,Não pode definir quantidade menor que a quantidade recebida
Cannot set the field <b>{0}</b> for copying in variants,Não é possível definir o campo <b> {0} </b> para copiar em variantes
Cannot {0} from {1} without any negative outstanding invoice,Não é possível {0} de {1} sem qualquer fatura pendente negativa
Canonical URI,Uri canônico
Capacity,Capacidade
Capacity (Stock UOM),Capacidade (Stock UOM)
Capacity Planning,Planejamento de capacidade
"Capacity Planning Error, planned start time can not be same as end time","Erro de planejamento de capacidade, o horário de início planejado não pode ser o mesmo que o horário de término"
Capacity Planning For (Days),Planejamento de capacidade para (dias)
Capacity in Stock UOM,Capacidade em stock uom
Capacity must be greater than 0,A capacidade deve ser maior que 0
Capital Equipment,Equipamento de capital
Capital Stock,Capital social
Capital Work In Progress Account,Conta de trabalho de capital em andamento
Capital Work in Progress,Trabalho de capital em andamento
Capitalization Method,Método de capitalização
Capitalize Asset,Capitalizar ativo
Capitalize Repair Cost,Capitalize o custo de reparo
Capitalized,Capitalizado
Carrier,Operadora
Carrier Service,Serviço de transportadora
Carry Forward Communication and Comments,Leve a comunicação e comentários para a frente
Cash,Dinheiro
Cash Entry,Entrada em dinheiro
Cash Flow,Fluxo de caixa
Cash Flow Statement,Declaração de fluxo de caixa
Cash Flow from Financing,Fluxo de caixa do financiamento
Cash Flow from Investing,Fluxo de caixa do investimento
Cash Flow from Operations,Fluxo de caixa das operações
Cash In Hand,Dinheiro na mão
Cash or Bank Account is mandatory for making payment entry,Dinheiro ou conta bancária é obrigatória para fazer a entrada de pagamento
Cash/Bank Account,Caixa/conta bancária
Cashier,Caixa
Cashier Closing,Fechamento de caixa
Cashier Closing Payments,Pagamentos de fechamento de caixa
Catalog,Catálogo
Catalogo,Catálogo
Catch All,Pegue tudo
Categorize By,Categorizar por
Categorize by,Categorizar por
Categorize by Account,Categorizar por conta
Categorize by Item,Categorizar por item
Categorize by Party,Categorizar por parte
Categorize by Supplier,Categorizar por fornecedor
Categorize by Voucher,Categorize por voucher
Categorize by Voucher (Consolidated),Categorizar por voucher (consolidado)
Category,Categoria
Category Details,Detalhes da categoria
Category Name,Nome da categoria
Category-wise Asset Value,Valor do ativo em termos de categoria
Caution,Cuidado
Caution: This might alter frozen accounts.,CUIDADO: Isso pode alterar as contas congeladas.
Cell Range,Faixa celular
Cellphone Number,Número do celular
Certificate,Certificado
Certificate Details,Detalhes do certificado
Certificate Limit,Limite de certificado
Certificate No,Certificado no
Certificate Required,Certificado necessário
Change Amount,Quantidade de alteração
Change Release Date,Data de liberação de alteração
Change in Stock Value,Mudança no valor do stock
Change the account type to Receivable or select a different account.,Altere o tipo de conta para receber ou selecione uma conta diferente.
Change this date manually to setup the next synchronization start date,Altere esta data manualmente para configurar a próxima data de início da sincronização
Changed customer name to '{}' as '{}' already exists.,O nome do cliente alterado para '{}' como '{}' já existe.
Changes,Mudanças
Changes in {0},Alterações em {0}
Changing Customer Group for the selected Customer is not allowed.,A alteração do grupo de clientes para o cliente selecionada não é permitida.
"Changing the valuation method to Moving Average will affect new transactions. If backdated entries are added, earlier FIFO-based entries will be reposted, which may change closing balances.","Alterar o método de avaliação para a média móvel afetará novas transações. Se forem adicionadas entradas com retrocesso, as entradas anteriores baseadas em FIFO serão reoscadas, o que pode alterar os saldos de fechamento."
Channel Partner,Parceiro de canal
Charge of type 'Actual' in row {0} cannot be included in Item Rate or Paid Amount,A cobrança do tipo 'real' na linha {0} não pode ser incluída na taxa de item ou valor pago
Chargeable,Cobrável
Charges Incurred,Acusações incorridas
Charges are updated in Purchase Receipt against each item,As cobranças são atualizadas no recibo de compra contra cada item
"Charges will be distributed proportionately based on item qty or amount, as per your selection","As cobranças serão distribuídas proporcionalmente com base na Qtd ou quantidade de itens, conforme sua seleção"
Chart,Gráfico
Chart Of Accounts,Gráfico de contas
Chart Of Accounts Template,Modelo do gráfico de contas
Chart Preview,Visualização do gráfico
Chart Tree,Árvore do gráfico
Chart of Accounts,Gráfico de contas
Chart of Accounts Importer,Gráfico de contas importador
Chart of Cost Centers,Gráfico de centros de custo
Charts Based On,Gráficos baseados em
Chassis No,Chassi não
Chat,Bater papo
Check Supplier Invoice Number Uniqueness,Verifique o número da fatura do fornecedor exclusivo
Check if it is a hydroponic unit,Verifique se é uma unidade hidropônica
Check if material transfer entry is not required,Verifique se a entrada de transferência de material não é necessária
Check in (group),Check -in (Grupo)
Check this to disallow fractions. (for Nos),Verifique isso para proibir frações. (para nos)
Checked On,Verificado
Checking this will round off the tax amount to the nearest integer,Verificando isso vai completar o valor do imposto para o número inteiro mais próximo
Checkout,Confira
Checkout Order / Submit Order / New Order,Ordem de check -out / pedido de envio / novo pedido
Cheque,Verificar
Cheque Date,Verifique a data
Cheque Height,Verifique a altura
Cheque Number,Verifique o número
Cheque Print Template,Verifique o modelo de impressão
Cheque Size,Tamanho da verificação
Cheque Width,Verifique a largura
Cheque/Reference Date,Data de verificação/referência
Cheque/Reference No,Verifique/referência no
Cheques Required,Verificações necessárias
Cheques and Deposits Incorrectly cleared,Cheques e depósitos limpos incorretamente
Cheques and Deposits incorrectly cleared,Cheques e depósitos limpos incorretamente
Child Docname,Child Docname
Child Row Reference,Referência de fila de crianças
Child Task exists for this Task. You can not delete this Task.,A tarefa de criança existe para esta tarefa. Você não pode excluir esta tarefa.
Child nodes can be only created under 'Group' type nodes,Os nós filhos podem ser criados apenas em nós do tipo 'grupo'
Child warehouse exists for this warehouse. You can not delete this warehouse.,Existe um armazém infantil para este armazém. Você não pode excluir este armazém.
Choose a WIP composite asset,Escolha um ativo composto de WIP
Circular Reference Error,Erro de referência circular
City,Cidade
Class / Percentage,Classe / porcentagem
Classification of Customers by region,Classificação de clientes por região
Clauses and Conditions,Cláusulas e condições
Clear,Claro
Clear Demo Data,Dados de demonstração clara
Clear Notifications,Notificações claras
Clear Table,Tabela limpa
Clearance Date,Data de folga
Clearance Date not mentioned,Data de folga não mencionada
Clearance Date updated,Data de folga atualizada
Clearing Demo Data...,Dados de demonstração de limpeza ...
Click on 'Get Finished Goods for Manufacture' to fetch the items from the above Sales Orders. Items only for which a BOM is present will be fetched.,Clique em 'Termo mercadorias para fabricar' para buscar os itens dos pedidos de vendas acima. Os itens apenas para os quais uma nascimento está presente serão buscados.
Click on Add to Holidays. This will populate the holidays table with all the dates that fall on the selected weekly off. Repeat the process for populating the dates for all your weekly holidays,Clique em Adicionar aos feriados. Isso preencherá a tabela de férias com todas as datas que caem no semanalmente selecionado. Repita o processo para preencher as datas para todas as suas férias semanais
Click on Get Sales Orders to fetch sales orders based on the above filters.,Clique em obter pedidos de vendas para buscar pedidos de vendas com base nos filtros acima.
Click on Import Invoices button once the zip file has been attached to the document. Any errors related to processing will be shown in the Error Log.,Clique no botão Importar faturas assim que o arquivo zip for anexado ao documento. Quaisquer erros relacionados ao processamento serão mostrados no log de erros.
Click on the link below to verify your email and confirm the appointment,Clique no link abaixo para verificar seu e-mail e confirmar a consulta
Click to add email / phone,Clique para adicionar email / telefone
Client,Cliente
Close,Fechar
Close Issue After Days,Problema fechado depois de dias
Close Loan,Empréstimo fechado
Close Replied Opportunity After Days,Fechar a oportunidade depois de dias
Close the POS,Feche o POS
Closed,Fechado
Closed Document,Documento fechado
Closed Documents,Documentos fechados
Closed Work Order can not be stopped or Re-opened,A ordem de serviço fechada não pode ser interrompida ou reaberta
Closed order cannot be cancelled. Unclose to cancel.,A ordem fechada não pode ser cancelada. Desligar para cancelar.
Closing,Fechamento
Closing (Cr),Fechamento (CR)
Closing (Dr),Fechamento (dr)
Closing (Opening + Total),Fechamento (abertura + total)
Closing Account Head,Cabeça de conta de fechamento
Closing Account {0} must be of type Liability / Equity,A conta de fechamento {0} deve ser da responsabilidade / patrimônio líquido
Closing Amount,Quantidade de fechamento
Closing Balance,Equilíbrio de fechamento
Closing Balance as per Bank Statement,Balanço de fechamento conforme o extrato bancário
Closing Balance as per ERP,Balanço de fechamento conforme ERP
Closing Date,Data de fechamento
Closing Text,Texto de fechamento
Closing [Opening + Total] ,Fechando [Abertura + Total]
Code,Código
Code List,Lista de códigos
Collapse All,Desmaiar tudo
Collect Progress,Coletar progresso
Collection Factor (=1 LP),Fator de coleta (= 1 lp)
Collection Rules,Regras de coleta
Collection Tier,Nível de coleção
Color,Cor
Colour,Cor
Column in Bank File,Coluna no arquivo bancário
Column {0},Coluna {0}
Columns are not according to template. Please compare the uploaded file with standard template,As colunas não estão de acordo com o modelo. Compare o arquivo carregado com o modelo padrão
Combined invoice portion must equal 100%,A porção de fatura combinada deve ser igual a 100%
Comments,Comentários
Commercial,Comercial
Commission,Comissão
Commission Rate,Taxa de comissão
Commission Rate %,Taxa de comissão %
Commission Rate (%),Taxa de comissão (%)
Commission on Sales,Comissão de Vendas
Common Code,Código comum
Communication,Comunicação
Communication Channel,Canal de comunicação
Communication Medium,Meio de comunicação
Communication Medium Timeslot,Comunicação de tempo médio
Communication Medium Type,Tipo médio de comunicação
Compact Item Print,Impressão de item compacto
Companies,Empresas
Company,Empresa
Company Abbreviation,Abreviação da empresa
Company Abbreviation cannot have more than 5 characters,A abreviação da empresa não pode ter mais de 5 caracteres
Company Account,Conta da empresa
Company Address,Endereço da empresa
Company Address Display,Exibição de endereço da empresa
Company Address Name,Nome do endereço da empresa
Company Bank Account,Conta bancária da empresa
Company Billing Address,Endereço de cobrança da empresa
Company Contact Person,Pessoa de contato da empresa
Company Description,Descrição da empresa
Company Details,Detalhes da empresa
Company Email,Email da empresa
Company Logo,Logotipo da empresa
Company Name,nome da empresa
Company Name cannot be Company,O nome da empresa não pode ser empresa
Company Not Linked,Empresa não vinculada
Company Shipping Address,Endereço de entrega da empresa
Company Tax ID,Id ID da empresa
Company and Posting Date is mandatory,A data da empresa e a postagem é obrigatória
Company currencies of both the companies should match for Inter Company Transactions.,As moedas da empresa de ambas as empresas devem corresponder às transações entre empresas.
Company field is required,O campo da empresa é necessário
Company is mandatory,Empresa é obrigatória
Company is mandatory for company account,A empresa é obrigatória para a conta da empresa
Company is mandatory for generating an invoice. Please set a default company in Global Defaults.,A empresa é obrigatória para gerar uma fatura. Defina uma empresa padrão em padrões globais.
Company name not same,Nome da empresa não é o mesmo
Company of asset {0} and purchase document {1} doesn't matches.,A empresa de ativo {0} e o documento de compra {1} não corresponde.
Company registration numbers for your reference. Tax numbers etc.,Números de registro da empresa para sua referência. Números de impostos etc.
Company which internal customer represents,Empresa que cliente interno representa
Company which internal customer represents.,Empresa que cliente interno representa.
Company which internal supplier represents,Empresa que fornecedor interno representa
Company {0} added multiple times,Empresa {0} adicionada várias vezes
Company {0} does not exist,Empresa {0} não existe
Company {0} is added more than once,A empresa {0} é adicionada mais de uma vez
Company {} does not exist yet. Taxes setup aborted.,A empresa {} ainda não existe. Configuração de impostos abortada.
Company {} does not match with POS Profile Company {},Empresa {} não corresponde à empresa de perfil POS {}
Competitor,Concorrente
Competitor Detail,Detalhes do concorrente
Competitor Name,Nome do concorrente
Competitors,Concorrentes
Complete,Completo
Complete Job,Trabalho completo
Complete Order,Pedido completo
Completed,Concluído
Completed By,Concluído por
Completed On,Concluído em
Completed On cannot be greater than Today,Concluído em que não pode ser maior do que hoje
Completed Operation,Operação concluída
Completed Qty,Qtdy concluído
Completed Qty cannot be greater than 'Qty to Manufacture',Qty concluído não pode ser maior que 'qty para fabricar'
Completed Quantity,Quantidade completa
Completed Tasks,Tarefas concluídas
Completed Time,Tempo concluído
Completed Work Orders,Ordens de serviço concluídas
Completion,Conclusão
Completion By,Conclusão por
Completion Date,Data de conclusão
Completion Date can not be before Failure Date. Please adjust the dates accordingly.,A data de conclusão não pode ser antes da data de falha. Ajuste as datas de acordo.
Completion Status,Status de conclusão
Comprehensive Insurance,Seguro abrangente
Computer,Computador
Condition,Condição
Conditional Rule,Regra condicional
Conditional Rule Examples,Exemplos de regras condicionais
Conditions will be applied on all the selected items combined. ,As condições serão aplicadas em todos os itens selecionados combinados.
Configuration,Configuração
Configure Product Assembly,Configure a montagem do produto
Configure the action to stop the transaction or just warn if the same rate is not maintained.,Configure a ação para interromper a transação ou apenas avisar se a mesma taxa não for mantida.
Configure the default Price List when creating a new Purchase transaction. Item prices will be fetched from this Price List.,Configure a lista de preços padrão ao criar uma nova transação de compra. Os preços dos itens serão buscados nesta lista de preços.
Confirmation Date,Data de confirmação
Connections,Conexões
Consider Accounting Dimensions,Considere dimensões contábeis
Consider Entire Party Ledger Amount,Considere o valor do razão inteiro
Consider Minimum Order Qty,Considere o pedido mínimo de pedido
Consider Projected Qty in Calculation,Considere Qtdia projetada no cálculo
Consider Projected Qty in Calculation (RM),Considere o Qtdy projetado em cálculo (RM)
Consider Rejected Warehouses,Considere armazéns rejeitados
Consider Tax or Charge for,Considere imposto ou acusação para
Considered In Paid Amount,Considerado no valor pago
Consolidate Sales Order Items,Consolidar itens de pedidos de vendas
Consolidate Sub Assembly Items,Consolidar itens de submarração
Consolidated,Consolidado
Consolidated Credit Note,Nota de crédito consolidado
Consolidated Financial Statement,Demonstração financeira consolidada
Consolidated Sales Invoice,Fatura de vendas consolidada
Consultant,Consultor
Consumable,Consumível
Consumable Cost,Custo consumível
Consumed,Consumido
Consumed Amount,Quantidade consumida
Consumed Asset Total Value,Valor total de ativos consumidos
Consumed Assets,Ativos consumidos
Consumed Items,Itens consumidos
Consumed Items Cost,Itens consumidos custam
Consumed Qty,Qty consumido
Consumed Qty cannot be greater than Reserved Qty for item {0},Qty consumido não pode ser maior que a Qtd para o item {0}
Consumed Quantity,Quantidade consumida
Consumed Stock Items,Itens de stock consumidos
Consumed Stock Items or Consumed Asset Items are mandatory for creating new composite asset,Itens de stock consumidos ou itens de ativo consumidos são obrigatórios para criar um novo ativo composto
"Consumed Stock Items, Consumed Asset Items or Consumed Service Items is mandatory for Capitalization","Itens de stock consumidos, itens de ativo consumidos ou itens de serviço consumidos são obrigatórios para capitalização"
Consumed Stock Total Value,Valor total de stock consumido
Consumption Rate,Taxa de consumo
Contact,Contato
Contact Desc,Entre em contato com Desc
Contact Details,Detalhes de contato
Contact Email,Entre em contato com o email
Contact HTML,Entre em contato com HTML
Contact Info,Informações de contato
Contact Information,Informações de contato
Contact List,Lista de contatos
Contact Mobile,Entre em contato com o celular
Contact Mobile No,Entre em contato com o celular no
Contact Name,Nome do contato
Contact No.,Nº de contato
Contact Person,Pessoa de contato
Contact Person does not belong to the {0},A pessoa de contato não pertence ao {0}
Contact: ,Contato:
Contacts,Contatos
Content,Contente
Content Type,Tipo de conteúdo
Continue,Continuar
Contra Entry,Contra entrada
Contract,Contrato
Contract Details,Detalhes do contrato
Contract End Date,Data de término do contrato
Contract Fulfilment Checklist,Lista de verificação de atendimento ao contrato
Contract Period,Período do contrato
Contract Template,Modelo de contrato
Contract Template Fulfilment Terms,Termos de atendimento ao modelo de contrato
Contract Template Help,Modelo de contrato ajuda
Contract Terms,Termos do contrato
Contract Terms and Conditions,Termos e condições do contrato
Contribution %,% De contribuição
Contribution (%),Contribuição (%)
Contribution Amount,Valor da contribuição
Contribution Qty,Qty de contribuição
Contribution to Net Total,Contribuição para o total líquido
Control Action,Ação de controle
Control Historical Stock Transactions,Controlar transações históricas de stock
Conversion Factor,Fator de conversão
Conversion Rate,Taxa de conversão
Conversion factor for default Unit of Measure must be 1 in row {0},O fator de conversão para a unidade de medida padrão deve ser 1 na linha {0}
Conversion factor for item {0} has been reset to 1.0 as the uom {1} is same as stock uom {2}.,"O fator de conversão para o item {0} foi redefinido para 1.0, pois o UOM {1} é o mesmo que o Stock UOM {2}."
Conversion rate cannot be 0,A taxa de conversão não pode ser 0
"Conversion rate is 1.00, but document currency is different from company currency","A taxa de conversão é de 1,00, mas a moeda do documento é diferente da moeda da empresa"
Conversion rate must be 1.00 if document currency is same as company currency,"A taxa de conversão deve ser de 1,00 se a moeda do documento for a mesma que a moeda da empresa"
Convert Item Description to Clean HTML in Transactions,Converter Item Descrição para limpar HTML em transações
Convert to Group,Converter em grupo
Convert to Item Based Reposting,Converter em reposicionamento baseado em itens
Convert to Ledger,Converter para o Ledger
Convert to Non-Group,Converter em não grupo
Converted,Convertido
Copied From,Copiado de
Copy Fields to Variant,Copiar campos para variantes
Corrective,Corretivo
Corrective Action,Ação corretiva
Corrective Job Card,Cartão de trabalho corretivo
Corrective Operation,Operação corretiva
Corrective Operation Cost,Custo de operação corretiva
Corrective/Preventive,Corretivo/preventivo
Cost,Custo
Cost Center,Centro de custo
Cost Center Allocation,Alocação no centro de custos
Cost Center Allocation Percentage,Porcentagem de alocação de centro de custo
Cost Center Allocation Percentages,Porcentagens de alocação de centro de custo
Cost Center Name,Nome do centro de custo
Cost Center Number,Número do centro de custo
Cost Center for Item rows has been updated to {0},O Cost Center for Item linhas foi atualizado para {0}
"Cost Center is a part of Cost Center Allocation, hence cannot be converted to a group","O Cost Center faz parte da alocação do centro de custo, portanto, não pode ser convertida em um grupo"
Cost Center is required in row {0} in Taxes table for type {1},O centro de custo é necessário na linha {0} na tabela de impostos para o tipo {1}
Cost Center with Allocation records can not be converted to a group,O centro de custos com registros de alocação não pode ser convertido em um grupo
Cost Center with existing transactions can not be converted to group,O centro de custos com transações existentes não pode ser convertido em grupo
Cost Center with existing transactions can not be converted to ledger,O centro de custos com transações existentes não pode ser convertido em razão
Cost Center {0} cannot be used for allocation as it is used as main cost center in other allocation record.,"O Cost Center {0} não pode ser usado para alocação, pois é usado como centro de custo principal em outro registro de alocação."
Cost Center {} doesn't belong to Company {},Centro de custo {} não pertence à empresa {}
Cost Center {} is a group cost center and group cost centers cannot be used in transactions,O Cost Center {} é um centro de custo de grupo e os centros de custo do grupo não podem ser usados em transações
Cost Center: {0} does not exist,Centro de custo: {0} não existe
Cost Centers,Centros de custo
Cost Configuration,Configuração de custos
Cost Per Unit,Custo por unidade
Cost of Delivered Items,Custo dos itens entregues
Cost of Goods Sold,Custo de mercadorias vendidas
Cost of Issued Items,Custo dos itens emitidos
Cost of Poor Quality Report,Custo de relatório de baixa qualidade
Cost of Purchased Items,Custo dos itens adquiridos
Cost of various activities,Custo de várias atividades
Cost to Company (CTC),Custo para a empresa (CTC)
Costing,Custo
Costing Amount,Valor de custo
Costing Details,Custing Detalhes
Costing Rate,Taxa de custo
Costing and Billing,Custo e cobrança
Could Not Delete Demo Data,Não foi possível excluir dados de demonstração
Could not auto create Customer due to the following missing mandatory field(s):,Não foi possível criar automaticamente o cliente devido ao seguinte (s) campo (s) obrigatório (s):
"Could not create Credit Note automatically, please uncheck 'Issue Credit Note' and submit again","Não foi possível criar uma nota de crédito automaticamente, desmarque a 'Nota de crédito de problema' e envie novamente"
Could not detect the Company for updating Bank Accounts,Não foi possível detectar a empresa para atualizar contas bancárias
Could not find a suitable shift to match the difference: {0},Não foi possível encontrar uma mudança adequada para corresponder à diferença: {0}
Could not find path for ,Não conseguiu encontrar caminho para
Could not retrieve information for {0}.,Não foi possível recuperar informações para {0}.
Could not solve criteria score function for {0}. Make sure the formula is valid.,Não foi possível resolver a função de pontuação de critérios para {0}. Verifique se a fórmula é válida.
Could not solve weighted score function. Make sure the formula is valid.,Não foi possível resolver a função de pontuação ponderada. Verifique se a fórmula é válida.
Count,Contar
Country,País
Country Code in File does not match with country code set up in the system,O código do país no arquivo não corresponde ao código do país configurado no sistema
Country of Origin,País de origem
Coupon Code,Código do cupom
Coupon Code Based,Código do cupom baseado
Coupon Description,Descrição do cupom
Coupon Name,Nome do cupom
Coupon Type,Tipo de cupom
Cr,Cr
Create,Criar
Create Chart Of Accounts Based On,Crie o gráfico de contas com base em
Create Delivery Trip,Crie uma viagem de entrega
Create Depreciation Entry,Crie entrada de depreciação
Create Employee,Criar funcionário
Create Employee Records,Criar registros de funcionários
Create Employee records.,Criar registros de funcionários.
Create Grouped Asset,Criar ativo agrupado
Create Inter Company Journal Entry,Criar entre empresas entre empresas
Create Invoices,Crie faturas
Create Job Card,Crie cartão de emprego
Create Job Card based on Batch Size,Crie cartão de trabalho com base no tamanho do lote
Create Journal Entries,Crie entradas de diário
Create Journal Entry,Crie entrada no diário
Create Lead,Criar chumbo
Create Leads,Criar leads
Create Ledger Entries for Change Amount,Crie entradas do livro para o valor da mudança
Create Link,Criar link
Create Missing Party,Crie uma festa desaparecida
Create Multi-level BOM,Crie BOM de vários níveis
Create New Contact,Crie novo contato
Create New Customer,Crie novo cliente
Create New Lead,Crie novo lead
Create Opportunity,Criar oportunidade
Create POS Opening Entry,Crie entrada de abertura de POS
Create Payment Entry,Criar entrada de pagamento
Create Pick List,Crie lista de picareta
Create Print Format,Crie formato de impressão
Create Prospect,Criar um prospecto
Create Purchase Order,Crie pedido de compra
Create Purchase Orders,Crie pedidos de compra
Create Quotation,Criar cotação
Create Receiver List,Crie lista de receptores
Create Reposting Entries,Crie entradas de reposição
Create Reposting Entry,Crie entrada de republicação
Create Sales Invoice,Crie fatura de vendas
Create Sales Order,Crie pedidos de vendas
Create Sales Orders to help you plan your work and deliver on-time,Crie pedidos de vendas para ajudá-lo a planejar seu trabalho e entregar no prazo
Create Sample Retention Stock Entry,Crie entrada de stock de retenção de amostra
Create Stock Entry,Crie entrada de stock
Create Supplier Quotation,Crie cotação de fornecedores
Create Tax Template,Crie modelo de imposto
Create Timesheet,Crie quadros de horários
Create User,Criar usuário
Create User Permission,Crie permissão do usuário
Create Users,Criar usuários
Create Variant,Criar variante
Create Variants,Criar variantes
Create Workstation,Criar estação de trabalho
Create a new composite asset,Crie um novo ativo composto
Create a variant with the template image.,Crie uma variante com a imagem do modelo.
Create an incoming stock transaction for the Item.,Crie uma transação de stock recebida para o item.
Create customer quotes,Crie cotações do cliente
Create in Draft Status,Criar no status de rascunho
Create missing customer or supplier.,Crie cliente ou fornecedor ausente.
Create {0} {1} ?,Criar {0} {1}?
Created On,Criado em
Created {0} scorecards for {1} between:,Criado {0} scorecards para {1} entre:
Creating Accounts...,Criando contas ...
Creating Delivery Note ...,Criando nota de entrega ...
Creating Dimensions...,Criando dimensões ...
Creating Journal Entries...,Criando entradas de diário ...
Creating Packing Slip ...,Criando guia de embalagem...
Creating Purchase Invoices ...,Criando faturas de compra ...
Creating Purchase Order ...,Criando pedido de compra ...
Creating Purchase Receipt ...,Criando recibo de compra ...
Creating Sales Invoices ...,Criando faturas de vendas ...
Creating Stock Entry,Criando entrada de stock
Creating Subcontracting Order ...,Criando ordem de subcontratação ...
Creating Subcontracting Receipt ...,Criando o recibo de subcontratação ...
Creating User...,Criando usuário ...
Creating {} out of {} {},Criando {} fora de {} {}
Creation,Criação
Creation Document No,Documento de criação no
Creation of <b><a href='/app/{0}'>{1}(s)</a></b> successful,Criação de <b> <a href = '/app/{0}'> {1} (s) </a> </b> bem -sucedida
"Creation of {0} failed.|||				Check <b><a href=""/app/bulk-transaction-log"">Bulk Transaction Log</a></b>","Criação de {0} falhou. |||				Verifique <b> <a href = ""/app/bulk-transaction-log""> log de transações em massa </a> </b>"
"Creation of {0} partially successful.|||				Check <b><a href=""/app/bulk-transaction-log"">Bulk Transaction Log</a></b>","Criação de {0} parcialmente bem -sucedido. |||				Verifique <b> <a href = ""/app/bulk-transaction-log""> log de transações em massa </a> </b>"
Credit,Crédito
Credit (Transaction),Crédito (transação)
Credit ({0}),Crédito ({0})
Credit Account,Conta de crédito
Credit Amount,Valor de crédito
Credit Amount in Account Currency,Valor de crédito na moeda da conta
Credit Amount in Transaction Currency,Valor de crédito em moeda de transação
Credit Balance,Saldo de crédito
Credit Card,Cartão de crédito
Credit Card Entry,Entrada no cartão de crédito
Credit Days,Dias de crédito
Credit Limit,Limite de crédito
Credit Limit Crossed,Limite de crédito cruzado
Credit Limit Settings,Configurações de limite de crédito
Credit Limit and Payment Terms,Limite de crédito e condições de pagamento
Credit Limit:,Limite de crédito:
Credit Limits,Limites de crédito
Credit Months,Meses de crédito
Credit Note,Nota de crédito
Credit Note Amount,Valor da nota de crédito
Credit Note Issued,Nota de crédito emitida
"Credit Note will update it's own outstanding amount, even if 'Return Against' is specified.","A Nota de Crédito atualizará seu próprio valor pendente, mesmo que o 'retorno contra' seja especificado."
Credit Note {0} has been created automatically,Nota de crédito {0} foi criada automaticamente
Credit To,Crédito a
Credit in Company Currency,Crédito na moeda da empresa
Credit limit has been crossed for customer {0} ({1}/{2}),O limite de crédito foi cruzado para o cliente {0} ({1}/{2})
Credit limit is already defined for the Company {0},O limite de crédito já está definido para a empresa {0}
Credit limit reached for customer {0},Limite de crédito alcançado para o cliente {0}
Creditors,Credores
Criteria,Critérios
Criteria Formula,Fórmula de critérios
Criteria Name,Nome dos critérios
Criteria Setup,Configuração de critérios
Criteria Weight,Peso de critérios
Criteria weights must add up to 100%,Os pesos dos critérios devem adicionar até 100%
Cron Interval should be between 1 and 59 Min,O intervalo de Cron deve estar entre 1 e 59 min
Cross Listing of Item in multiple groups,Listagem cruzada do item em vários grupos
Cumulative Transaction Threshold,Limiar de transação cumulativa
Currency,Moeda
Currency Exchange,Troca de moeda
Currency Exchange Settings,Configurações de troca de moeda
Currency Exchange Settings Details,Detalhes das configurações de troca de moeda
Currency Exchange Settings Result,Resultados das configurações de troca de moeda
Currency Exchange must be applicable for Buying or for Selling.,A troca de moeda deve ser aplicável à compra ou à venda.
Currency and Price List,Lista de moedas e preços
Currency can not be changed after making entries using some other currency,A moeda não pode ser alterada após fazer entradas usando outra moeda
Currency for {0} must be {1},A moeda para {0} deve ser {1}
Currency of the Closing Account must be {0},A moeda da conta de fechamento deve ser {0}
Currency of the price list {0} must be {1} or {2},A moeda da lista de preços {0} deve ser {1} ou {2}
Currency should be same as Price List Currency: {0},A moeda deve ser a mesma que a moeda da lista de preços: {0}
Current Address,Endereço atual
Current Address Is,O endereço atual é
Current Amount,Valor atual
Current Asset,Ativo atual
Current Asset Value,Valor do ativo atual
Current Assets,Ativos circulantes
Current BOM,Bom atual
Current BOM and New BOM can not be same,Bom atual e novo nascido não pode ser o mesmo
Current Exchange Rate,Taxa de câmbio atual
Current Index,Índice atual
Current Invoice End Date,Data final da fatura atual
Current Invoice Start Date,Data de início da fatura atual
Current Level,Nível atual
Current Liabilities,Passivos circulantes
Current Liability,Responsabilidade atual
Current Node,Nó atual
Current Qty,Qtdy atual
Current Serial / Batch Bundle,Pacote de série / lote atual
Current Serial No,Serial atual no
Current State,Estado atual
Current Status,Status atual
Current Stock,Stock atual
Current Time,Horário atual
Current Valuation Rate,Taxa de avaliação atual
Curves,Curvas
Custodian,Custodiante
Custody,Custódia
Custom,Personalizado
Custom Remarks,Observações personalizadas
Custom delimiters,Delimitadores personalizados
Custom?,Personalizado?
Customer,Cliente
Customer ,Cliente
Customer / Item / Item Group,Grupo de Cliente / Item / Item
Customer / Lead Address,Endereço do cliente / lead
Customer > Customer Group > Territory,Cliente> Grupo de Cliente> Território
Customer Acquisition and Loyalty,Aquisição e lealdade do cliente
Customer Address,Endereço do cliente
Customer Code,Código do cliente
Customer Contact,Contato com o cliente
Customer Contact Email,Email de contato do cliente
Customer Credit Balance,Saldo de crédito ao cliente
Customer Credit Limit,Limite de crédito do cliente
Customer Defaults,Padrões do cliente
Customer Details,Detalhes do cliente
Customer Feedback,Feedback do cliente
Customer Group,Grupo de clientes
Customer Group Item,Item do grupo de clientes
Customer Group Name,Nome do grupo de clientes
Customer Group: {0} does not exist,Grupo de clientes: {0} não existe
Customer Groups,Grupos de clientes
Customer Item,Item do cliente
Customer Items,Itens do cliente
Customer LPO,LPO do cliente
Customer LPO No.,LPO do cliente No.
Customer Ledger Summary,Resumo do Ledger do Cliente
Customer Mobile No,Cliente móvel não
Customer Name,Nome do cliente
Customer Name: ,Nome do cliente:
Customer Naming By,Nomeação do cliente por
Customer Number,Número do cliente
Customer Number At Supplier,Número do cliente no fornecedor
Customer Numbers,Números de clientes
Customer PO,Cliente po
Customer PO Details,Detalhes do PO do cliente
Customer POS Id,Customer POS ID
Customer POS id,Customer POS ID
Customer Portal Users,Usuários do portal de clientes
Customer Primary Address,Endereço primário do cliente
Customer Primary Contact,Contato primário do cliente
Customer Provided,Cliente fornecido
Customer Service,Atendimento ao Cliente
Customer Territory,Território do cliente
Customer Type,Tipo de cliente
Customer Warehouse (Optional),Armazém de clientes (opcional)
Customer contact updated successfully.,Contato do cliente Atualizado com sucesso.
Customer is required,O cliente é necessário
Customer isn't enrolled in any Loyalty Program,O cliente não está matriculado em nenhum programa de fidelidade
Customer or Item,Cliente ou item
Customer required for 'Customerwise Discount',Cliente necessário para o 'desconto do cliente'
Customer {0} does not belong to project {1},Cliente {0} não pertence ao Projeto {1}
Customer's Item Code,Código do item do cliente
Customer's Purchase Order,Pedido de compra do cliente
Customer's Purchase Order Date,Data do pedido de compra do cliente
Customer's Purchase Order No,Pedido de compra do cliente Não
Customer-wise Item Price,Preço do item do cliente
Customer/Lead Name,Nome do cliente/lead
Customer: ,Cliente:
Customers,Clientes
Customers Without Any Sales Transactions,Clientes sem transações de vendas
Customers not selected.,Clientes não selecionados.
Customerwise Discount,Desconto do cliente
Customs Tariff Number,Número da tarifa aduaneira
D - E,D - e
DFS,Dfs
DT-,Dt-
DUNN-.MM.-.YY.-,Dunn-.mm .-. Yy.-
Daily,Diário
Daily Project Summary for {0},Resumo do projeto diário para {0}
Daily Reminders,Lembretes diários
Daily Time to send,Tempo diário para enviar
Daily Timesheet Summary,Resumo do quadro de horários diários
Dashboard,Painel
Data Based On,Dados baseados em
Data Fetch Method,Método de busca de dados
Data Import Configuration,Configuração de importação de dados
Date,Data
Date ,Data
Date Based On,Data com base em
Date Of Retirement,Data de aposentadoria
Date Settings,Configurações de data
Date must be between {0} and {1},A data deve estar entre {0} e {1}
Date of Birth,Data de nascimento
Date of Birth cannot be greater than today.,A data de nascimento não pode ser maior do que hoje.
Date of Commencement,Data de início
Date of Commencement should be greater than Date of Incorporation,A data de início deve ser maior que a data de incorporação
Date of Establishment,Data de estabelecimento
Date of Incorporation,Data de incorporação
Date of Issue,Data de emissão
Date of Joining,Data de ingresso
Date of Transaction,Data da transação
Date: {0} to {1},Data: {0} para {1}
Dates,Datas
Day,Dia
Day Of Week,Dia da semana
Day of Week,Dia da semana
Day to Send,Dia para enviar
Day(s) after invoice date,Dia (s) após a data da fatura
Day(s) after the end of the invoice month,Dia (s) após o final do mês da fatura
Days,Dias
Days Since Last Order,Dias desde o último pedido
Days Since Last order,Dias desde o último pedido
Days Until Due,Dias até o devido
Days before the current subscription period,Dias antes do período atual de assinatura
DeLinked,Desviado
Deal Owner,Proprietário de acordo
Dear,Querido
"Dear System Manager,","Caro gerente de sistema,"
Debit,Débito
Debit (Transaction),Débito (transação)
Debit ({0}),Débito ({0})
Debit Account,Conta de débito
Debit Amount,Valor de débito
Debit Amount in Account Currency,Valor do débito na moeda da conta
Debit Amount in Transaction Currency,Valor de débito na moeda de transação
Debit Note,Nota de débito
Debit Note Amount,Valor da nota de débito
Debit Note Issued,Nota de débito emitida
"Debit Note will update it's own outstanding amount, even if 'Return Against' is specified.","A Nota de Débito atualizará seu próprio valor pendente, mesmo que o 'retorno contra' seja especificado."
Debit To,Débito para
Debit To is required,Débito para é necessário
Debit and Credit not equal for {0} #{1}. Difference is {2}.,Débito e crédito não são iguais para {0} #{1}. A diferença é {2}.
Debit in Company Currency,Débito na moeda da empresa
Debit to,Débito para
Debit-Credit Mismatch,Incompatibilidade de Crédito de Débito
Debit-Credit mismatch,Incompatibilidade de Crédito de Débito
Debtor/Creditor,Devedor/credor
Debtor/Creditor Advance,Avanço do Devedor/Credor
Debtors,Devedores
Declare Lost,Declarar perdido
Deduct,Dedução
Deductee Details,Detalhes dos dedutados
Deductions or Loss,Deduções ou perda
Default,Padrão
Default Account,Conta padrão
Default Accounts,Contas padrão
Default Activity Cost exists for Activity Type - {0},Existe um custo de atividade padrão para o tipo de atividade - {0}
Default Advance Account,Conta de antecedência padrão
Default Advance Paid Account,Conta paga adiantada padrão
Default Advance Received Account,Conta de recebimento de adiantamento padrão
Default BOM,Bom padrão
Default BOM ({0}) must be active for this item or its template,Bom padrão ({0}) deve estar ativo para este item ou seu modelo
Default BOM for {0} not found,Bom padrão para {0} não encontrado
Default BOM not found for FG Item {0},Bom padrão não encontrado para o item FG {0}
Default BOM not found for Item {0} and Project {1},Bom padrão não encontrado para o item {0} e o projeto {1}
Default Bank Account,Conta bancária padrão
Default Billing Rate,Taxa de cobrança padrão
Default Buying Cost Center,Centro de custo de compra padrão
Default Buying Price List,Lista de preços de compra padrão
Default Buying Terms,Termos de compra padrão
Default Cash Account,Conta em dinheiro padrão
Default Common Code,Código comum padrão
Default Company,Empresa padrão
Default Company Bank Account,Conta bancária da empresa padrão
Default Cost Center,Centro de custo padrão
Default Cost of Goods Sold Account,Custo padrão das mercadorias vendidas
Default Costing Rate,Taxa de custo padrão
Default Currency,Moeda padrão
Default Customer Group,Grupo de clientes padrão
Default Deferred Expense Account,Conta de despesa diferida padrão
Default Deferred Revenue Account,Conta de receita diferida padrão
Default Dimension,Dimensão padrão
Default Discount Account,Conta de desconto padrão
Default Distance Unit,Unidade de distância padrão
Default Expense Account,Conta de despesa padrão
Default Finance Book,Livro financeiro padrão
Default Finished Goods Warehouse,Armazém de mercadorias acabadas padrão
Default Holiday List,Lista de férias padrão
Default In-Transit Warehouse,Armazém em trânsito padrão
Default Income Account,Conta de renda padrão
Default Inventory Account,Conta de inventário padrão
Default Item Group,Grupo de itens padrão
Default Item Manufacturer,Fabricante de itens padrão
Default Letter Head,Cabeçalho padrão
Default Manufacturer Part No,Parte padrão do fabricante
Default Material Request Type,Tipo de solicitação de material padrão
Default Operating Cost Account,Conta de custo operacional padrão
Default Payable Account,Conta a pagar padrão
Default Payment Discount Account,Conta de desconto de pagamento padrão
Default Payment Request Message,Mensagem de solicitação de pagamento padrão
Default Payment Terms Template,Modelo de termos de pagamento padrão
Default Price List,Lista de preços padrão
Default Priority,Prioridade padrão
Default Provisional Account,Conta provisória padrão
Default Purchase Unit of Measure,Unidade de compra padrão de medida
Default Quotation Validity Days,Dias de validade de cotação padrão
Default Receivable Account,Conta a receber padrão
Default Sales Unit of Measure,Unidade de Medida de Vendas Padrão
Default Scrap Warehouse,Armazém de sucata padrão
Default Selling Cost Center,Centro de custo de venda padrão
Default Selling Terms,Termos de venda padrão
Default Service Level Agreement,Contrato de nível de serviço padrão
Default Service Level Agreement for {0} already exists.,Contrato de nível de serviço padrão para {0} já existe.
Default Source Warehouse,Armazém de origem padrão
Default Stock UOM,Stock padrão UOM
Default Supplier,Fornecedor padrão
Default Supplier Group,Grupo de fornecedores padrão
Default Target Warehouse,Armazém de destino padrão
Default Territory,Território padrão
Default Unit of Measure,Unidade de medida padrão
Default Unit of Measure for Item {0} cannot be changed directly because you have already made some transaction(s) with another UOM. You need to either cancel the linked documents or create a new Item.,A unidade de medida padrão para o item {0} não pode ser alterada diretamente porque você já fez algumas transações com outro UOM. Você precisa cancelar os documentos vinculados ou criar um novo item.
Default Unit of Measure for Item {0} cannot be changed directly because you have already made some transaction(s) with another UOM. You will need to create a new Item to use a different Default UOM.,A unidade de medida padrão para o item {0} não pode ser alterada diretamente porque você já fez algumas transações com outro UOM. Você precisará criar um novo item para usar um UOM padrão diferente.
Default Unit of Measure for Variant '{0}' must be same as in Template '{1}',Unidade de medida padrão para variante '{0}' deve ser o mesmo que no modelo '{1}'
Default Valuation Method,Método de avaliação padrão
Default Value,Valor padrão
Default Warehouse,Armazém padrão
Default Warehouse for Sales Return,Armazém padrão para devolução de vendas
Default Warehouses for Production,Armazéns padrão para produção
Default Work In Progress Warehouse,Trabalho padrão em andamento armazém
Default Workstation,Estação de trabalho padrão
Default account will be automatically updated in POS Invoice when this mode is selected.,A conta padrão será atualizada automaticamente na fatura do POS quando este modo for selecionado.
Default settings for your stock-related transactions,Configurações padrão para suas transações relacionadas a ações
"Default tax templates for sales, purchase and items are created.","Modelos de imposto padrão para vendas, compras e itens são criados."
Default: 10 mins,Padrão: 10 minutos
Defaults,Padrões
Deferred Accounting,Contabilidade diferida
Deferred Accounting Defaults,Padrões contábeis diferidos
Deferred Accounting Settings,Configurações contábeis diferidas
Deferred Expense,Despesa diferida
Deferred Expense Account,Conta de despesa diferida
Deferred Revenue,Receita diferida
Deferred Revenue Account,Conta de receita diferida
Deferred Revenue and Expense,Receita e despesa diferidas
Deferred accounting failed for some invoices:,A contabilidade diferida falhou para algumas faturas:
Define Project type.,Defina o tipo de projeto.
Delay (In Days),Atraso (em dias)
Delay (in Days),Atraso (em dias)
Delay between Delivery Stops,Atraso entre paradas de entrega
Delay in payment (Days),Atraso no pagamento (dias)
Delayed,Atrasado
Delayed Days,Dias atrasados
Delayed Item Report,Relatório do item atrasado
Delayed Order Report,Relatório de pedido atrasado
Delayed Tasks Summary,Resumo das tarefas atrasadas
Delete,Excluir
Delete Accounting and Stock Ledger Entries on deletion of Transaction,Excluir entradas contábeis e contábeis de stock sobre exclusão de transação
Delete Bins,Excluir caixas
Delete Cancelled Ledger Entries,Excluir entradas canceladas do razão
Delete Dimension,Excluir dimensão
Delete Leads and Addresses,Excluir leads e endereços
Delete Transactions,Excluir transações
Delete all the Transactions for this Company,Exclua todas as transações para esta empresa
Deleting {0} and all associated Common Code documents...,Excluindo {0} e todos os documentos de código comum associados ...
Deletion in Progress!,Exclusão em andamento!
Deletion is not permitted for country {0},A exclusão não é permitida para o país {0}
Delimiter options,Opções de delimitador
Delivered,Entregue
Delivered Amount,Valor entregue
Delivered By Supplier,Entregue pelo fornecedor
Delivered Items To Be Billed,Itens entregues a serem cobrados
Delivered Qty,Qty entregue
Delivered Quantity,Quantidade entregue
Delivered by Supplier (Drop Ship),Entregue pelo Fornecedor (Drop Ship)
Delivered: {0},Entregue: {0}
Delivery,Entrega
Delivery Date,Data de entrega
Delivery Details,Detalhes da entrega
Delivery Manager,Gerente de entrega
Delivery Note,Nota de entrega
Delivery Note Item,Item da nota de entrega
Delivery Note No,Nota de entrega não
Delivery Note Packed Item,Item embalado da nota de entrega
Delivery Note Trends,Tendências da nota de entrega
Delivery Note {0} is not submitted,Nota de entrega {0} não é enviada
Delivery Notes,Notas de entrega
Delivery Notes should not be in draft state when submitting a Delivery Trip. The following Delivery Notes are still in draft state: {0}. Please submit them first.,"As notas de entrega não devem estar no estado de rascunho ao enviar uma viagem de entrega. As seguintes notas de entrega ainda estão no estado de rascunho: {0}. Por favor, envie -os primeiro."
Delivery Notes {0} updated,Notas de entrega {0} atualizado
Delivery Settings,Configurações de entrega
Delivery Status,Status de entrega
Delivery Stop,Parada de entrega
Delivery Stops,Paradas de entrega
Delivery To,Entrega para
Delivery Trip,Viagem de entrega
Delivery User,Usuário de entrega
Delivery Warehouse,Armazém de entrega
Delivery to,Entrega para
Delivery warehouse required for stock item {0},Armazém de entrega necessário para o item de stock {0}
Demand,Demanda
Demo Company,Empresa de demonstração
Demo data cleared,Dados de demonstração limpos
Department,Departamento
Departure Time,Hora de partida
Dependant SLE Voucher Detail No,Detalhe de dependente do voucher não
Dependencies,Dependências
Dependent Task,Tarefa dependente
Dependent Task {0} is not a Template Task,Tarefa dependente {0} não é uma tarefa de modelo
Dependent Tasks,Tarefas dependentes
Depends on Tasks,Depende de tarefas
Deposit,Depósito
Depreciate based on daily pro-rata,Depreciar com base em pro-rata diário
Depreciate based on shifts,Depreciar com base em turnos
Depreciated Amount,Quantidade depreciada
Depreciation,Depreciação
Depreciation Amount,Valor de depreciação
Depreciation Amount during the period,Valor de depreciação durante o período
Depreciation Date,Data de depreciação
Depreciation Details,Detalhes da depreciação
Depreciation Eliminated due to disposal of assets,Depreciação eliminada devido ao descarte de ativos
Depreciation Entry,Entrada de depreciação
Depreciation Entry Posting Status,Status de postagem de entrada de depreciação
Depreciation Expense Account,Conta de despesa de depreciação
Depreciation Expense Account should be an Income or Expense Account.,A conta das despesas de depreciação deve ser uma conta de receita ou despesa.
Depreciation Method,Método de depreciação
Depreciation Options,Opções de depreciação
Depreciation Posting Date,Data de postagem de depreciação
Depreciation Posting Date cannot be before Available-for-use Date,A data de postagem de depreciação não pode ser antes da data disponível para uso
Depreciation Row {0}: Depreciation Posting Date cannot be before Available-for-use Date,Linha de depreciação {0}: a data de postagem da depreciação não pode ser antes da data disponível para uso
Depreciation Row {0}: Expected value after useful life must be greater than or equal to {1},Linha de depreciação {0}: valor esperado após a vida útil deve ser maior ou igual a {1}
Depreciation Schedule,Cronograma de depreciação
Depreciation Schedule View,Visualização do cronograma de depreciação
Depreciation cannot be calculated for fully depreciated assets,A depreciação não pode ser calculada para ativos totalmente depreciados
Depreciation eliminated via reversal,Depreciação eliminada por reversão
Des,Do
Description,Descrição
Description of Content,Descrição do conteúdo
Designation,Designação
Desk User,Usuário da mesa
Detailed Reason,Razão detalhada
Details,Detalhes
Determine Address Tax Category From,Determinar o endereço da categoria tributária de
Diesel,Diesel
Difference,Diferença
Difference (Dr - Cr),Diferença (dr - cr)
Difference Account,Conta de diferença
"Difference Account must be a Asset/Liability type account (Temporary Opening), since this Stock Entry is an Opening Entry","A conta de diferença deve ser uma conta do tipo de ativo/responsabilidade (abertura temporária), uma vez que essa entrada de stock é uma entrada de abertura"
"Difference Account must be a Asset/Liability type account, since this Stock Reconciliation is an Opening Entry","A conta de diferença deve ser uma conta do tipo de ativo/responsabilidade, pois essa reconciliação de stock é uma entrada de abertura"
Difference Amount,Quantidade de diferença
Difference Amount (Company Currency),Valor da diferença (moeda da empresa)
Difference Amount must be zero,A quantidade de diferença deve ser zero
Difference In,Diferença em
Difference Posting Date,Data de postagem de diferença
Difference Qty,QTY DIFERTA
Difference Value,Valor de diferença
Different 'Source Warehouse' and 'Target Warehouse' can be set for each row.,Diferentes 'armazém de origem' e 'armazém de destino' podem ser definidos para cada linha.
Different UOM for items will lead to incorrect (Total) Net Weight value. Make sure that Net Weight of each item is in the same UOM.,Diferentes UOM para itens levarão a um valor de peso líquido incorreto (total). Verifique se o peso líquido de cada item está no mesmo UOM.
Dimension Defaults,Padrões de dimensão
Dimension Details,Detalhes da dimensão
Dimension Filter,Filtro de dimensão
Dimension Filter Help,Ajuda do filtro de dimensão
Dimension Name,Nome da dimensão
Dimension-wise Accounts Balance Report,Relatório de saldo de contas de dimensão
Dimensions,Dimensões
Direct Expense,Despesa direta
Direct Expenses,Despesas diretas
Direct Income,Renda direta
Disable,Desativar
Disable Capacity Planning,Desativar o planejamento da capacidade
Disable In Words,Desativar em palavras
Disable Last Purchase Rate,Desative a última taxa de compra
Disable Rounded Total,Desative o total arredondado
Disable Serial No And Batch Selector,Desativar o seletor de nº de série e lote
Disabled,Desabilitado
Disabled Account Selected,Conta desativada selecionada
Disabled Warehouse {0} cannot be used for this transaction.,Warehouse desativado {0} não pode ser usado para esta transação.
Disabled pricing rules since this {} is an internal transfer,"Regras de preços desativados, já que este {} é uma transferência interna"
Disabled tax included prices since this {} is an internal transfer,"Imposto para desativar os preços incluídos, já que este {} é uma transferência interna"
Disabled template must not be default template,Modelo desativado não deve ser modelo padrão
Disables auto-fetching of existing quantity,Desativa a busca automática da quantidade existente
Disassemble,Desmontar
Disassemble Order,Desmontar a ordem
Disburse Loan,Desembare empréstimo
Disbursed,Desembolsado
Discount,Desconto
Discount (%),Desconto (%)
Discount (%) on Price List Rate with Margin,Desconto (%) na taxa de lista de preços com margem
Discount Account,Conta de desconto
Discount Amount,Valor do desconto
Discount Date,Data de desconto
Discount Percentage,Porcentagem de desconto
Discount Percentage can be applied either against a Price List or for all Price List.,A porcentagem de desconto pode ser aplicada em uma lista de preços ou para toda a lista de preços.
Discount Settings,Configurações de desconto
Discount Type,Tipo de desconto
Discount Validity,Validade de desconto
Discount Validity Based On,Validade de desconto com base em
Discount and Margin,Desconto e margem
Discount cannot be greater than 100%,O desconto não pode ser maior que 100%
Discount cannot be greater than 100%.,O desconto não pode ser maior que 100%.
Discount must be less than 100,O desconto deve ser menor que 100
Discount of {} applied as per Payment Term,Desconto de {} aplicado conforme o prazo de pagamento
Discount on Other Item,Desconto em outro item
Discount on Price List Rate (%),Desconto na taxa de lista de preços (%)
Discounted Amount,Valor com desconto
Discounted Invoice,Fatura com desconto
Discounts,Descontos
"Discounts to be applied in sequential ranges like buy 1 get 1, buy 2 get 2, buy 3 get 3 and so on","Descontos a serem aplicados em faixas seqüenciais como comprar 1 Get 1, comprar 2 Get 2, Compre 3 Get 3 e assim por diante"
Discrepancy between General and Payment Ledger,Discrepância entre Ledger Geral e Pagamento
Discretionary Reason,Error 500 (Server Error)!!1500.That’s an error.There was an error. Please try again later.That’s all we know.
Dislikes,Não gosta
Dispatch,Expedição
Dispatch Address,Endereço de expedição
Dispatch Address Details,Detalhes do endereço de expedição
Dispatch Address Name,Nome do endereço de expedição
Dispatch Address Template,Modelo de endereço de expedição
Dispatch Information,Despachar informações
Dispatch Notification,Notificação de expedição
Dispatch Notification Attachment,Anexo de notificação de expedição
Dispatch Notification Template,Modelo de notificação de expedição
Dispatch Settings,Configurações de expedição
Disposal Date,Data de descarte
Distance,Distância
Distance UOM,Distância uom
Distance from left edge,Distância da borda esquerda
Distance from top edge,Distância da borda superior
Distinct Item and Warehouse,Item distinto e armazém
Distinct unit of an Item,Unidade distinta de um item
Distribute Additional Costs Based On ,Distribuir custos adicionais com base em
Distribute Charges Based On,Distribuir cobranças com base em
Distribute Manually,Distribuir manualmente
Distributed Discount Amount,Valor do desconto distribuído
Distribution Name,Nome de distribuição
Distributor,Distribuidor
Dividends Paid,Dividendos pagos
Divorced,Divorciado
Do Not Contact,Não entre em contato
Do Not Explode,Não exploda
Do Not Update Serial / Batch on Creation of Auto Bundle,Não atualize serial / lote na criação de pacote automático
Do Not Use Batch-wise Valuation,Não use avaliação em lote
Do not show any symbol like $ etc next to currencies.,Não mostre nenhum símbolo como $ etc ao lado das moedas.
Do not update variants on save,Não atualize variantes em salvar
Do reposting for each Stock Transaction,Repositando para cada transação de stock
Do you really want to restore this scrapped asset?,Você realmente quer restaurar esse ativo descartado?
Do you still want to enable immutable ledger?,Você ainda deseja ativar o Ledger imutável?
Do you still want to enable negative inventory?,Você ainda deseja ativar o inventário negativo?
Do you want to change valuation method?,Você quer mudar o método de avaliação?
Do you want to notify all the customers by email?,Deseja notificar todos os clientes por e-mail?
Do you want to submit the material request,Você deseja enviar o pedido de material
DocField,Docfield
DocTest,Doutor
DocType,Doctype
DocTypes should not be added manually to the 'Excluded DocTypes' table. You are only allowed to remove entries from it.,Os doctypes não devem ser adicionados manualmente à tabela 'Doctypes excluída'. Você só tem permissão para remover as entradas dele.
Docs Search,Pesquisa de documentos
Doctype,Doctype
Document Name,Nome do documento
Document Type,Tipo de documento
Document Type ,Tipo de documento
Document Type already used as a dimension,Tipo de documento já usado como uma dimensão
Documentation,Documentação
Documents,Documentos
Documents Processed on each trigger. Queue Size should be between 5 and 100,Documentos processados em cada gatilho. O tamanho da fila deve estar entre 5 e 100
Documents: {0} have deferred revenue/expense enabled for them. Cannot repost.,Documentos: {0} Receita/despesa diferida habilitada para eles. Não pode repassar.
Domain,Domínio
Don't Create Loyalty Points,Não crie pontos de fidelidade
Don't Enforce Free Item Qty,Não aplique itens grátis
Don't Reserve Sales Order Qty on Sales Return,Não reserve o pedido de venda de vendas no retorno de vendas
Don't Send Emails,Não envie e -mails
Done,Feito
Dont Recompute tax,Não recomponha o imposto
Doors,Portas
Double Declining Balance,Balanço em declínio duplo
Download,Download
Download CSV Template,Baixe o modelo CSV
Download PDF,Baixe PDF
Download PDF for Supplier,Baixe PDF para Fornecedor
Download Required Materials,Baixar materiais necessários
Download Template,Modelo de download
Downtime,Tempo de inatividade
Downtime (In Hours),Tempo de inatividade (em horas)
Downtime Analysis,Análise de tempo de inatividade
Downtime Entry,Entrada de tempo de inatividade
Downtime Reason,Razão de inatividade
Dr,Dr
Draft,Rascunho
Driver,Motorista
Driver Address,Endereço do driver
Driver Email,E -mail do motorista
Driver Name,Nome do motorista
Driver licence class,Classe de carteira de motorista
Driving License Categories,Categorias de carteira de motorista
Driving License Category,Categoria de carteira de motorista
Drop Ship,Drop ship
Dropdown,Suspenso
Due Date,Duas datas
Due Date Based On,Data de vencimento com base em
Due Date cannot be after {0},A data de vencimento não pode ser depois de {0}
Due Date cannot be before {0},A data de vencimento não pode ser antes {0}
"Due to stock closing entry {0}, you cannot repost item valuation before {1}","Devido à entrada de fechamento de stock {0}, você não pode repassar a avaliação do item antes de {1}"
Dunning,Dunning
Dunning Amount,Valor de Dunning
Dunning Amount (Company Currency),Valor de Dunning (moeda da empresa)
Dunning Fee,Taxa de Dunning
Dunning Letter,Carta de Dunning
Dunning Letter Text,Dunning Letter Text
Dunning Level,Nível de Dunning
Dunning Type,Tipo de Dunning
Duplicate,Duplicado
Duplicate Customer Group,Grupo de clientes duplicados
Duplicate Entry. Please check Authorization Rule {0},Entrada duplicada. Verifique a regra de autorização {0}
Duplicate Finance Book,Livro financeiro duplicado
Duplicate Item Group,Grupo de itens duplicados
Duplicate POS Fields,Campos POS duplicados
Duplicate POS Invoices found,Faturas duplicadas de POS encontradas
Duplicate Project with Tasks,Projeto duplicado com tarefas
Duplicate Sales Invoices found,Faturas de vendas duplicadas encontradas
Duplicate Stock Closing Entry,Entrada duplicada de fechamento de stock
Duplicate customer group found in the customer group table,Grupo de clientes duplicados encontrado na tabela do grupo de clientes
Duplicate entry against the item code {0} and manufacturer {1},Entrada duplicada em relação ao código do item {0} e fabricante {1}
Duplicate item group found in the item group table,Grupo de itens duplicados encontrado na tabela do grupo de itens
Duplicate project has been created,Projeto duplicado foi criado
Duplicate row {0} with same {1},Linha duplicada {0} com o mesmo {1}
Duplicate {0} found in the table,Duplicado {0} encontrado na tabela
Duration,Duração
Duration (Days),Duração (dias)
Duration in Days,Duração em dias
Duties and Taxes,Deveres e impostos
Dynamic Condition,Condição dinâmica
E-Invoicing Information Missing,Informações de investimento eletrônico ausentes
EAN,Ean
EAN-12,EAN-12
EAN-8,EAN-8
EDI,Edi
ERPNext Integrations,Integrações ErpNext
ERPNext User ID,ID do usuário do ERPNext
Each Transaction,Cada transação
Earliest,Mais cedo
Earliest Age,Idade mais antiga
Earnest Money,Dinheiro sincero
Edit,Editar
Edit BOM,Edit BOM
Edit Capacity,Capacidade de edição
Edit Cart,Editar carrinho
Edit Full Form,Edite formulário completo
Edit Not Allowed,Editar não permitido
Edit Note,Nota de edição
Edit Posting Date and Time,Editar data de postagem e hora
Edit Receipt,Editar recibo
Editing {0} is not allowed as per POS Profile settings,A edição {0} não é permitida de acordo com as configurações do perfil POS
Education,Educação
Educational Qualification,Qualificação educacional
Either 'Selling' or 'Buying' must be selected,'' Venda 'ou' compra 'deve ser selecionado
Either Workstation or Workstation Type is mandatory,Tipo de estação de trabalho ou estação de trabalho é obrigatória
Either location or employee must be required,Local ou funcionário deve ser necessário
Either target qty or target amount is mandatory,Target Qtd ou valor alvo é obrigatório
Either target qty or target amount is mandatory.,A QTY -Target ou a quantidade de destino é obrigatória.
Electric,Elétrico
Electrical,Elétrica
Electricity Cost,Custo de eletricidade
Electricity down,Eletricidade para baixo
Electronic Equipment,Equipamento eletrônico
Electronic Invoice Register,Registro de fatura eletrônica
Email,E-mail
Email Account,Conta de email
Email Address,Endereço de email
Email Address (required),Endereço de e-mail (exigido)
"Email Address must be unique, it is already used in {0}","O endereço de email deve ser único, já é usado em {0}"
Email Campaign,Campanha por e-mail
Email Campaign For ,Campanha por e-mail para
Email Details,Detalhes do e-mail
Email Digest,Email Digest
Email Digest Recipient,Destinatário do Digest
Email Digest Settings,Configurações de digestão de e-mail
Email Digest: {0},Email Digest: {0}
Email Group,Grupo de e-mail
Email Id,ID de e-mail
Email Receipt,Recibo de e-mail
Email Sent,Email enviado
Email Sent to Supplier {0},Email enviado ao fornecedor {0}
Email Settings,Configurações de email
Email Template,Modelo de email
Email not sent to {0} (unsubscribed / disabled),Email não enviado para {0} (não inscrito / desativado)
Email or Phone/Mobile of the Contact are mandatory to continue.,O email ou telefone/celular do contato são obrigatórios para continuar.
Email sent successfully.,Email enviado com sucesso.
Email sent to,Email enviado para
Email sent to {0},Email enviado para {0}
Email verification failed.,A verificação de email falhou.
Emails Queued,E -mails na fila
Emergency Contact,Contato de emergência
Emergency Contact Name,Nome do contato de emergência
Emergency Phone,Telefone de emergência
Employee,Funcionário
Employee ,Funcionário
Employee Advance,Avanço do funcionário
Employee Advances,Avanços dos funcionários
Employee Detail,Detalhes dos funcionários
Employee Education,Educação de funcionários
Employee External Work History,Histórico de trabalho externo de funcionários
Employee Group,Grupo de funcionários
Employee Group Table,Tabela do grupo de funcionários
Employee ID,ID do funcionário
Employee Internal Work History,Histórico de trabalho interno do funcionário
Employee Name,Nome do funcionário
Employee Number,Número do funcionário
Employee User Id,ID do usuário do funcionário
Employee cannot report to himself.,Funcionário não pode se reportar a si mesmo.
Employee is required while issuing Asset {0},O funcionário é necessário ao emitir ativo {0}
Employee {0} does not belongs to the company {1},Funcionário {0} não pertence à empresa {1}
Employee {0} is currently working on another workstation. Please assign another employee.,O funcionário {0} está atualmente trabalhando em outra estação de trabalho. Atribua outro funcionário.
Employees,Funcionários
Empty,Vazio
Enable Allow Partial Reservation in the Stock Settings to reserve partial stock.,Ativar permita a reserva parcial nas configurações de stock para reservar o stock parcial.
Enable Appointment Scheduling,Habilite o agendamento de consultas
Enable Auto Email,Ativar e-mail automático
Enable Auto Re-Order,Ativar reordenar automaticamente
Enable Automatic Party Matching,Ativar correspondência automática de festa
Enable Capital Work in Progress Accounting,Ativar trabalho de capital em andamento contabilidade
Enable Common Party Accounting,Ativar contabilidade de parte comum
Enable Cut-Off Date on Bulk Delivery Note Creation,Ativar data de corte na criação de nota de entrega em massa
Enable Deferred Expense,Ativar despesa diferida
Enable Deferred Revenue,Ativar receita diferida
Enable Discount Accounting for Selling,Habilitar a contabilidade de desconto para a venda
Enable European Access,Ativar acesso europeu
Enable Fuzzy Matching,Habilite a correspondência difusa
Enable Health Monitor,Ativar monitor de saúde
Enable Immutable Ledger,Habilite Ledger imutável
Enable Perpetual Inventory,Ativar inventário perpétuo
Enable Provisional Accounting For Non Stock Items,Ativar contabilidade provisória para itens não stocks
Enable Stock Reservation,Ativar reserva de stock
Enable YouTube Tracking,Ativar rastreamento do YouTube
Enable it if users want to consider rejected materials to dispatch.,Habilite se os usuários desejarem considerar os materiais rejeitados para despachar.
Enable this checkbox even if you want to set the zero priority,"Habilite esta caixa de seleção, mesmo que você queira definir a prioridade zero"
"Enable this option to calculate daily depreciation by considering the total number of days in the entire depreciation period, (including leap years) while using daily pro-rata based depreciation","Habilite esta opção para calcular a depreciação diária, considerando o número total de dias em todo o período de depreciação (incluindo anos bissextos) enquanto estiver usando depreciação diária baseada em Pro-RATA"
Enable to apply SLA on every {0},Ativar aplicar SLA em cada {0}
Enabled,Habilitado
Enabling the check box will fetch timesheet on select of a Project in Sales Invoice,Ativar a caixa de seleção buscará o quadro de horários em seleção de um projeto na fatura de vendas
Enabling this ensures each Purchase Invoice has a unique value in Supplier Invoice No. field within a particular fiscal year,Habilitar isso garante que cada fatura de compra tenha um valor único no campo de fatura do fornecedor dentro de um determinado ano fiscal
Enabling this option will allow you to record - <br><br> 1. Advances Received in a <b>Liability Account</b> instead of the <b>Asset Account</b><br><br>2. Advances Paid in an <b>Asset Account</b> instead of the <b> Liability Account</b>,Ativando esta opção permitirá que você registre - <br> <br> 1. Avanços recebidos em uma conta de responsabilidade <b> </b> em vez da conta de ativo <b> </b> <br> <br> 2. Avanços pagos em uma conta de ativo <B> </b> em vez da conta de responsabilidade <B> </b>
Enabling this will allow creation of multi-currency invoices against single party account in company currency,Habilitando isso permitirá a criação de faturas de múltiplas moedas contra a conta de uma única parte na moeda da empresa
Enabling this will change the way how cancelled transactions are handled.,Habilitar isso mudará a maneira como as transações canceladas são tratadas.
Encashment Date,Data de encolher
End Date,Data de término
End Date cannot be before Start Date.,A data final não pode ser antes da data de início.
End Time,Hora do final
End Transit,Trânsito final
End Year,Final do ano
End Year cannot be before Start Year,O ano final não pode ser antes do ano de início
End date cannot be before start date,A data de término não pode ser antes da data de início
End date of current invoice's period,Data final do período atual da fatura
End of Life,Fim da vida
End of the current subscription period,Fim do período atual de assinatura
Enough Parts to Build,Peças suficientes para construir
Ensure Delivery Based on Produced Serial No,Garanta a entrega com base no NÃO serial produzido
Enter API key in Google Settings.,Digite a tecla API nas configurações do Google.
"Enter First and Last name of Employee, based on Which Full Name will be updated. IN transactions, it will be Full Name which will be fetched.","Digite o primeiro e o sobrenome do funcionário, com base no qual o nome completo será atualizado. Nas transações, será o nome completo que será buscado."
Enter Manually,Entrar manualmente
Enter Serial Nos,Entre nos EUA
Enter Supplier,Digite o fornecedor
Enter Value,Insira valor
Enter Visit Details,Insira os detalhes da visita
Enter a name for Routing.,Digite um nome para roteamento.
"Enter a name for the Operation, for example, Cutting.","Digite um nome para a operação, por exemplo, corte."
Enter a name for this Holiday List.,Digite um nome para esta lista de férias.
Enter amount to be redeemed.,Digite o valor a ser resgatado.
"Enter an Item Code, the name will be auto-filled the same as Item Code on clicking inside the Item Name field.","Digite um código de item, o nome será preenchido automaticamente da mesma forma que o código do item ao clicar dentro do campo Nome do item."
Enter customer's email,Digite o e-mail do cliente
Enter customer's phone number,Digite o número de telefone do cliente
Enter date to scrap asset,Insira a data para descartar ativos
Enter depreciation details,Digite detalhes de depreciação
Enter discount percentage.,Insira a porcentagem de desconto.
Enter each serial no in a new line,Insira cada serial não em uma nova linha
Enter the Bank Guarantee Number before submitting.,Digite o número de garantia bancária antes de enviar.
"Enter the Operation, the table will fetch the Operation details like Hourly Rate, Workstation automatically.|||||| After that, set the Operation Time in minutes and the table will calculate the Operation Costs based on the Hourly Rate and Operation Time.","Digite a operação, a tabela buscará os detalhes da operação como a taxa horária, a estação de trabalho automaticamente. |||||| Depois disso, defina o tempo de operação em minutos e a tabela calculará os custos de operação com base na taxa horária e no tempo de operação."
"Enter the Operation, the table will fetch the Operation details like Hourly Rate, Workstation automatically.|||||||| After that, set the Operation Time in minutes and the table will calculate the Operation Costs based on the Hourly Rate and Operation Time.","Digite a operação, a tabela buscará os detalhes da operação como a taxa horária, a estação de trabalho automaticamente. |||||||| Depois disso, defina o tempo de operação em minutos e a tabela calculará os custos de operação com base na taxa horária e no tempo de operação."
Enter the name of the Beneficiary before submitting.,Digite o nome do beneficiário antes de enviar.
Enter the name of the bank or lending institution before submitting.,Digite o nome do banco ou da instituição de empréstimo antes de enviar.
Enter the opening stock units.,Digite as unidades de abertura do stock.
Enter the quantity of the Item that will be manufactured from this Bill of Materials.,Digite a quantidade do item que será fabricada a partir desta estrutura de produto.
Enter the quantity to manufacture. Raw material Items will be fetched only when this is set.,Insira a quantidade para fabricar. Os itens de matéria -prima serão buscados apenas quando isso estiver definido.
Enter {0} amount.,Digite {0} valor.
Entertainment Expenses,Despesas de entretenimento
Entity,Entidade
Entity Type,Tipo de entidade
Entry Type,Tipo de entrada
Equity,Equidade
Equity/Liability Account,Conta de patrimônio/responsabilidade
Error,Erro
Error Description,Descrição do erro
Error Log,Log de erros
Error Message,Mensagem de erro
Error Occurred,Erro ocorreu
Error during caller information update,Erro durante a atualização de informações do chamador
Error evaluating the criteria formula,Erro de avaliação da fórmula de critérios
Error in party matching for Bank Transaction {0},Erro na correspondência de festas para transação bancária {0}
Error while posting depreciation entries,Erro ao publicar entradas de depreciação
Error while processing deferred accounting for {0},Erro durante o processamento da contabilidade diferida para {0}
Error while reposting item valuation,Erro ao reposicionar a avaliação do item
Error: Not a valid id?,Erro: não é um ID válido?
Error: This asset already has {0} depreciation periods booked.|||					The `depreciation start` date must be at least {1} periods after the `available for use` date.|||					Please correct the dates accordingly.,Erro: este ativo já possui períodos de depreciação {0} reservados. |||					A data `depreciação inicial` deve ser pelo menos {1} períodos após o` disponível para uso` data. |||					Corrija as datas de acordo.
Error: {0} is mandatory field,Erro: {0} é um campo obrigatório
Errors Notification,Notificação de erros
Estimated Arrival,Chegada estimada
Estimated Cost,Custo estimado
Estimated Time and Cost,Tempo e custo estimados
Evaluation Period,Período de avaliação
"Even if there are multiple Pricing Rules with highest priority, then following internal priorities are applied:","Mesmo se houver várias regras de preços com maior prioridade, são aplicadas prioridades internas:"
Even invoices with apply tax withholding unchecked will be considered for checking cumulative threshold breach,Mesmo faturas com a aplicação de retenção de impostos desmarcadas serão consideradas para verificar a violação do limiar cumulativo
Event,Evento
Example URL,Exemplo de url
Example of a linked document: {0},Exemplo de um documento vinculado: {0}
"Example: ABCD.#####|||If series is set and Serial No is not mentioned in transactions, then automatic serial number will be created based on this series. If you always want to explicitly mention Serial Nos for this item. leave this blank.",Exemplo: ABCD. Se você sempre deseja mencionar explicitamente os NOS para este item. Deixe este vazio.
"Example: ABCD.#####. If series is set and Batch No is not mentioned in transactions, then automatic batch number will be created based on this series. If you always want to explicitly mention Batch No for this item, leave this blank. Note: this setting will take priority over the Naming Series Prefix in Stock Settings.","Exemplo: ABCD. #####. Se a série estiver definida e o lote não for mencionado nas transações, o número do lote automático será criado com base nesta série. Se você sempre quiser mencionar explicitamente o lote não para este item, deixe esse espaço em branco. Nota: Essa configuração terá prioridade sobre o prefixo da série de nomeação nas configurações de stock."
Example: Serial No {0} reserved in {1}.,Exemplo: NO serial {0} reservado em {1}.
Exception Budget Approver Role,Função de aprovador de orçamento de exceção
Excess Materials Consumed,Excesso de materiais consumidos
Excess Transfer,Excesso de transferência
Excessive machine set up time,Máquina de configuração excessiva
Exchange Gain / Loss,Ganho / perda de troca
Exchange Gain / Loss Account,Conta de ganho / perda de troca
Exchange Gain Or Loss,Ganho ou perda de troca
Exchange Gain/Loss,Ganho/perda de troca
Exchange Gain/Loss amount has been booked through {0},O valor da troca de ganho/perda foi reservado através de {0}
Exchange Rate,Taxa de câmbio
Exchange Rate Revaluation,Revisão da taxa de câmbio
Exchange Rate Revaluation Account,Conta de reavaliação da taxa de câmbio
Exchange Rate Revaluation Settings,Configurações de reavaliação da taxa de câmbio
Exchange Rate must be same as {0} {1} ({2}),A taxa de troca deve ser a mesma que {0} {1} ({2})
Excise Entry,Entrada de consumo
Excise Invoice,Fatura de consumo
Excise Page Number,Número da página de consumo
Excluded DocTypes,Doctypes excluídos
Execution,Execução
Exempt Supplies,Suprimentos isentos
Existing Company,Empresa existente
Existing Company ,Empresa existente
Exit,Saída
Exit Full Screen,Saia de tela cheia
Exit Interview Held On,Entrevista de saída realizada em
Expand All,Expandir tudo
Expected,Esperado
Expected Amount,Quantidade esperada
Expected Arrival Date,Data de chegada esperada
Expected Balance Qty,Balanço esperado
Expected Closing Date,Data de fechamento esperada
Expected Delivery Date,Data de entrega esperada
Expected Delivery Date should be after Sales Order Date,A data de entrega esperada deve ser a data do pedido pós -venda
Expected End Date,Data de término esperada
Expected End Date should be less than or equal to parent task's Expected End Date {0}.,A data de término esperada deve ser menor ou igual à data de término esperada da tarefa dos pais {0}.
Expected Hrs,Hrs esperados
Expected Start Date,Data de início esperada
Expected Stock Value,Valor esperado do stock
Expected Time (in hours),Tempo esperado (em horas)
Expected Time Required (In Mins),Tempo esperado necessário (em minutos)
Expected Value After Useful Life,Valor esperado após vida útil
Expense,Despesa
Expense / Difference account ({0}) must be a 'Profit or Loss' account,A conta de despesa / diferença ({0}) deve ser uma conta de 'lucro ou perda'
Expense Account,Conta de despesa
Expense Account Missing,Conta de despesa ausente
Expense Claim,Reivindicação de despesa
Expense Head,Cabeça de despesas
Expense Head Changed,A cabeça de despesa mudou
Expense account is mandatory for item {0},A conta de despesa é obrigatória para o item {0}
Expense account {0} not present in Purchase Invoice {1},Conta de despesa {0} não presente na fatura de compra {1}
Expenses,Despesas
Expenses Included In Asset Valuation,Despesas incluídas na avaliação de ativos
Expenses Included In Valuation,Despesas incluídas na avaliação
Experimental,Experimental
Expired,Expirado
Expired Batches,Lotes expirados
Expires On,Expira em
Expiry,Termo
Expiry (In Days),Expiração (em dias)
Expiry Date,Data de validade
Expiry Date Mandatory,Data de validade obrigatória
Expiry Duration (in days),Duração de validade (em dias)
Exploded Items,Itens explodidos
Exponential Smoothing Forecasting,Previsão de suavização exponencial
Export E-Invoices,Exportar E-Invóices
Export Errored Rows,Exportar linhas erradas
Export Import Log,Exportar log de importação
External,Externo
External Work History,Histórico de trabalho externo
Extra Consumed Qty,Qty extra consumido
Extra Job Card Quantity,Quantidade extra de cartão de trabalho
Extra Large,Extra grande
Extra Small,Extra pequeno
FIFO,FIFO
FIFO Queue,FIFO Fila
FIFO Queue vs Qty After Transaction Comparison,FIFO Fila vs Qtd após comparação de transações
"FIFO Stock Queue (qty, rate)","FIFO Fila de ações (qty, taxa)"
FIFO/LIFO Queue,FIFO/LIFO Fila
Failed,Fracassado
Failed Entries,Entradas fracassadas
Failed to Authenticate the API key.,Falhou em autenticar a chave da API.
"Failed to erase demo data, please delete the demo company manually.","Não apagou os dados da demonstração, exclua a empresa de demonstração manualmente."
Failed to install presets,Falha ao instalar predefinições
Failed to login,Falha ao fazer login
Failed to post depreciation entries,Falhou em pós-depreciar entradas
Failed to setup company,Falhou em configurar a empresa
Failed to setup defaults,Falha ao configurar os padrões
Failed to setup defaults for country {0}. Please contact support.,Falha ao configurar os padrões para o país {0}. Entre em contato com o suporte.
Failure,Falha
Failure Date,Data de falha
Failure Description,Descrição da falha
Failure: {0},Falha: {0}
Family Background,Antecedentes familiares
Fax,Fax
Feedback,Opinião
Feedback By,Feedback por
Fees,Tarifas
Fetch Based On,Busca baseada em
Fetch Customers,Buscar clientes
Fetch Items from Warehouse,Buscar itens do armazém
Fetch Latest Exchange Rate,Buscar a última taxa de câmbio
Fetch Overdue Payments,Buscar pagamentos vencidos
Fetch Subscription Updates,Buscar atualizações de assinatura
Fetch Timesheet,Fetch Timesheet
Fetch Timesheet in Sales Invoice,FETCH TIMESHEET na fatura de vendas
Fetch Value From,Buscar valor de
Fetch exploded BOM (including sub-assemblies),Fetch explodiu Bom (incluindo submontagens)
Fetch items based on Default Supplier.,Busque itens com base no fornecedor padrão.
Fetched only {0} available serial numbers.,Pegue apenas {0} números de série disponíveis.
Fetching Error,Erro de busca
Fetching exchange rates ...,Buscar taxas de câmbio ...
Fetching...,Buscando ...
Ficheiro gerado com sucesso!,Ficheiro gerado com sucesso!
Field,Campo
Field Mapping,Mapeamento de campo
Field Name,Nome do campo
Field in Bank Transaction,Campo na transação bancária
Fieldname,FieldName
Fields,Campos
Fields will be copied over only at time of creation.,Os campos serão copiados apenas no momento da criação.
Fieldtype,FieldType
File to Rename,Arquivo para renomear
Filter,Filtro
Filter Based On,Filtro com base em
Filter Duration (Months),Duração do filtro (meses)
Filter Total Zero Qty,Filtro total zero qty
Filter by Reference Date,Filtro por data de referência
Filter by invoice status,Filtro por status de fatura
Filter on Invoice,Filtre na fatura
Filter on Payment,Filtrar no pagamento
Filters,Filtros
Filters missing,Filtros ausentes
Final BOM,Final BOM
Final Product,Produto final
Finance Book,Livro financeiro
Finance Book Detail,Detalhes do livro financeiro
Finance Book Id,ID do livro financeiro
Finance Books,Livros financeiros
Financial Ratios,Índices financeiros
Financial Statements,Demonstrações financeiras
Financial Year Begins On,O ano financeiro começa em
Financial reports will be generated using GL Entry doctypes (should be enabled if Period Closing Voucher is not posted for all years sequentially or missing) ,Os relatórios financeiros serão gerados usando os doctypes de entrada GL (devem ser ativados se o voucher de fechamento do período não for publicado por todos os anos sequencial ou ausente)
Finish,Terminar
Finished,Finalizado
Finished Good,Terminado bem
Finished Good BOM,Terminou o bom nascido
Finished Good Item,Terminado bom item
Finished Good Item Code,Código de item bom acabado
Finished Good Item Qty,Terminado bom item Qty
Finished Good Item Quantity,Quantidade de bom item terminado
Finished Good Item is not specified for service item {0},O bom item acabado não é especificado para o item de serviço {0}
Finished Good Item {0} Qty can not be zero,Bom item terminado {0} Qty não pode ser zero
Finished Good Item {0} must be a sub-contracted item,Bom item acabado {0} deve ser um item subcontratado
Finished Good Qty,Terminou boa Qtd
Finished Good Quantity ,Boa quantidade terminada
Finished Good Serial / Batch,Terminado bom serial / lote
Finished Good UOM,Terminado bom uom
Finished Good {0} does not have a default BOM.,O bem terminado {0} não possui um BOM padrão.
Finished Good {0} is disabled.,Bom bem {0} está desativado.
Finished Good {0} must be a stock item.,Bom bem {0} deve ser um item de stock.
Finished Good {0} must be a sub-contracted item.,Bom bem {0} deve ser um item subcontratado.
Finished Goods,Mercadorias acabadas
Finished Goods / Semi Finished Goods Item,Bens acabados / item de mercadorias semi -acabadas
Finished Goods Based Operating Cost,Custo operacional baseado em bens acabados
Finished Goods Item,Item de mercadorias acabadas
Finished Goods Qty,Qtdy de mercadorias acabadas
Finished Goods Reference,Referência de produtos acabados
Finished Goods Value,Valor de mercadorias acabadas
Finished Goods Warehouse,Armazém de mercadorias acabadas
Finished Goods based Operating Cost,Custo operacional baseado em bens acabados
Finished Item {0} does not match with Work Order {1},O item acabado {0} não corresponde à ordem de serviço {1}
First Email,Primeiro email
First Name,Primeiro nome
First Responded On,Primeiro respondeu
First Response Due,Primeira resposta vencida
First Response SLA Failed by {},Primeira resposta SLA falhou por {}
First Response Time,Primeiro tempo de resposta
First Response Time for Issues,Primeiro tempo de resposta para problemas
First Response Time for Opportunity,Primeiro tempo de resposta para a oportunidade
Fiscal Number,Número fiscal
"Fiscal Regime is mandatory, kindly set the fiscal regime in the company {0}","O regime fiscal é obrigatório, por favor, defina o regime fiscal na empresa {0}"
Fiscal Year,Ano fiscal
Fiscal Year Company,Empresa do ano fiscal
Fiscal Year End Date should be one year after Fiscal Year Start Date,A data de término do ano fiscal deve ser um ano após a data de início do ano fiscal
Fiscal Year Start Date and Fiscal Year End Date are already set in Fiscal Year {0},Data de início do ano fiscal e data de término do ano fiscal já está definido no ano fiscal {0}
Fiscal Year {0} Does Not Exist,Ano fiscal {0} não existe
Fiscal Year {0} does not exist,Ano fiscal {0} não existe
Fiscal Year {0} is required,O ano fiscal {0} é necessário
Fixed,Fixo
Fixed Asset,Ativo fixo
Fixed Asset Account,Conta de ativo fixo
Fixed Asset Defaults,Padrões de ativo fixo
Fixed Asset Item must be a non-stock item.,O item de ativo fixo deve ser um item sem stock.
Fixed Asset Register,Registro de ativos fixo
Fixed Assets,Ativos fixos
Fixed Deposit Number,Número de depósito fixo
Fixed Rate,Taxa fixa
Fixed Time,Tempo fixo
Fleet Manager,Gerente de frota
Floor,Chão
Floor Name,Nome do piso
Focus on Item Group filter,Concentre -se no filtro do grupo de itens
Focus on search input,Concentre -se na entrada de pesquisa
Folio no.,Fólio não.
Follow Calendar Months,Siga os meses do calendário
Following Material Requests have been raised automatically based on Item's re-order level,As solicitações de material a seguir foram aumentadas automaticamente com base no nível de reordenação do item
Following fields are mandatory to create address:,Os campos a seguir são obrigatórios para criar endereço:
For,Para
"For 'Product Bundle' items, Warehouse, Serial No and Batch No will be considered from the 'Packing List' table. If Warehouse and Batch No are same for all packing items for any 'Product Bundle' item, those values can be entered in the main Item table, values will be copied to 'Packing List' table.","Para itens do tipo 'Pacote de produtos', o armazém, o número de série e o número do lote serão considerados a partir da tabela 'Lista de embalagem'. Se o armazém e o número do lote forem os mesmos para todos os itens de embalagem de qualquer item do tipo 'Pacote de produtos', esses valores podem ser inseridos na tabela principal de itens, e os valores serão copiados para a tabela 'Lista de embalagem'."
For Buying,Para compra
For Company,Para empresa
For Default Supplier (Optional),Para fornecedor padrão (opcional)
For Item,Para item
For Item {0} cannot be received more than {1} qty against the {2} {3},Para o item {0} não pode ser recebido mais do que {1} qty contra o {2} {3}
For Job Card,Para cartão de emprego
For Operation,Para operação
For Price List,Para lista de preços
For Production,Para produção
For Quantity (Manufactured Qty) is mandatory,Para quantidade (qty fabricada) é obrigatória
For Raw Materials,Para matérias -primas
"For Return Invoices with Stock effect, '0' qty Items are not allowed. Following rows are affected: {0}","Para faturas de retorno com efeito de stock, itens de Qtd '0' não são permitidos. As linhas a seguir são afetadas: {0}"
For Selling,Para venda
For Supplier,Para fornecedor
For Warehouse,Para armazém
For Work Order,Para ordem de serviço
"For an item {0}, quantity must be negative number","Para um item {0}, a quantidade deve ser um número negativo"
"For an item {0}, quantity must be positive number","Para um item {0}, a quantidade deve ser um número positivo"
For dunning fee and interest,Por taxa de dunning e juros
"For e.g. 2012, 2012-13","Para por exemplo 2012, 2012-13"
For how much spent = 1 Loyalty Point,Por quanto gasto = 1 ponto de lealdade
For individual supplier,Para fornecedor individual
"For item <b>{0}</b>, only <b>{1}</b> asset have been created or linked to <b>{2}</b>. Please create or link <b>{3}</b> more asset with the respective document.","Para o item <b> {0} </b>, apenas <b> {1} </b> ativo foram criados ou vinculados a <b> {2} </b>. Crie ou link <b> {3} </b> Mais ativo com o respectivo documento."
"For item {0}, rate must be a positive number. To Allow negative rates, enable {1} in {2}","Para o item {0}, a taxa deve ser um número positivo. Para permitir taxas negativas, ative {1} em {2}"
For operation {0}: Quantity ({1}) can not be greater than pending quantity({2}),Para a operação {0}: Quantity ({1}) não pode ser maior que a quantidade pendente ({2})
For quantity {0} should not be greater than allowed quantity {1},Para quantidade {0} não deve ser maior do que a quantidade permitida {1}
For reference,Para referência
"For row {0} in {1}. To include {2} in Item rate, rows {3} must also be included","Para linha {0} em {1}. Para incluir {2} na taxa de item, as linhas {3} também devem ser incluídas"
For row {0}: Enter Planned Qty,Para linha {0}: insira a Qtdia planejada
For the 'Apply Rule On Other' condition the field {0} is mandatory,"Para a regra 'Aplicar em outra condição', o campo {0} é obrigatório"
"For the convenience of customers, these codes can be used in print formats like Invoices and Delivery Notes","Para a conveniência dos clientes, esses códigos podem ser usados em formatos de impressão, como faturas e notas de entrega"
"For the item {0}, the quantity should be {1} according to the BOM {2}.","Para o item {0}, a quantidade deve ser {1} de acordo com o BOM {2}."
"For the new {0} to take effect, would you like to clear the current {1}?","Para o novo {0} entrar em vigor, você gostaria de limpar o atual {1}?"
"For the {0}, no stock is available for the return in the warehouse {1}.","Para o {0}, nenhum stock está disponível para o retorno no armazém {1}."
"For the {0}, the quantity is required to make the return entry","Para o {0}, a quantidade é necessária para fazer a entrada de retorno"
Force-Fetch Subscription Updates,Atualizações de assinatura de força-força
Forecast,Previsão
Foreign Trade Details,Detalhes do comércio exterior
Formula Based Criteria,Critérios baseados em fórmula
Forum Activity,Atividade do fórum
Forum Posts,Postagens do fórum
Forum URL,URL do fórum
Frappe Support,Greve de apoio
Free Item,Item grátis
Free Item Rate,Taxa de item grátis
Free item code is not selected,O código de item gratuito não está selecionado
Free item not set in the pricing rule {0},Item gratuito não definido na regra de preços {0}
Freeze Stocks Older Than (Days),Congele stocks mais antigos que (dias)
Freight and Forwarding Charges,Cobranças de frete e encaminhamento
Frequency,Freqüência
Frequency To Collect Progress,Frequência para coletar progresso
Frequency of Depreciation (Months),Frequência de depreciação (meses)
Frequently Read Articles,Leia frequentemente artigos
Friday,Sexta-feira
From,De
From BOM,De Bom
From Company,Da empresa
From Corrective Job Card,Do cartão de trabalho corretivo
From Currency,Da moeda
From Currency and To Currency cannot be same,Da moeda e à moeda não pode ser o mesmo
From Customer,Do cliente
From Date,Da data
From Date and To Date are Mandatory,A partir da data e até a data são obrigatórios
From Date and To Date are mandatory,A partir da data e até a data são obrigatórios
From Date and To Date lie in different Fiscal Year,A partir da data e até a data estão em diferentes anos fiscais
From Date cannot be greater than To Date,A partir da data não pode ser maior do que até o momento
From Date is mandatory,A partir da data é obrigatória
From Date must be before To Date,A partir da data deve ser antes até o momento
From Date should be within the Fiscal Year. Assuming From Date = {0},A partir da data deve estar dentro do ano fiscal. Assumindo de date = {0}
From Date: {0} cannot be greater than To date: {1},A partir da data: {0} não pode ser maior que até o momento: {1}
From Datetime,Do DateTime
From Delivery Date,Da data de entrega
From Delivery Note,Da nota de entrega
From Doctype,De Doctype
From Due Date,A partir da data de vencimento
From Employee,De funcionário
From External Ecomm Platform,Da plataforma de ECMOM externa
From Fiscal Year,Do ano fiscal
From Folio No,Do fólio não
From Invoice Date,Da data da fatura
From Lead,Do chumbo
From No,De não
From Opportunity,Da oportunidade
From Package No.,Do pacote No.
From Payment Date,Da data de pagamento
From Posting Date,Da data de postagem
From Prospect,Do prospecto
From Range,Do alcance
From Range has to be less than To Range,Do alcance deve ser menor que o alcance
From Reference Date,Da data de referência
From Shareholder,Do acionista
From Template,Do modelo
From Time,Do tempo
From Time ,Do tempo
From Time Should Be Less Than To Time,Do tempo deve ser menor que o tempo
From Value,Do valor
From Voucher Detail No,Do detalhe do voucher não
From Voucher No,Do voucher no
From Voucher Type,Do tipo de voucher
From Warehouse,Do armazém
From and To Dates are required.,De e para as datas são necessárias.
From and To dates are required,De e para as datas são necessárias
From date cannot be greater than To date,A partir da data não pode ser maior do que até o momento
From value must be less than to value in row {0},Do valor deve ser menor que o valor na linha {0}
Frozen,Congelado
Fuel Type,Tipo de combustível
Fuel UOM,Combustível uom
Fulfilled,Cumprido
Fulfillment,Cumprimento
Fulfillment User,Usuário de cumprimento
Fulfilment Deadline,Prazo para cumprimento
Fulfilment Details,Detalhes do cumprimento
Fulfilment Status,Status de cumprimento
Fulfilment Terms,Termos de cumprimento
Fulfilment Terms and Conditions,Termos e condições de cumprimento
Full Catalog,Catálogo completo
Full Name,Nome completo
Full Screen,Tela cheia
Full and Final Statement,Declaração completa e final
Fully Billed,Totalmente cobrado
Fully Completed,Totalmente concluído
Fully Delivered,Totalmente entregue
Fully Depreciated,Totalmente depreciado
Fully Paid,Totalmente pago
Furniture and Fixtures,Móveis e acessórios
"Further accounts can be made under Groups, but entries can be made against non-Groups","Outras contas podem ser feitas em grupos, mas as entradas podem ser feitas contra não grupos"
Further cost centers can be made under Groups but entries can be made against non-Groups,"Outros centros de custo podem ser feitos em grupos, mas as entradas podem ser feitas contra não grupos"
Further nodes can be only created under 'Group' type nodes,Outros nós podem ser criados apenas em nós do tipo 'grupo'
Future Payment Amount,Valor do pagamento futuro
Future Payment Ref,Pagamento futuro ref
Future Payments,Pagamentos futuros
Future date is not allowed,Data futura não é permitida
G - D,G - d
GL Balance,GL Balanço
GL Entry,GL Entrada
GL Entry Processing Status,GL Status de processamento de entrada
GL reposting index,Índice de Reposting GL
GS1,GS1
GTIN,Gtin
Gain/Loss,Ganho/perda
Gain/Loss Account on Asset Disposal,Conta de ganho/perda no descarte de ativos
Gain/Loss accumulated in foreign currency account. Accounts with '0' balance in either Base or Account currency,Ganho/perda acumulado na conta de moeda estrangeira. Contas com saldo '0' na moeda base ou de conta
Gain/Loss already booked,Ganho/perda já reservado
Gain/Loss from Revaluation,Ganho/perda da reavaliação
Gain/Loss on Asset Disposal,Ganho/perda no descarte de ativos
Gantt Chart,Gráfico de Gantt
Gantt chart of all tasks.,Gráfico de Gantt de todas as tarefas.
Gender,Gênero
General,Em geral
General Ledger,Ledger geral
General Settings,Configurações gerais
General and Payment Ledger Comparison,Comparação geral e de pagamento de pagamento
General and Payment Ledger mismatch,Incompatibilidade geral e de pagamento de pagamentos
Generate All,Gerar tudo
Generate Demo Data for Exploration,Gerar dados de demonstração para exploração
Generate E-Invoice,Gerar e-in-invoice
Generate Invoice At,Gerar fatura em
Generate New Invoices Past Due Date,Gerar novas faturas para a data de vencimento
Generate Schedule,Gerar cronograma
Generate Stock Closing Entry,Gerar entrada de fechamento de stock
"Generate packing slips for packages to be delivered. Used to notify package number, package contents and its weight.","Gerar guia de embalagem para pacotes a serem entregues. Utilizado para informar o número do pacote, o conteúdo do pacote e o seu peso."
Generated,Gerado
Generating Preview,Gerando visualização
Gerador de Catalogos,Gerador de Catalogos
Get Advances Paid,Receber os avanços pagos
Get Advances Received,Receber avanços recebidos
Get Allocations,Obter alocações
Get Current Stock,Obtenha o stock atual
Get Customer Group Details,Obtenha detalhes do grupo de clientes
Get Entries,Obtenha entradas
Get Finished Goods,Ter mercadorias acabadas
Get Finished Goods for Manufacture,Termo produtos para fabricação
Get Invoices,Obtenha faturas
Get Invoices based on Filters,Obtenha faturas com base em filtros
Get Item Locations,Obtenha locais de itens
Get Items,Obtenha itens
Get Items From,Obtenha itens de
Get Items From Purchase Receipts,Obtenha itens de recibos de compra
Get Items for Purchase / Transfer,Obtenha itens para compra / transferência
Get Items for Purchase Only,Obtenha itens apenas para compra
Get Items from BOM,Obtenha itens de Bom
Get Items from Material Requests against this Supplier,Obtenha itens de solicitações de materiais contra este fornecedor
Get Items from Open Material Requests,Obtenha itens de solicitações de material aberto
Get Items from Product Bundle,Obtenha itens do pacote de produtos
Get Latest Query,Obtenha a última consulta
Get Material Request,Obtenha solicitação de material
Get Outstanding Invoices,Obtenha faturas excelentes
Get Outstanding Orders,Obtenha ordens pendentes
Get Payment Entries,Obtenha entradas de pagamento
Get Payments from,Obter pagamentos de
Get Raw Materials Cost from Consumption Entry,Obtenha o custo das matérias -primas da entrada de consumo
Get Sales Orders,Obtenha pedidos de vendas
Get Scrap Items,Obtenha itens de sucata
Get Started Sections,Começar seções
Get Stock,Obtenha stock
Get Sub Assembly Items,Obtenha itens de submarração
Get Supplier Group Details,Obtenha detalhes do grupo de fornecedores
Get Suppliers,Obtenha fornecedores
Get Suppliers By,Obtenha fornecedores
Get Timesheets,Obtenha quadros de horários
Get Unreconciled Entries,Obtenha entradas não -reconhecidas
Get Updates,Obtenha atualizações
Get stops from,Obtenha paradas
Getting Scrap Items,Obtendo itens de sucata
Gift Card,Cartão -presente
Give free item for every N quantity,Dê um item gratuito para cada quantidade N
Global Defaults,Padrões globais
Go back,Volte
Go to {0} List,Vá para {0} lista
Goal,Meta
Goods,Bens
Goods In Transit,Mercadorias em trânsito
Goods Transferred,Mercadorias transferidas
Goods are already received against the outward entry {0},As mercadorias já são recebidas contra a entrada externa {0}
Government,Governo
Grace Period,Período de carência
Graduate,Diplomado
Grand Total,Total geral
Grand Total (Company Currency),Grand Total (moeda da empresa)
Grant Commission,Comissão de concessão
Greater Than Amount,Maior que a quantidade
Green,Verde
Greeting Message,Mensagem de felicitações
Greeting Subtitle,Saudando a legenda
Greeting Title,Título de saudação
Greetings Section,Seção Saudações
Gross Margin,Margem bruta
Gross Margin %,Margem bruta %
Gross Profit,Lucro bruto
Gross Profit / Loss,Lucro / perda bruta
Gross Profit Percent,Porcentagem de lucro bruto
Gross Purchase Amount,Valor bruto de compra
Gross Purchase Amount is mandatory,O valor bruto de compra é obrigatório
Gross Purchase Amount should be <b>equal</b> to purchase amount of one single Asset.,O valor bruto da compra deve ser <b> igual </b> para comprar um valor de um único ativo.
Gross Purchase Amount {0} cannot be depreciated over {1} cycles.,O valor bruto da compra {0} não pode ser depreciado em ciclos {1}.
Gross Weight,Peso bruto
Gross Weight UOM,Peso bruto uom
Gross and Net Profit Report,Relatório de lucro bruto e líquido
Group,Grupo
Group By,Grupo por
Group By Customer,Grupo por cliente
Group By Supplier,Grupo por fornecedor
Group Node,Nó do grupo
Group Same Items,Grupo mesmos itens
Group Warehouses cannot be used in transactions. Please change the value of {0},Os armazéns do grupo não podem ser usados em transações. Altere o valor de {0}
Group by,Grupo por
Group by Material Request,Grupo por solicitação de material
Group by Party,Grupo por parte
Group by Purchase Order,Grupo por pedido de compra
Group by Sales Order,Grupo por ordem de vendas
Group by Voucher,Grupo por voucher
Group node warehouse is not allowed to select for transactions,O armazém de nó do grupo não tem permissão para selecionar transações
Group same items,Grupo mesmos itens
Groups,Grupos
Growth View,Visão de crescimento
H - F,H - f
HR Manager,Gerente de RH
HR User,Usuário de RH
HR-DRI-.YYYY.-,Hr-dri-.yyy.-
HR-EMP-,Hr-em
Half Yearly,Meio anual
Half-Yearly,Semestral
Half-yearly,Semestral
Handle Employee Advances,Lidar com os avanços dos funcionários
Hardware,Hardware
Has Alternative Item,Tem item alternativo
Has Batch No,Tem lote não
Has Certificate ,Tem certificado
Has Corrective Cost,Tem custo corretivo
Has Expiry Date,Tem data de validade
Has Item Scanned,Tem item digitalizado
Has Print Format,Tem formato de impressão
Has Priority,Tem prioridade
Has Serial No,Tem serial não
Has Unit Price Items,Tem itens de preço unitário
Has Variants,Tem variantes
Have Default Naming Series for Batch ID?,Tem uma série de nomenclatura padrão para ID do lote?
Heads (or groups) against which Accounting Entries are made and balances are maintained.,Cabeças (ou grupos) contra as quais as entradas contábeis são feitas e os saldos são mantidos.
Health Details,Detalhes da saúde
Heatmap,Mapa de calor
Height (cm),Altura (cm)
"Hello,","Olá,"
Help,Ajuda
Help Article,Artigo de ajuda
Help Articles,Ajuda artigos
Help Results for,Ajuda Resultados para
Help Section,Seção de ajuda
Help Text,Ajuda o texto
Helps you distribute the Budget/Target across months if you have seasonality in your business.,"Ajuda você a distribuir o orçamento/destino ao longo dos meses, se você tiver sazonalidade em seus negócios."
Here are the error logs for the aforementioned failed depreciation entries: {0},Aqui estão os logs de erro para as entradas de depreciação falhada mencionada acima: {0}
Here are the options to proceed:,Aqui estão as opções para prosseguir:
"Here you can maintain family details like name and occupation of parent, spouse and children","Aqui você pode manter detalhes da família como nome e ocupação de pais, cônjuges e filhos"
"Here you can maintain height, weight, allergies, medical concerns etc","Aqui você pode manter altura, peso, alergias, preocupações médicas etc."
"Here, you can select a senior of this Employee. Based on this, Organization Chart will be populated.","Aqui, você pode selecionar um sênior desse funcionário. Com base nisso, o organograma será preenchido."
"Here, your weekly offs are pre-populated based on the previous selections. You can add more rows to also add public and national holidays individually.","Aqui, seus folga semanal são pré-populados com base nas seleções anteriores. Você pode adicionar mais linhas para também adicionar feriados públicos e nacionais individualmente."
"Hi,","Oi,"
Hidden list maintaining the list of contacts linked to Shareholder,"Lista oculta, mantendo a lista de contatos vinculados ao acionista"
Hide Currency Symbol,Ocultar o símbolo da moeda
Hide Customer's Tax ID from Sales Transactions,Ocultar a identificação fiscal do cliente das transações de vendas
Hide Images,Ocultar imagens
Hide Unavailable Items,Ocultar itens indisponíveis
Hide timesheets,Ocultar quadros de horários
High,Alto
"Higher the number, higher the priority","Maior o número, maior a prioridade"
History In Company,História na empresa
Hold,Segurar
Hold Invoice,Segure a fatura
Hold Type,Hold Type
Holiday,Feriado
Holiday Date {0} added multiple times,Data de férias {0} adicionada várias vezes
Holiday List,Lista de férias
Holiday List Name,Nome da lista de férias
Holidays,Feriados
Hour Rate,Taxa de hora
Hourly,A cada hora
Hours,Horas
Hours Spent,Horas gastas
How Pricing Rule is applied?,Como a regra de precificação é aplicada?
How frequently?,Com que frequência?
How often should Project and Company be updated based on Sales Transactions?,Com que frequência o projeto e a empresa devem ser atualizados com base nas transações de vendas?
How often should Project be updated of Total Purchase Cost ?,Com que frequência o projeto deve ser atualizado sobre o custo total de compra?
Hrs,Hrs
Human Resources,Recursos Humanos
I - J,I - J.
I - K,I - k
IBAN,Iban
IBAN is not valid,Iban não é válido
ID,ID
IP Address,Endereço IP
IRS 1099,IRS 1099
ISBN,ISBN
ISBN-10,ISBN-10
ISBN-13,ISBN-13
ISS-.YYYY.-,ISS-.yyyy.-
ISSN,ISSN
Id,Eu ia
Identification of the package for the delivery (for print),Identificação do pacote para a entrega (para impressão)
Identifying Decision Makers,Identificando os tomadores de decisão
Idle,Parado
"If ""Months"" is selected, a fixed amount will be booked as deferred revenue or expense for each month irrespective of the number of days in a month. It will be prorated if deferred revenue or expense is not booked for an entire month","Se ""meses"" forem selecionados, um valor fixo será reservado como receita ou despesa diferida para cada mês, independentemente do número de dias em um mês. Será prorionado se a receita ou despesa diferida não for reservada por um mês inteiro"
If <b>Enabled</b> - Reconciliation happens on the <b>Advance Payment posting date</b><br>|||If <b>Disabled</b> - Reconciliation happens on oldest of 2 Dates: <b>Invoice Date</b> or the <b>Advance Payment posting date</b><br>|||,Se <b> habilitado </b> - A reconciliação ocorre na data de postagem de pagamento antecipada </b> <br> ||| se <b> desativado </b> - a reconciliação acontece na mais antiga das 2 datas: <b> data da fatura </b> ou o <b> Postamento de pagamento adiantado </b> <br> ||
"If Auto Opt In is checked, then the customers will be automatically linked with the concerned Loyalty Program (on save)","Se a opção automática for verificada, os clientes serão automaticamente vinculados ao programa de fidelidade em questão (em salvamento)"
If Income or Expense,Se receita ou despesa
"If an operation is divided into sub operations, they can be added here.","Se uma operação for dividida em sub -operações, ele poderá ser adicionado aqui."
"If blank, parent Warehouse Account or company default will be considered in transactions","Se em branco, a conta do armazém ou o padrão da empresa será considerada em transações"
"If checked, Rejected Quantity will be included while making Purchase Invoice from Purchase Receipt.","Se verificado, a quantidade rejeitada será incluída ao fazer fatura de compra no recibo de compra."
"If checked, Stock will be reserved on <b>Submit</b>","Se verificado, as ações serão reservadas em <b> Enviar </b>"
"If checked, picked qty won't automatically be fulfilled on submit of pick list.","Se verificado, o QTY escolhido não será atendido automaticamente no envio da lista de colheitas."
"If checked, the tax amount will be considered as already included in the Paid Amount in Payment Entry","Se verificado, o valor do imposto será considerado como já incluído no valor pago na entrada de pagamento"
"If checked, the tax amount will be considered as already included in the Print Rate / Print Amount","Se verificado, o valor do imposto será considerado como já incluído na taxa de impressão / valor de impressão"
"If checked, we will create demo data for you to explore the system. This demo data can be erased later.","Se verificado, criaremos dados de demonstração para você explorar o sistema. Esses dados de demonstração podem ser apagados posteriormente."
If different than customer address,Se diferente do endereço do cliente
"If disable, 'In Words' field will not be visible in any transaction","Se desativar, o campo 'em palavras' não será visível em nenhuma transação"
"If disable, 'Rounded Total' field will not be visible in any transaction","Se desativar, o campo 'total arredondado' não será visível em nenhuma transação"
If enabled then system won't apply the pricing rule on the delivery note which will be create from the pick list,"Se ativado, o sistema não aplicará a regra de preços na nota de entrega que será criada na lista de escolhas"
If enabled then system won't override the picked qty / batches / serial numbers.,"Se ativado, o sistema não substituirá os números de qty / lotes / lotes escolhidos."
"If enabled, Sales Invoice will be generated instead of POS Invoice in POS Transactions for real-time update of G/L and Stock Ledger.","Se ativado, a fatura de vendas será gerada em vez da fatura do POS nas transações de POS para atualização em tempo real do G/L e Ledger de ações."
"If enabled, a print of this document will be attached to each email","Se ativado, uma impressão deste documento será anexada a cada e-mail"
"If enabled, additional ledger entries will be made for discounts in a separate Discount Account","Se ativado, serão feitas entradas adicionais de contabilidade para descontos em uma conta de desconto separada"
"If enabled, all files attached to this document will be attached to each email","Se ativado, todos os arquivos anexados a este documento serão anexados a cada email"
"If enabled, do not update serial / batch values in the stock transactions on creation of auto Serial ||| / Batch Bundle. ","Se ativado, não atualize os valores de série / lote nas transações de stock na criação de serial automática ||| / Pacote em lote."
"If enabled, formula for <b>Qty to Order</b>: <br>|||Required Qty (BOM) - <a href=""https://docs.frappe.io/erpnext/user/manual/en/projected-quantity"">Projected Qty</a>. <br> This helps avoid over-ordering.","Se ativado, fórmula para <b> qty para encomendar </b>: <br> ||| qty exigido (BOM) - <a href = ""https://docs.frappe.io/erpnext/user/manual/en/projected-quantity""> Projetado qty </a>. <br> Isso ajuda a evitar a encomenda excessiva."
"If enabled, formula for <b>Required Qty</b>: <br>|||Required Qty (BOM) - <a href=""https://docs.frappe.io/erpnext/user/manual/en/projected-quantity"">Projected Qty</a>. <br> This helps avoid over-ordering.","Se ativado, fórmula para <b> qty necessária </b>: <br> ||| Qty necessária (BOM) - <a href = ""https://docs.frappe.io/erpnext/user/manual/en/projected-quantity""> Projetado qty </a>. <br> Isso ajuda a evitar a encomenda excessiva."
"If enabled, ledger entries will be posted for change amount in POS transactions","Se ativado, as entradas do livro serão publicadas para o valor da alteração nas transações de POS"
"If enabled, the consolidated invoices will have rounded total disabled","Se ativado, as faturas consolidadas terão arredondado total de desativado"
"If enabled, the item rate won't adjust to the valuation rate during internal transfers, but accounting will still use the valuation rate.","Se ativado, a taxa de item não se ajustará à taxa de avaliação durante as transferências internas, mas a contabilidade ainda usará a taxa de avaliação."
"If enabled, the system will allow selecting UOMs in sales and purchase transactions only if the conversion rate is set in the item master.","Se ativado, o sistema permitirá a seleção de UOMs nas transações de vendas e compra somente se a taxa de conversão estiver definida no mestre do item."
"If enabled, the system will use the moving average valuation method to calculate the valuation rate for the batched items and will not consider the individual batch-wise incoming rate.","Se ativado, o sistema usará o método de avaliação média móvel para calcular a taxa de avaliação para os itens em lotes e não considerará a taxa de entrada individual em lote."
"If enabled, then system will only validate the pricing rule and not apply automatically. User has to manually set the discount percentage / margin / free items to validate the pricing rule","Se ativado, o sistema validará apenas a regra de preços e não se aplicará automaticamente. O usuário precisa definir manualmente a porcentagem de desconto / margem / itens gratuitos para validar a regra de preços"
"If item is a variant of another item then description, image, pricing, taxes etc will be set from the template unless explicitly specified","Se o item for uma variante de outro item, então descrição, imagem, preços, impostos etc. serão definidos no modelo, a menos que explicitamente especificado"
"If items in stock, proceed with Material Transfer or Purchase.","Se itens em stock, prossiga com a transferência ou compra de material."
"If mentioned, the system will allow only the users with this Role to create or modify any stock transaction earlier than the latest stock transaction for a specific item and warehouse. If set as blank, it allows all users to create/edit back-dated transactions.","Se mencionado, o sistema permitirá que apenas os usuários com essa função criem ou modifiquem qualquer transação de stock antes da mais recente transação de stock para um item específico e um armazém. Se definido como em branco, ele permite que todos os usuários criem/editem transações com datadas de regra."
If more than one package of the same type (for print),Se mais de um pacote do mesmo tipo (para impressão)
"If multiple Pricing Rules continue to prevail, users are asked to set Priority manually to resolve conflict.","Se várias regras de preços continuarem a prevalecer, os usuários serão solicitados a definir prioridade manualmente para resolver conflitos."
"If not, you can Cancel / Submit this entry","Caso contrário, você pode cancelar / enviar esta entrada"
"If rate is zero then item will be treated as ""Free Item""","Se a taxa for zero, o item será tratado como ""item livre"""
"If selected Pricing Rule is made for 'Rate', it will overwrite Price List. Pricing Rule rate is the final rate, so no further discount should be applied. Hence, in transactions like Sales Order, Purchase Order etc, it will be fetched in 'Rate' field, rather than 'Price List Rate' field.","Se a regra de precificação selecionada for feita para 'taxa', ela substituirá a lista de preços. A taxa de regras de preços é a taxa final, portanto, nenhum desconto adicional deve ser aplicado. Portanto, em transações como pedidos de vendas, pedido de compra etc., ele será buscado no campo 'Taxa', em vez de ""taxa de taxa de preços""."
If subcontracted to a vendor,Se subcontratado para um fornecedor
"If the BOM results in Scrap material, the Scrap Warehouse needs to be selected.","Se o nascimento resultar em material de sucata, o armazém de sucata precisará ser selecionado."
"If the account is frozen, entries are allowed to restricted users.","Se a conta estiver congelada, as entradas poderão restringir os usuários."
"If the item is transacting as a Zero Valuation Rate item in this entry, please enable 'Allow Zero Valuation Rate' in the {0} Item table.","Se o item estiver realizando como um item de taxa de avaliação zero nesta entrada, ative 'permitir uma taxa de avaliação zero' na tabela {0} item."
"If the selected BOM has Operations mentioned in it, the system will fetch all Operations from BOM, these values can be changed.","Se o BOM selecionado tiver operações mencionadas, o sistema buscará todas as operações da BOM, esses valores poderão ser alterados."
"If there is no assigned timeslot, then communication will be handled by this group","Se não houver horários atribuídos, a comunicação será tratada por este grupo"
"If there is no title column, use the code column for the title.","Se não houver coluna de título, use a coluna de código para o título."
"If this checkbox is checked, paid amount will be splitted and allocated as per the amounts in payment schedule against each payment term","Se esta caixa de seleção for verificada, o valor pago será dividido e alocado conforme os valores no cronograma de pagamento contra cada termo de pagamento"
If this is checked subsequent new invoices will be created on calendar  month and quarter start dates irrespective of current invoice start date,"Se isso for verificado, novas faturas subsequentes serão criadas no mês do calendário e nas datas de início do trimestre, independentemente da data de início da fatura atual"
If this is unchecked Journal Entries will be saved in a Draft state and will have to be submitted manually,Se estiverem entradas de diário desmarcadas serão salvas em um estado de rascunho e terá que ser enviado manualmente
"If this is unchecked, direct GL entries will be created to book deferred revenue or expense","Se isso não for contratado, as entradas GL direto serão criadas para reservar receita ou despesa diferida"
If this is undesirable please cancel the corresponding Payment Entry.,"Se isso for indesejável, cancele a entrada de pagamento correspondente."
"If this item has variants, then it cannot be selected in sales orders etc.","Se este item tiver variantes, ele não poderá ser selecionado em ordens de vendas etc."
"If this option is configured 'Yes', ERPNext will prevent you from creating a Purchase Invoice or Receipt without creating a Purchase Order first. This configuration can be overridden for a particular supplier by enabling the 'Allow Purchase Invoice Creation Without Purchase Order' checkbox in the Supplier master.","Se esta opção estiver configurada 'Sim', o ErpNext impedirá que você crie uma fatura ou recibo de compra sem criar um pedido de compra primeiro. Essa configuração pode ser substituída para um fornecedor específico, permitindo a caixa de seleção 'Permitir a fatura de compra sem o pedido de compra' no mestre do fornecedor."
"If this option is configured 'Yes', ERPNext will prevent you from creating a Purchase Invoice without creating a Purchase Receipt first. This configuration can be overridden for a particular supplier by enabling the 'Allow Purchase Invoice Creation Without Purchase Receipt' checkbox in the Supplier master.","Se esta opção estiver configurada 'Sim', o ErpNext impedirá que você crie uma fatura de compra sem criar um recibo de compra primeiro. Essa configuração pode ser substituída para um fornecedor específico, permitindo a caixa de seleção 'Permitir a fatura de compra sem recibo de compra' no mestre do fornecedor."
"If ticked, multiple materials can be used for a single Work Order. This is useful if one or more time consuming products are being manufactured.","Se marcado, vários materiais podem ser usados para uma única ordem de serviço. Isso é útil se um ou mais produtos demorados estiverem sendo fabricados."
"If ticked, the BOM cost will be automatically updated based on Valuation Rate / Price List Rate / last purchase rate of raw materials.","Se marcado, o custo da Bom será atualizado automaticamente com base na taxa de avaliação / taxa de lista de preços / última taxa de compra de matérias -primas."
"If two or more Pricing Rules are found based on the above conditions, Priority is applied. Priority is a number between 0 to 20 while default value is zero (blank). Higher number means it will take precedence if there are multiple Pricing Rules with same conditions.","Se duas ou mais regras de precificação forem encontradas com base nas condições acima, a prioridade será aplicada. A prioridade é um número entre 0 e 20, enquanto o valor padrão é zero (em branco). Número mais alto significa que terá precedência se houver várias regras de preços com as mesmas condições."
"If unlimited expiry for the Loyalty Points, keep the Expiry Duration empty or 0.","Se a expiração ilimitada para os pontos de fidelidade, mantenha a duração de validade vazia ou 0."
"If yes, then this warehouse will be used to store rejected materials","Se sim, então este armazém será usado para armazenar materiais rejeitados"
"If you are maintaining stock of this Item in your Inventory, ERPNext will make a stock ledger entry for each transaction of this item.","Se você estiver mantendo o stock deste item em seu inventário, o ErpNext fará uma entrada de contabilidade para cada transação deste item."
"If you need to reconcile particular transactions against each other, then please select accordingly. If not, all the transactions will be allocated in FIFO order.","Se você precisar conciliar transações específicas uma contra a outra, selecione em conformidade. Caso contrário, todas as transações serão alocadas em ordem FIFO."
"If you still want to proceed, please disable 'Skip Available Sub Assembly Items' checkbox.","Se você ainda deseja prosseguir, desative a caixa de seleção 'Pule a submarração de' itens de montagem disponível '."
"If you still want to proceed, please enable {0}.","Se você ainda deseja prosseguir, ative {0}."
"If you {0} {1} quantities of the item {2}, the scheme {3} will be applied on the item.","Se você {0} {1} quantidades do item {2}, o esquema {3} será aplicado no item."
"If you {0} {1} worth item {2}, the scheme {3} will be applied on the item.","Se você {0} {1} vale a pena {2}, o esquema {3} será aplicado no item."
"If your CSV uses a different delimiter, add that character here, ensuring no spaces or additional characters are included.","Se o seu CSV usar um delimitador diferente, adicione esse caractere aqui, garantindo que não haja espaços ou caracteres adicionais."
Ignore,Ignorar
Ignore Account Closing Balance,Ignorar o saldo de fechamento da conta
Ignore Closing Balance,Ignorar o equilíbrio de fechamento
Ignore Default Payment Terms Template,Ignorar o modelo de termos de pagamento padrão
Ignore Employee Time Overlap,Ignorar a sobreposição de tempo dos funcionários
Ignore Empty Stock,Ignore o stock vazio
Ignore Exchange Rate Revaluation Journals,Ignorar os periódicos de reavaliação da taxa de câmbio
Ignore Existing Ordered Qty,Ignore a Qtd ordenada existente
Ignore Existing Projected Quantity,Ignorar a quantidade projetada existente
Ignore Is Opening check for reporting,Ignore está abrindo a verificação para relatórios
Ignore Pricing Rule,Ignorar a regra de preços
Ignore Pricing Rule is enabled. Cannot apply coupon code.,Ignorar a regra de preços está ativada. Não é possível aplicar o código do cupom.
Ignore System Generated Credit / Debit Notes,Ignorar Notas de crédito / débito geradas pelo sistema
Ignore User Time Overlap,Ignorar a sobreposição do tempo do usuário
Ignore Voucher Type filter and Select Vouchers Manually,Ignore o filtro do tipo voucher e selecione vouchers manualmente
Ignore Workstation Time Overlap,Ignorar a sobreposição de tempo da estação de trabalho
Ignores legacy Is Opening field in GL Entry that allows adding opening balance post the system is in use while generating reports,Ignores Legacy é o campo de abertura na entrada GL que permite adicionar equilíbrio de abertura após o sistema está em uso ao gerar relatórios
Image,Imagem
Image Desc,Imagem desc
Image View,Vista de imagem
Impairment,Deficiência
Import,Importar
Import Chart of Accounts from a csv file,Classo de importação de contas de um arquivo CSV
Import File,Arquivo de importação
Import File Errors and Warnings,Importar erros de arquivo e avisos
Import Genericode File,Importar arquivo genérico
Import Invoices,Importar faturas
Import Log,Log de importação
Import Log Preview,Importar visualização do log
Import Preview,Importar visualização
Import Progress,Progresso de importação
Import Successful,Importação bem -sucedida
Import Supplier Invoice,Importar fatura do fornecedor
Import Type,Tipo de importação
Import Using CSV file,Importar usando o arquivo CSV
Import Warnings,Alertas de importação
Import completed. {0} common codes created.,Importação concluída. {0} códigos comuns criados.
Import from Google Sheets,Importar do Google Sheets
Import in Bulk,Importação a granel
Importing Common Codes,Importação de códigos comuns
"Importing {0} of {1}, {2}","Importação {0} de {1}, {2}"
In House,Em casa
In Maintenance,Em manutenção
In Mins,Em minutos
In Minutes,Em minutos
In Party Currency,Em moeda do partido
In Percentage,Em porcentagem
In Process,Em processo
In Production,Na produção
In Progress,Em andamento
In Qty,Em Qtd
In Stock,Em stock
In Stock Qty,Em stock Qtd
In Transit,Em trânsito
In Transit Transfer,Na transferência de trânsito
In Transit Warehouse,No armazém de trânsito
In Value,Em valor
In Words,Em palavras
In Words (Company Currency),Nas palavras (moeda da empresa)
In Words (Export) will be visible once you save the Delivery Note.,Nas palavras (exportação) será visível assim que você salvar a nota de entrega.
In Words will be visible once you save the Delivery Note.,"Nas palavras, será visível assim que você salvar a nota de entrega."
In Words will be visible once you save the Sales Invoice.,"Nas palavras, será visível assim que você salvar a fatura de vendas."
In Words will be visible once you save the Sales Order.,"Nas palavras, será visível assim que você salvar o pedido de vendas."
In mins,Em minutos
In minutes,Em minutos
"In row {0} of Appointment Booking Slots: ""To Time"" must be later than ""From Time"".","Na linha {0} dos slots de reserva de compromisso: ""To Time"" deve ser posterior a ""From Time""."
In stock,Em stock
"In the case of multi-tier program, Customers will be auto assigned to the concerned tier as per their spent","No caso do programa de várias camadas, os clientes serão atribuídos automaticamente à camada em questão, conforme seus gastos"
"In this section, you can define Company-wide transaction-related defaults for this Item. Eg. Default Warehouse, Default Price List, Supplier, etc.","Nesta seção, você pode definir os padrões relacionados à transação em toda a empresa para este item. Por exemplo. Armazém padrão, lista de preços padrão, fornecedor, etc."
Inactive,Inativo
Inactive Customers,Clientes inativos
Inactive Sales Items,Itens de vendas inativos
Inactive Status,Status inativo
Incentives,Incentivos
Include Account Currency,Inclua moeda da conta
Include Ageing Summary,Inclua o resumo do envelhecimento
Include Closed Orders,Inclua pedidos fechados
Include Default FB Assets,Inclua ativos FB padrão
Include Default FB Entries,Inclua entradas padrão do FB
Include Disabled,Incluir desativado
Include Expired,Incluir expirado
Include Expired Batches,Inclua lotes expirados
Include Exploded Items,Inclua itens explodidos
Include Item In Manufacturing,Inclua item na fabricação
Include Non Stock Items,Inclua itens não stocks
Include POS Transactions,Inclua transações de POS
Include Payment,Incluir pagamento
Include Payment (POS),Inclua pagamento (POS)
Include Reconciled Entries,Inclua entradas reconciliadas
Include Safety Stock in Required Qty Calculation,Inclua o stock de segurança no cálculo da QTY exigido
Include Sub-assembly Raw Materials,Incluir matérias-primas da submontagem
Include Subcontracted Items,Inclua itens subcontratados
Include Timesheets in Draft Status,Inclua quadros de horários no status de rascunho
Include UOM,Inclua uom
Include Zero Stock Items,Inclua zero itens de stock
Include in gross,Incluir em bruto
Included in Gross Profit,Incluído no lucro bruto
Including items for sub assemblies,Incluindo itens para submarinos
Income,Renda
Income Account,Conta de renda
Incoming,Entrada
Incoming Call Handling Schedule,Error 500 (Server Error)!!1500.That’s an error.There was an error. Please try again later.That’s all we know.
Incoming Call Settings,Configurações de chamadas recebidas
Incoming Rate,Taxa de entrada
Incoming Rate (Costing),Taxa de entrada (custo)
Incoming call from {0},Chamada de {0}
Incompatible Setting Detected,Configuração incompatível detectada
Incorrect Balance Qty After Transaction,Equilíbrio incorreto após a transação
Incorrect Batch Consumed,Lote incorreto consumido
Incorrect Check in (group) Warehouse for Reorder,Armazém de check -in incorreto (grupo) para reordenar
Incorrect Component Quantity,Quantidade de componente incorreta
Incorrect Date,Data incorreta
Incorrect Invoice,Fatura incorreta
Incorrect Movement Purpose,Propósito de movimento incorreto
Incorrect Payment Type,Tipo de pagamento incorreto
Incorrect Reference Document (Purchase Receipt Item),Documento de referência incorreto (item de recibo de compra)
Incorrect Serial No Valuation,Serial incorreta sem avaliação
Incorrect Serial Number Consumed,Número de série incorreto consumido
Incorrect Serial and Batch Bundle,Pacote serial e lote incorreto
Incorrect Stock Value Report,Relatório de valor de stock incorreto
Incorrect Type of Transaction,Tipo incorreto de transação
Incorrect Warehouse,Armazém incorreto
Incorrect number of General Ledger Entries found. You might have selected a wrong Account in the transaction.,Número incorreto de entradas gerais de contabilidade encontradas. Você pode ter selecionado uma conta errada na transação.
Incoterm,Incoterm
Increase In Asset Life (Months),Aumento da vida dos ativos (meses)
Increase In Asset Life(Months),Aumento da vida dos ativos (meses)
Increment,Incremento
Increment cannot be 0,O incremento não pode ser 0
Increment for Attribute {0} cannot be 0,Incremento para o atributo {0} não pode ser 0
Indent,Recuar
Indicates that the package is a part of this delivery (Only Draft),Indica que o pacote faz parte desta entrega (apenas rascunho)
Indicator Color,Cor indicadora
Indirect Expense,Despesa indireta
Indirect Expenses,Despesas indiretas
Indirect Income,Renda indireta
Individual,Individual
Individual GL Entry cannot be cancelled.,A entrada individual de GL não pode ser cancelada.
Individual Stock Ledger Entry cannot be cancelled.,A entrada individual do razão de ações não pode ser cancelada.
Industry,Indústria
Industry Type,Tipo de indústria
Initial Email Notification Sent,Notificação de email inicial enviada
Initialize Summary Table,Inicialize a tabela de resumo
Initiated,Iniciado
Insert New Records,Insira novos registros
Inspected By,Inspecionado por
Inspection Rejected,Inspeção rejeitada
Inspection Required,Inspeção necessária
Inspection Required before Delivery,Inspeção necessária antes da entrega
Inspection Required before Purchase,Inspeção necessária antes da compra
Inspection Submission,Envio de inspeção
Inspection Type,Tipo de inspeção
Installation Date,Data de instalação
Installation Note,Nota de instalação
Installation Note Item,Item da nota de instalação
Installation Note {0} has already been submitted,Nota de instalação {0} já foi enviada
Installation Status,Status de instalação
Installation Time,Tempo de instalação
Installation date cannot be before delivery date for Item {0},A data de instalação não pode ser antes da data de entrega do item {0}
Installed Qty,Qty instalado
Installing presets,Instalação de predefinições
Instruction,Instrução
Instructions,Instruções
Insufficient Capacity,Capacidade insuficiente
Insufficient Permissions,Permissões insuficientes
Insufficient Stock,Stock insuficiente
Insufficient Stock for Batch,Stock insuficiente para lote
Insurance,Seguro
Insurance Company,Companhia de seguros
Insurance Details,Detalhes do seguro
Insurance End Date,Data de término do seguro
Insurance Start Date,Data de início do seguro
Insurance Start date should be less than Insurance End date,A data de início do seguro deve ser menor que a data final do seguro
Insured value,Valor segurado
Insurer,Segurador
Integration Details,Detalhes da integração
Integration ID,ID da integração
Inter Company Invoice Reference,Referência de fatura entre empresas
Inter Company Journal Entry,Entrada de diário entre empresas
Inter Company Journal Entry Reference,Referência de entrada de diário entre empresas
Inter Company Order Reference,Referência de pedido entre empresas
Inter Company Reference,Referência entre empresas
Inter Transfer Reference,Referência entre transferências
Inter Warehouse Transfer Settings,Configurações de transferência entre armazéns
Interest,Interesse
Interest and/or dunning fee,Juros e/ou Taxa de Dunning
Interested,Interessado
Internal,Interno
Internal Customer,Cliente interno
Internal Customer for company {0} already exists,Cliente interno da empresa {0} já existe
Internal Sale or Delivery Reference missing.,Referência de venda ou entrega interna ausente.
Internal Sales Reference Missing,Referência de vendas interna faltando
Internal Supplier,Fornecedor interno
Internal Supplier for company {0} already exists,Fornecedor interno da empresa {0} já existe
Internal Transfer,Transferência interna
Internal Transfer Reference Missing,Referência de transferência interna ausente
Internal Transfers,Transferências internas
Internal Work History,Histórico de trabalho interno
Internal transfers can only be done in company's default currency,Transferências internas só podem ser feitas na moeda padrão da empresa
Interval should be between 1 to 59 MInutes,O intervalo deve estar entre 1 e 59 minutos
Introduction,Introdução
Invalid,Inválido
Invalid Account,Conta inválida
Invalid Allocated Amount,Quantidade alocada inválida
Invalid Amount,Quantidade inválida
Invalid Attribute,Atributo inválido
Invalid Auto Repeat Date,Data de repetição automática inválida
Invalid Barcode. There is no Item attached to this barcode.,Código de barras inválidas. Não há item anexado a este código de barras.
Invalid Blanket Order for the selected Customer and Item,Pedido geral inválido para o cliente e item selecionados
Invalid Child Procedure,Procedimento infantil inválido
Invalid Company for Inter Company Transaction.,Companhia inválida para transação entre empresas.
Invalid Cost Center,Centro de custo inválido
Invalid Credentials,Credenciais inválidas
Invalid Delivery Date,Data de entrega inválida
Invalid Discount,Desconto inválido
Invalid Document,Documento inválido
Invalid Document Type,Tipo de documento inválido
Invalid Formula,Fórmula inválida
Invalid Gross Purchase Amount,Valor de compra bruta inválido
Invalid Group By,Grupo inválido por
Invalid Item,Item inválido
Invalid Item Defaults,Padrões de itens inválidos
Invalid Ledger Entries,Entradas inválidas do razão
Invalid Opening Entry,Entrada de abertura inválida
Invalid POS Invoices,Faturas de POS inválidas
Invalid Parent Account,Conta dos pais inválidos
Invalid Part Number,Número da peça inválido
Invalid Posting Time,Tempo de postagem inválido
Invalid Primary Role,Papel primário inválido
Invalid Priority,Prioridade inválida
Invalid Process Loss Configuration,Configuração inválida de perda de processo
Invalid Purchase Invoice,Fatura de compra inválida
Invalid Qty,Qtdy inválido
Invalid Quantity,Quantidade inválida
Invalid Return,Retorno inválido
Invalid Sales Invoices,Faturas de vendas inválidas
Invalid Schedule,Cronograma inválido
Invalid Selling Price,Preço de venda inválido
Invalid Serial and Batch Bundle,Pacote serial e lote inválidos
Invalid URL,URL inválido
Invalid Value,Valor inválido
Invalid Warehouse,Armazém inválido
Invalid amount in accounting entries of {} {} for Account {}: {},Valor inválido nas entradas contábeis de {} {} para conta {}: {}
Invalid condition expression,Expressão da condição inválida
"Invalid lost reason {0}, please create a new lost reason","Razão perdida inválida {0}, crie um novo motivo perdido"
Invalid naming series (. missing) for {0},Série de nomeação inválida (ausente) para {0}
Invalid reference {0} {1},Referência inválida {0} {1}
Invalid result key. Response:,Chave de resultado inválida. Resposta:
Invalid value {0} for {1} against account {2},Valor inválido {0} para {1} contra a conta {2}
Invalid {0},Inválido {0}
Invalid {0} for Inter Company Transaction.,Inválido {0} para transação entre empresas.
Invalid {0}: {1},Inválido {0}: {1}
Inventory,Inventário
Inventory Dimension,Dimensão do inventário
Inventory Dimension Negative Stock,Dimensão de stock de stock negativo
Inventory Dimension key,Chave de dimensão do inventário
Inventory Settings,Configurações de inventário
Investments,Investimentos
Invoice,Fatura
Invoice Cancellation,Cancelamento da fatura
Invoice Date,Data da fatura
Invoice Discounting,Desconto da fatura
Invoice Grand Total,Fatura Grand Total
Invoice ID,ID da fatura
Invoice Limit,Limite de fatura
Invoice Number,Número da fatura
Invoice Portion,Porção da fatura
Invoice Portion (%),Parte da fatura (%)
Invoice Posting Date,Data de postagem da fatura
Invoice Series,Série de fatura
Invoice Status,Status da fatura
Invoice Type,Tipo de fatura
Invoice already created for all billing hours,Fatura já criada para todas as horas de cobrança
Invoice and Billing,Fatura e cobrança
Invoice can't be made for zero billing hour,Fatura não pode ser feita para a hora de cobrança zero
Invoice cannot be submitted without filling the mandatory Additional Information fields.,A fatura não pode ser enviada sem preencher os campos de informações adicionais obrigatórias.
Invoiced Amount,Quantidade faturada
Invoiced Amount (Excl. Tax),Valor faturado (excl. Imposto)
Invoiced Qty,Qtdy faturado
Invoices,Faturas
Invoices and Payments have been Fetched and Allocated,Faturas e pagamentos foram buscados e alocados
Invoicing Features,Recursos de faturamento
Inward,Para dentro
Is Account Payable,É uma conta a pagar
Is Active,Está ativo
Is Additional Item,É um item adicional
Is Adjustment Entry,É a entrada de ajuste
Is Advance,É adiantado
Is Alternative,É alternativo
Is Billable,É faturável
Is Cancelled,É cancelado
Is Cash or Non Trade Discount,É dinheiro ou desconto não comercial
Is Company,É empresa
Is Company Account,É uma conta da empresa
Is Composite Asset,É ativo composto
Is Consolidated,É consolidado
Is Container,É contêiner
Is Corrective Job Card,É o cartão de trabalho corretivo
Is Corrective Operation,É operação corretiva
Is Cumulative,É cumulativo
Is Customer Provided Item,É o item fornecido pelo cliente
Is Default,É padrão
Is Default Account,É uma conta padrão
Is Default Language,É linguagem padrão
Is Delivery Note Required for Sales Invoice Creation?,A nota de entrega é necessária para a criação da fatura de vendas?
Is Discounted,É descontado
Is Exchange Gain / Loss?,É ganho / perda de troca?
Is Existing Asset,É ativo existente
Is Expandable,É expansível
Is Final Finished Good,Final acabou bem
Is Finished Item,É um item acabado
Is Fixed Asset,É ativo fixo
Is Free Item,É um item gratuito
Is Frozen,Está congelado
Is Fully Depreciated,Está totalmente depreciado
Is Group,É grupo
Is Group Warehouse,É armazém em grupo
Is Internal Customer,É cliente interno
Is Internal Supplier,É fornecedor interno
Is Mandatory,É obrigatório
Is Milestone,É marco
Is Old Subcontracting Flow,É um fluxo de subcontratação antigo
Is Opening,Está abrindo
Is Opening Entry,Está abertura de entrada
Is Outward,É externo
Is Paid,É pago
Is Paused,Está parado
Is Period Closing Voucher Entry,É a entrada de voucher de fechamento do período
Is Purchase Order Required for Purchase Invoice & Receipt Creation?,O pedido de compra é necessário para a criação de fatura e recibo de compra?
Is Purchase Receipt Required for Purchase Invoice Creation?,O recibo de compra é necessário para a criação da fatura de compra?
Is Rate Adjustment Entry (Debit Note),É a entrada de ajuste da taxa (nota de débito)
Is Recursive,É recursivo
Is Rejected,É rejeitado
Is Rejected Warehouse,É rejeitado para armazém
Is Return,É retornar
Is Return (Credit Note),É retorno (nota de crédito)
Is Return (Debit Note),É retorno (nota de débito)
Is Sales Order Required for Sales Invoice & Delivery Note Creation?,O pedido de vendas é necessário para a criação de fatura de vendas e nota de entrega?
Is Scrap Item,É um item de sucata
Is Short/Long Year,É um ano curto/longo
Is Standard,É padrão
Is Stock Item,É item de stock
Is Subcontracted,Está subcontratado
Is System Generated,É gerado pelo sistema
Is Tax Withholding Account,É uma conta de retenção de impostos
Is Template,É modelo
Is Transporter,É transportador
Is a Subscription,É uma assinatura
Is created using POS,É criado usando POS
Is this Tax included in Basic Rate?,Esse imposto está incluído na taxa básica?
Issue,Ocorrência
Issue Analytics,Análise de ocorrências
Issue Credit Note,Nota de crédito Emitida
Issue Date,Data de emissão
Issue Material,Saída de Material
Issue Priority,Prioridade de ocorrência
Issue Split From,Ocorrência dividida de
Issue Summary,Resumo da ocorrência
Issue Type,Tipo de ocorrência
Issue a debit note with 0 qty against an existing Sales Invoice,Emita uma nota de débito com 0 Qty contra uma fatura de vendas existente
Issued,Publicado
Issued Items Against Work Order,Itens emitidos contra a ordem de serviço
Issues,Ocorrências
Issuing Date,Data de emissão
Issuing cannot be done to a location. Please enter employee to issue the Asset {0} to,A emissão não pode ser feita em um local. Insira o funcionário para emitir o ativo {0} para
It can take upto few hours for accurate stock values to be visible after merging items.,Pode levar até algumas horas para que os valores precisos de stock sejam visíveis após a fusão de itens.
It is needed to fetch Item Details.,É necessário buscar detalhes do item.
"It's not possible to distribute charges equally when total amount is zero, please set 'Distribute Charges Based On' as 'Quantity'","Não é possível distribuir as cobranças igualmente quando o valor total é zero, defina 'Distribua as cobranças com base em' como 'quantidade'"
Item,Item
Item 1,Item 1
Item 2,Item 2
Item 3,Item 3
Item 4,Item 4
Item 5,Item 5
Item Alternative,Item alternativo
Item Attribute,Atributo do item
Item Attribute Value,Valor do atributo do item
Item Attribute Values,Valores do atributo de item
Item Balance (Simple),Balanço do item (simples)
Item Barcode,Item de código de barras
Item Cart,Carrinho de itens
Item Code,Código do item
Item Code (Final Product),Código do item (produto final)
Item Code > Item Group > Brand,Código do item> Grupo de itens> marca
Item Code cannot be changed for Serial No.,O código do item não pode ser alterado para o número de série
Item Code required at Row No {0},Código do item necessário na linha no {0}
Item Code: {0} is not available under warehouse {1}.,Código do item: {0} não está disponível no armazém {1}.
Item Customer Detail,Detalhes do cliente do item
Item Default,Item Padrão
Item Defaults,Padrões de item
Item Description,Descrição do item
Item Details,Detalhes do item
Item Group,Grupo de itens
Item Group Defaults,Padrões de grupo de itens
Item Group Name,Nome do grupo de itens
Item Group Tree,Árvore do grupo de itens
Item Group not mentioned in item master for item {0},Grupo de itens não mencionado no item mestre para o item {0}
Item Group wise Discount,Item Group Wise Descont
Item Groups,Grupos de itens
Item Image (if not slideshow),Imagem do item (se não for apresentação de slides)
Item Information,Informações do item
Item Locations,Locais dos itens
Item Manager,Gerente de Item
Item Manufacturer,Fabricante de item
Item Name,Nome do item
Item Naming By,Nomeação do item por
Item Price,Preço do item
Item Price Settings,Configurações do preço do item
Item Price Stock,Stock de preço do item
Item Price added for {0} in Price List {1},Preço do item adicionado para {0} na lista de preços {1}
"Item Price appears multiple times based on Price List, Supplier/Customer, Currency, Item, Batch, UOM, Qty, and Dates.","O preço do item aparece várias vezes com base na lista de preços, fornecedor/cliente, moeda, item, lote, UOM, qty e datas."
Item Price updated for {0} in Price List {1},Preço do item Atualizado para {0} na lista de preços {1}
Item Prices,Preços dos itens
Item Quality Inspection Parameter,Parâmetro de inspeção da qualidade do item
Item Reference,Referência do item
Item Reorder,Reordenar o item
Item Row {0}: {1} {2} does not exist in above '{1}' table,Linha do item {0}: {1} {2} não existe no acima '{1}' tabela
Item Serial No,Item serial no
Item Shortage Report,Relatório de escassez de itens
Item Supplier,Fornecedor de itens
Item Tax,Imposto sobre o item
Item Tax Amount Included in Value,Valor do imposto do item incluído no valor
Item Tax Rate,Taxa de imposto sobre o item
Item Tax Row {0} must have account of type Tax or Income or Expense or Chargeable,Linha de imposto de item {0} deve ter conta de tipo de imposto ou receita ou despesa ou cargo
Item Tax Template,Modelo de imposto de item
Item Tax Template Detail,Detalhes do modelo de imposto de item
Item To Manufacture,Item para fabricar
Item UOM,Item uom
Item Unavailable,Item indisponível
Item Variant,Variante do item
Item Variant Attribute,Atributo da variante do item
Item Variant Details,Detalhes da variante do item
Item Variant Settings,Configurações da variante do item
Item Variant {0} already exists with same attributes,Variante de item {0} já existe com os mesmos atributos
Item Variants updated,Variantes de item atualizadas
Item Warehouse based reposting has been enabled.,O reposicionamento baseado no armazém de itens foi ativado.
Item Website Specification,Especificação do site do item
Item Weight Details,Detalhes do peso do item
Item Wise Tax Detail,Detalhes fiscais do item
Item and Warehouse,Item e armazém
Item and Warranty Details,Detalhes dos itens e garantia
Item for row {0} does not match Material Request,Item para linha {0} não corresponde à solicitação de material
Item has variants.,Item tem variantes.
Item is mandatory in Raw Materials table.,O item é obrigatório na mesa de matérias -primas.
Item is removed since no serial / batch no selected.,"O item é removido, pois nenhum serial / lote não selecionado."
Item must be added using 'Get Items from Purchase Receipts' button,O item deve ser adicionado usando o botão 'Get itens dos recibos de compra'
Item name,Nome do item
Item operation,Operação do item
Item qty can not be updated as raw materials are already processed.,"O item Qty não pode ser atualizado, pois as matérias -primas já estão processadas."
Item rate has been updated to zero as Allow Zero Valuation Rate is checked for item {0},"A taxa de item foi atualizada para zero, pois a taxa de avaliação zero é verificada quanto ao item {0}"
Item to Manufacture,Item para fabricar
Item to be manufactured or repacked,Item a ser fabricado ou reembalado
Item valuation rate is recalculated considering landed cost voucher amount,"A taxa de avaliação do item é recalculada considerando o valor do comprovante de custo de importação"
Item valuation reposting in progress. Report might show incorrect item valuation.,Avaliação de itens Repositando em andamento. O relatório pode mostrar avaliação incorreta do item.
Item variant {0} exists with same attributes,Variante de item {0} existe com os mesmos atributos
Item {0} cannot be added as a sub-assembly of itself,Item {0} não pode ser adicionado como uma submontagem de si mesmo
Item {0} cannot be ordered more than {1} against Blanket Order {2}.,O item {0} não pode ser encomendado mais do que {1} contra a ordem geral {2}.
Item {0} does not exist,Item {0} não existe
Item {0} does not exist in the system or has expired,O item {0} não existe no sistema ou expirou
Item {0} does not exist.,Item {0} não existe.
Item {0} entered multiple times.,Item {0} inserido várias vezes.
Item {0} has already been returned,O item {0} já foi devolvido
Item {0} has been disabled,Item {0} foi desativado
Item {0} has no Serial No. Only serialized items can have delivery based on Serial No,Item {0} não tem serial No. apenas itens serializados podem ter entrega com base em não
Item {0} has reached its end of life on {1},Item {0} atingiu seu fim de vida em {1}
Item {0} ignored since it is not a stock item,"Item {0} ignorado, pois não é um item de stock"
Item {0} is already reserved/delivered against Sales Order {1}.,O item {0} já está reservado/entregue contra a ordem de vendas {1}.
Item {0} is cancelled,Item {0} é cancelado
Item {0} is disabled,Item {0} está desativado
Item {0} is not a serialized Item,Item {0} não é um item serializado
Item {0} is not a stock Item,Item {0} não é um item de stock
Item {0} is not a subcontracted item,Item {0} não é um item subcontratado
Item {0} is not active or end of life has been reached,O item {0} não está ativo ou o fim da vida foi alcançado
Item {0} must be a Fixed Asset Item,Item {0} deve ser um item de ativo fixo
Item {0} must be a Non-Stock Item,Item {0} deve ser um item sem stock
Item {0} must be a Sub-contracted Item,Item {0} deve ser um item subcontratado
Item {0} must be a non-stock item,Item {0} deve ser um item sem stock
Item {0} not found in 'Raw Materials Supplied' table in {1} {2},Item {0} não encontrado em 'Matérias -primas fornecidas' Tabela em {1} {2}
Item {0} not found.,Item {0} não encontrado.
Item {0}: Ordered qty {1} cannot be less than minimum order qty {2} (defined in Item).,Item {0}: qty ordenado {1} não pode ser menor que o pedido mínimo Qty {2} (definido no item).
Item {0}: {1} qty produced. ,Item {0}: {1} Qty produzido.
Item {} does not exist.,Item {} não existe.
Item-wise Price List Rate,Taxa de lista de preços em termos de item
Item-wise Purchase History,Histórico de compras por item
Item-wise Purchase Register,Registro de compra em termos de item
Item-wise Sales History,Histórico de vendas em termos de item
Item-wise Sales Register,Registro de vendas em termos de item
Item: {0} does not exist in the system,Item: {0} não existe no sistema
Items,Unid
Items Filter,Filtro de itens
Items Required,Itens necessários
Items To Be Requested,Itens a serem solicitados
Items cannot be updated as Subcontracting Order is created against the Purchase Order {0}.,Os itens não podem ser atualizados como a ordem de subcontratação é criada em relação ao pedido de compra {0}.
Items for Raw Material Request,Itens para solicitação de matéria -prima
Items rate has been updated to zero as Allow Zero Valuation Rate is checked for the following items: {0},"A taxa de itens foi atualizada para zero, pois a taxa de avaliação zero é verificada para os seguintes itens: {0}"
Items to Be Repost,Itens a serem repostos
Items to Manufacture are required to pull the Raw Materials associated with it.,Os itens a serem fabricados são necessários para puxar as matérias -primas associadas a ele.
Items to Reserve,Itens para reservar
Items under this warehouse will be suggested,Os itens deste armazém serão sugeridos
Items {0} do not exist in the Item master.,Itens {0} não existem no mestre do item.
Itemwise Discount,Itemwise desconto
Itemwise Recommended Reorder Level,Itemwise Recomendado Nível de reordenação
JAN,Jan
Job Capacity,Capacidade do trabalho
Job Card,Cartão de trabalho
Job Card Analysis,Análise do cartão de trabalho
Job Card Item,Item do cartão de trabalho
Job Card Operation,Operação do cartão de trabalho
Job Card Scheduled Time,Horário programado para cartão de trabalho
Job Card Scrap Item,Item de sucata de cartão de trabalho
Job Card Summary,Resumo do cartão de trabalho
Job Card Time Log,Log do tempo do cartão de trabalho
Job Card and Capacity Planning,Cartão de trabalho e planejamento de capacidade
Job Card {0} has been completed,Cartão de trabalho {0} foi concluído
Job Cards,Cartões de trabalho
Job Paused,Trabalho parado
Job Started,O trabalho começou
Job Title,Cargo
Job Worker,Trabalhador
Job Worker Address,Endereço do trabalhador
Job Worker Address Details,Detalhes do endereço do trabalhador
Job Worker Contact,Contato de trabalhador
Job Worker Delivery Note,Nota de entrega do trabalhador
Job Worker Name,Nome do trabalhador
Job Worker Warehouse,Armazém de trabalhadores
Job card {0} created,Cartão de trabalho {0} criado
Job: {0} has been triggered for processing failed transactions,Job: {0} foi acionado para o processamento de transações com falha
Joining,Juntando -se
Journal Entries,Entradas do diário
Journal Entries {0} are un-linked,As entradas do diário {0} estão ligadas
Journal Entry,Entrada do diário
Journal Entry Account,Conta de inscrição no diário
Journal Entry Template,Modelo de entrada do diário
Journal Entry Template Account,Conta de modelo de entrada de diário
Journal Entry Type,Tipo de entrada do diário
Journal Entry for Asset scrapping cannot be cancelled. Please restore the Asset.,"A entrada de diário para sucata de ativos não pode ser cancelada. Por favor, restaure o ativo."
Journal Entry for Scrap,Entrada do diário para sucata
Journal Entry type should be set as Depreciation Entry for asset depreciation,O tipo de entrada do diário deve ser definido como entrada de depreciação para depreciação de ativos
Journal Entry {0} does not have account {1} or already matched against other voucher,Entrada do diário {0} não possui conta {1} ou já comparado a outro voucher
Journal entries have been created,As entradas do diário foram criadas
Journals,Revistas
Kanban Board,Conselho Kanban
"Keep Track of Sales Campaigns. Keep track of Leads, Quotations, Sales Order etc from Campaigns to gauge Return on Investment. ","Acompanhe as campanhas de vendas. Acompanhe leads, citações, pedidos de vendas etc. de campanhas para avaliar o retorno do investimento."
Key,Chave
Keyboard Shortcuts,Atalhos de teclado
Kindly cancel the Manufacturing Entries first against the work order {0}.,Cancelar gentilmente as entradas de fabricação primeiro em relação à ordem de serviço {0}.
Kindly select the company first,"Por favor, selecione a empresa primeiro"
LIFO,Life
Label,Rótulo
Landed Cost Help,Ajuda do custo da terra
Landed Cost Item,Item de custo de terra
Landed Cost Purchase Receipt,Recibo de compra de custo de terra
Landed Cost Taxes and Charges,Impostos de custo de terra e cobranças
Landed Cost Voucher,Comprovante de custo de importação
Landed Cost Voucher Amount,Valor do comprovante de custo de importação
Landscape,Paisagem
Language,Linguagem
Lapsed,Capido
Large,Grande
Last Carbon Check,Última verificação de carbono
Last Communication,Última comunicação
Last Communication Date,Última data de comunicação
Last Completion Date,Última data de conclusão
Last GL Entry update was done {}. This operation is not allowed while system is actively being used. Please wait for 5 minutes before retrying.,A última atualização de entrada GL foi realizada {}. Esta operação não é permitida enquanto o sistema está sendo usado ativamente. Aguarde 5 minutos antes de tentar novamente.
Last Integration Date,Última data de integração
Last Month Downtime Analysis,Análise de tempo de inatividade no mês passado
Last Name,Sobrenome
"Last Name, Email or Phone/Mobile of the user are mandatory to continue.","Sobrenome, email ou telefone/celular do usuário são obrigatórios para continuar."
Last Order Amount,Valor da última ordem
Last Order Date,Data do último pedido
Last Purchase Rate,Última taxa de compra
Last Stock Transaction for item {0} under warehouse {1} was on {2}.,A última transação de stock para o item {0} em Warehouse {1} estava em {2}.
Last carbon check date cannot be a future date,Última data de verificação de carbono não pode ser uma data futura
Last transacted,Última realização
Latest,Mais recente
Latest Age,Última idade
Latitude,Latitude
Lead,Lead
Lead -> Prospect,Lead -> Prospect
Lead Count,Contagem de leads
Lead Details,Detalhes do lead
Lead Name,Nome do lead
Lead Owner,Responsável pelo lead
Lead Owner Efficiency,Eficiência do responsável pelo lead
Lead Owner cannot be same as the Lead Email Address,O responsável pelo lead não pode ser o mesmo que o endereço de e-mail do lead
Lead Time,Prazo de atendimento
Lead Time (Days),Prazo de atendimento (dias)
Lead Time (in mins),Prazo de atendimento (em minutos)
Lead Time Date,Data do prazo de atendimento
Lead Time Days,Dias de prazo de atendimento
Lead Time in days,Prazo de atendimento em dias
Lead Type,Tipo de lead
Lead {0} has been added to prospect {1}.,O lead {0} foi adicionado ao prospecto {1}.
Leads,Leads
"Leads help you get business, add all your contacts and more as your leads","Leads ajudam você a obter negócios, adicione todos os seus contatos e muito mais como seus leads"
"Learn about <a href=""https://docs.erpnext.com/docs/v13/user/manual/en/accounts/articles/common_party_accounting#:~:text=Common%20Party%20Accounting%20in%20ERPNext,Invoice%20against%20a%20primary%20Supplier."">Common Party</a>","Aprenda sobre <a href = ""https://docs.erpnext.com/docs/v13/user/manual/en/accounts/articles/common_party_accinging#: ~ :invoice%Common%20Party%20in%20erpnext.Invoice Festa </a>"
Leave Encashed?,Sair encerrado?
"Leave blank for home.|||This is relative to site URL, for example ""about"" will redirect to ""https://yoursitename.com/about""",Deixe em branco para casa.
Leave blank if the Supplier is blocked indefinitely,Deixe em branco se o fornecedor estiver bloqueado indefinidamente
Leave blank to use the standard Delivery Note format,Deixe em branco para usar o formato de nota de entrega padrão
Ledger,Ledger
Ledger Health,Saúde do Ledger
Ledger Health Monitor,Monitor de Saúde do Ledger
Ledger Health Monitor Company,Companhia de Monitor de Saúde Ledger
Ledger Merge,Merge de Ledger
Ledger Merge Accounts,Contas de mesclagem de contabilidade
Left,Esquerda
Left Child,Filho esquerdo
Left Index,ÍNDICE ESQUERDO
Legacy Fields,Campos herdados
Legal,Jurídico
Legal Entity / Subsidiary with a separate Chart of Accounts belonging to the Organization.,Entidade / subsidiária legal com um gráfico separado de contas pertencentes à organização.
Legal Expenses,Despesas legais
Legend,Lenda
Length,Comprimento
Length (cm),Comprimento (cm)
Less Than Amount,Menor que quantidade
Letter Head,Cabeçalho
Letter or Email Body Text,Texto do corpo de carta ou e-mail
Letter or Email Closing Text,Texto de fechamento de carta ou e-mail
Level,Nível
Level (BOM),Level (BOM)
Lft,LFT
Liabilities,Passivos
Liability,Responsabilidade
License Details,Detalhes da licença
License Number,Número da licença
License Plate,Placa de licença
Likes,Gosta
Limit Crossed,Limite cruzado
Limit timeslot for Stock Reposting,Limite de intervalo de tempo para reposição de stock
Limited to 12 characters,Limitado a 12 caracteres
Limits don't apply on,Os limites não se aplicam em
Line spacing for amount in words,Espaçamento de linha para quantidade em palavras
Link,Link
Link Options,Opções de link
Link a new bank account,Vincular uma nova conta bancária
Link existing Quality Procedure.,Vincular procedimento de qualidade existente.
Link to Material Request,Link para solicitação de material
Link to Material Requests,Link para solicitações de materiais
Link with Customer,Link com o cliente
Link with Supplier,Link com o fornecedor
Linked Documents,Documentos vinculados
Linked Invoices,Faturas vinculadas
Linked Location,Localização vinculada
Linked with submitted documents,Ligado a documentos enviados
Linking Failed,Vincular falhou
Linking to Customer Failed. Please try again.,"Vincular o cliente falhou. Por favor, tente novamente."
Linking to Supplier Failed. Please try again.,"Vincular ao fornecedor falhou. Por favor, tente novamente."
Links,Links
List items that form the package.,Liste os itens que formam o pacote.
Load All Criteria,Carregue todos os critérios
Loading Invoices! Please Wait...,"Carregando faturas! Por favor, aguarde..."
Loading import file...,Carregando o arquivo de importação ...
Loan,Empréstimo
Loan End Date,Data final do empréstimo
Loan Period (Days),Período de empréstimo (dias)
Loan Start Date,Data de início do empréstimo
Loan Start Date and Loan Period are mandatory to save the Invoice Discounting,Data de início do empréstimo e período de empréstimo são obrigatórios para salvar o desconto da fatura
Loans (Liabilities),Empréstimos (passivos)
Loans and Advances (Assets),Empréstimos e avanços (ativos)
Local,Local
Location,Localização
Location Details,Detalhes da localização
Location Name,Nome da localização
Locked,Trancado
Log Entries,Entradas de log
Log out,Log Out
Log the selling and buying rate of an Item,Registre a taxa de venda e compra de um item
Logo,Logotipo
Longitude,Longitude
Lost,Perdido
Lost Opportunity,Oportunidade perdida
Lost Quotation,Citação perdida
Lost Quotations,Citações perdidas
Lost Quotations %,Citações perdidas %
Lost Reason,Razão perdida
Lost Reason Detail,Detalhe da razão perdida
Lost Reasons,Razões perdidas
Lost Reasons are required in case opportunity is Lost.,"Razões perdidas são necessárias, caso a oportunidade seja perdida."
Lost Value,Valor perdido
Lost Value %,Valor perdido %
Low,Baixo
Lower Deduction Certificate,Certificado de dedução mais baixa
Lower Income,Menor renda
Loyalty Amount,Valor de lealdade
Loyalty Point Entry,Entrada do ponto de fidelidade
Loyalty Point Entry Redemption,Resgate de entrada de ponto de fidelidade
Loyalty Points,Pontos de lealdade
Loyalty Points Redemption,Pontos de lealdade Redenção
"Loyalty Points will be calculated from the spent done (via the Sales Invoice), based on collection factor mentioned.","Os pontos de fidelidade serão calculados a partir dos gastos (através da fatura de vendas), com base no fator de coleta mencionado."
Loyalty Points: {0},Pontos de lealdade: {0}
Loyalty Program,Programa de fidelidade
Loyalty Program Collection,Coleção de programas de fidelidade
Loyalty Program Help,Ajuda do programa de fidelidade
Loyalty Program Name,Nome do programa de fidelidade
Loyalty Program Tier,Nível do Programa de Fidelidade
Loyalty Program Type,Tipo de programa de fidelidade
MAT-DN-.YYYY.-,Mat-dn-.yyyy.-
MAT-DN-RET-.YYYY.-,Mat-dn-ret-.yyyy.-
MAT-DT-.YYYY.-,Mat-dt-.yyyy.-
MAT-INS-.YYYY.-,Mat-ins-.yyyy.-
MAT-LCV-.YYYY.-,Mat-lcv-.yyyy.-
MAT-MR-.YYYY.-,Mat-mr-.yyyy.-
MAT-MSH-.YYYY.-,Mat-msh-.yyyy.-
MAT-MVS-.YYYY.-,Alimentos-mvs-..aayy.-
MAT-PAC-.YYYY.-,Mat-Pac-.yyyy.-
MAT-PR-RET-.YYYY.-,Mat-pr-rt -.yyyy.-
MAT-PRE-.YYYY.-,Mat-pre-.yyyy.-
MAT-QA-.YYYY.-,Mat-qa-.yyyy.-
MAT-RECO-.YYYY.-,Mat-Reco-.yyyy.-
MAT-SCR-.YYYY.-,Mat-scr-.yyyy.-
MAT-SCR-RET-.YYYY.-,Mat-scr-ret-.yyyy.-
MAT-STE-.YYYY.-,Mat-ste-.yyyy.-
MFG-BLR-.YYYY.-,Mfg-blr-.yyy.-
MFG-PP-.YYYY.-,Mfg-pp-.yyyy.-
MFG-WO-.YYYY.-,Mfg-wo-.yyyy.-
Machine,Máquina
Machine Type,Tipo de máquina
Machine malfunction,Máquinas de funcionamento
Machine operator errors,Erros do operador da máquina
Main,Principal
Main Cost Center,Centro de custo principal
Main Cost Center {0} cannot be entered in the child table,Centro de custo principal {0} não pode ser inserido na tabela infantil
Maintain Asset,Manter ativo
Maintain Same Rate Throughout Sales Cycle,Mantenha a mesma taxa ao longo do ciclo de vendas
Maintain Same Rate Throughout the Purchase Cycle,Mantenha a mesma taxa durante todo o ciclo de compra
Maintain Stock,Manter o stock
Maintenance,Manutenção
Maintenance Date,Data de manutenção
Maintenance Details,Detalhes da manutenção
Maintenance Log,Log de manutenção
Maintenance Manager,Gerente de Manutenção
Maintenance Manager Name,Nome do gerente de manutenção
Maintenance Required,Manutenção necessária
Maintenance Role,Função de manutenção
Maintenance Schedule,Cronograma de manutenção
Maintenance Schedule Detail,Detalhes do cronograma de manutenção
Maintenance Schedule Item,Item do cronograma de manutenção
Maintenance Schedule is not generated for all the items. Please click on 'Generate Schedule',O cronograma de manutenção não é gerado para todos os itens. Clique em 'Gereate Schedure'
Maintenance Schedule {0} exists against {1},Cronograma de manutenção {0} existe contra {1}
Maintenance Schedules,Cronogramas de manutenção
Maintenance Status,Status de manutenção
Maintenance Status has to be Cancelled or Completed to Submit,O status de manutenção deve ser cancelado ou concluído para enviar
Maintenance Task,Tarefa de manutenção
Maintenance Tasks,Tarefas de manutenção
Maintenance Team,Equipe de manutenção
Maintenance Team Member,Membro da equipe de manutenção
Maintenance Team Members,Membros da equipe de manutenção
Maintenance Team Name,Nome da equipe de manutenção
Maintenance Time,Tempo de manutenção
Maintenance Type,Tipo de manutenção
Maintenance User,Usuário de manutenção
Maintenance Visit,Visita de manutenção
Maintenance Visit Purpose,Manutenção Visite Objetivo
Maintenance start date can not be before delivery date for Serial No {0},A data de início da manutenção não pode ser antes da data de entrega para a série não {0}
Major/Optional Subjects,Assuntos principais/opcionais
Make,Fazer
Make ,Fazer
Make Asset Movement,Fazer movimento de ativos
Make Depreciation Entry,Faça a entrada de depreciação
Make Difference Entry,Faça a entrada de diferença
Make Payment via Journal Entry,Faça o pagamento via diário de entrada
Make Purchase Invoice,Faça a fatura de compra
Make Quotation,Fazer citação
Make Return Entry,Faça a entrada de retorno
Make Sales Invoice,Faça a fatura de vendas
Make Serial No / Batch from Work Order,Faça o número / lote serial a partir da ordem de serviço
Make Stock Entry,Faça a entrada de stock
Make Subcontracting PO,Fazer subcontratação PO
Make Transfer Entry,Faça a entrada de transferência
Make a call,Faça uma chamada
Make project from a template.,Faça o projeto de um modelo.
Make {0} Variant,Faça {0} variante
Make {0} Variants,Faça {0} variantes
Making Journal Entries against advance accounts: {0} is not recommended. These Journals won't be available for Reconciliation.,Fazendo entradas do diário contra contas antecipadas: {0} não é recomendado. Esses periódicos não estarão disponíveis para reconciliação.
Manage,Gerenciar
Manage cost of operations,Gerenciar o custo das operações
Manage your orders,Gerencie seus pedidos
Management,Gerenciamento
Mandatory,Obrigatório
Mandatory Accounting Dimension,Dimensão contábil obrigatória
Mandatory Depends On,Obrigatório depende
Mandatory Field,Campo obrigatório
Mandatory For Balance Sheet,Obrigatório para balanço patrimonial
Mandatory For Profit and Loss Account,Conta obrigatória para lucro e perda
Mandatory Missing,Falta de falta
Mandatory Purchase Order,Pedido de compra obrigatório
Mandatory Purchase Receipt,Recibo de compra obrigatória
Mandatory Section,Seção obrigatória
Manual,Manual
Manual Inspection,Inspeção manual
Manual entry cannot be created! Disable automatic entry for deferred accounting in accounts settings and try again,A entrada manual não pode ser criada! Desative a entrada automática para contabilidade diferida nas configurações de contas e tente novamente
Manufacture,Fabricação
Manufacture against Material Request,Fabricar contra solicitação de material
Manufactured,Fabricado
Manufactured Qty,Qty fabricada
Manufacturer,Fabricante
Manufacturer Part Number,Número da peça do fabricante
Manufacturer Part Number <b>{0}</b> is invalid,Número da peça do fabricante <b> {0} </b> é inválido
Manufacturers used in Items,Fabricantes usados em itens
Manufacturing,Fabricação
Manufacturing BOM,Bom manufatura
Manufacturing Date,Data de fabricação
Manufacturing Manager,Gerente de Manufatura
Manufacturing Quantity is mandatory,A quantidade de fabricação é obrigatória
Manufacturing Section,Seção de fabricação
Manufacturing Settings,Configurações de fabricação
Manufacturing Type,Tipo de fabricação
Manufacturing User,Usuário de fabricação
Mapping Purchase Receipt ...,Mapeamento de recibo de compra ...
Mapping Subcontracting Order ...,Ordem de subcontratação de mapeamento ...
Mapping {0} ...,Mapeamento {0} ...
Margin,Margem
Margin Money,Dinheiro da margem
Margin Rate or Amount,Taxa de margem ou quantidade
Margin Type,Tipo de margem
Margin View,Vista de margem
Marital Status,Estado civil
Mark As Closed,Marque como fechado
Market Segment,Segmento de mercado
Marketing,Marketing
Marketing Expenses,Despesas de marketing
Married,Casado
Mask,Máscara
Master,Mestre
Material,Material
Material Consumption,Consumo de material
Material Consumption for Manufacture,Consumo de material para fabricação
Material Consumption is not set in Manufacturing Settings.,O consumo de material não está definido nas configurações de fabricação.
Material Issue,Questão material
Material Receipt,Recibo de material
Material Request,Solicitação de material
Material Request Date,Data de solicitação do material
Material Request Detail,Detalhes da solicitação de material
Material Request Item,Item de solicitação de material
Material Request No,Solicitação de material no
Material Request Plan Item,Item do plano de solicitação de material
Material Request Type,Tipo de solicitação de material
"Material Request not created, as quantity for Raw Materials already available.","Solicitação de material não criada, como quantidade para matérias -primas já disponíveis."
Material Request of maximum {0} can be made for Item {1} against Sales Order {2},A solicitação de material do máximo {0} pode ser feita para o item {1} contra a ordem de vendas {2}
Material Request used to make this Stock Entry,Solicitação de material usada para fazer esta entrada de stock
Material Request {0} is cancelled or stopped,Solicitação de material {0} é cancelada ou parada
Material Request {0} submitted.,Solicitação de material {0} enviado.
Material Requested,Material solicitado
Material Requests,Solicitações de materiais
Material Requests Required,Solicitações de material necessário
Material Requests for which Supplier Quotations are not created,Solicitações de materiais para as quais não foram criadas cotações de fornecedores
Material Returned from WIP,Material retornado do WIP
Material Transfer,Transferência de material
Material Transfer (In Transit),Transferência de material (em trânsito)
Material Transfer for Manufacture,Transferência de material para fabricação
Material Transferred,Material transferido
Material Transferred for Manufacture,Material transferido para fabricação
Material Transferred for Manufacturing,Material transferido para manufatura
Material Transferred for Subcontract,Material transferido para subcontrato
Material to Supplier,Material para o fornecedor
Materials are already received against the {0} {1},Os materiais já são recebidos contra o {0} {1}
Materials needs to be transferred to the work in progress warehouse for the job card {0},Os materiais precisam ser transferidos para o trabalho em andamento para o cartão de trabalho {0}
Max Amount,Quantidade máxima
Max Amt,Max amt
Max Discount (%),Desconto máximo (%)
Max Grade,Grade Max
Max Qty,MAX QTY
Max Qty (As Per Stock UOM),MAX QTY (conforme o stock UOM)
Max Sample Quantity,Quantidade máxima da amostra
Max Score,Pontuação máxima
Max discount allowed for item: {0} is {1}%,O desconto máximo permitido para o item: {0} é {1}%
Max: {0},Max: {0}
Maximum Invoice Amount,Quantidade máxima da fatura
Maximum Net Rate,Taxa líquida máxima
Maximum Payment Amount,Valor máximo de pagamento
Maximum Samples - {0} can be retained for Batch {1} and Item {2}.,Amostras máximas - {0} podem ser retidas para o lote {1} e o item {2}.
Maximum Samples - {0} have already been retained for Batch {1} and Item {2} in Batch {3}.,Amostras máximas - {0} já foram retidas para o lote {1} e o item {2} em lote {3}.
Maximum Use,Uso máximo
Maximum Value,Valor máximo
Maximum discount for Item {0} is {1}%,O desconto máximo para o item {0} é {1}%
Maximum quantity scanned for item {0}.,Quantidade máxima digitalizada para o item {0}.
Maximum sample quantity that can be retained,Quantidade máxima da amostra que pode ser retida
Medium,Médio
Mention Valuation Rate in the Item master.,Mencione a taxa de avaliação no mestre do item.
Mention if non-standard Receivable account,Mencionar se conta a receber não padrão
Mention if non-standard payable account,Mencionar se conta a pagar fora do padrão
Mention if non-standard receivable account applicable,Mencionar se a conta a receber não padrão aplicável
Menu,Menu
Merge,Mesclar
Merge Account,Conta de mesclagem
Merge Invoices Based On,Mesclar faturas com base em
Merge Progress,Mesclar progresso
Merge Similar Account Heads,Mesclar cabeças de conta semelhantes
Merge taxes from multiple documents,Mesclar impostos de vários documentos
Merge with Existing Account,Fundir -se com a conta existente
Merge with existing,Fundir -se com a existência
Merged,Mesclado
"Merging is only possible if following properties are same in both records. Is Group, Root Type, Company and Account Currency","A fusão só é possível se as propriedades seguintes forem as mesmas nos dois registros. É o grupo, o tipo de raiz, a moeda da empresa e da conta"
Merging {0} of {1},Mesclagem {0} de {1}
Message,Mensagem
Message Examples,Exemplos de mensagens
Message Sent,Mensagem enviada
Message for Supplier,Mensagem para fornecedor
Message to show,Mensagem para mostrar
Message will be sent to the users to get their status on the Project,A mensagem será enviada aos usuários para obter seu status no projeto
Messages greater than 160 characters will be split into multiple messages,Mensagens superiores a 160 caracteres serão divididas em várias mensagens
Messaging CRM Campagin,Mensagens CRM Campagin
Middle Income,Renda média
Middle Name,Nome do meio
Min Amount,Valor mínimo
Min Amt,Meu condado
Min Amt can not be greater than Max Amt,Min AMT não pode ser maior que Max AMT
Min Grade,Minha nota
Min Order Qty,Min Pedido Qtd
Min Qty,Min Qtd
Min Qty (As Per Stock UOM),Min Qtdy (conforme o stock UOM)
Min Qty can not be greater than Max Qty,Min qty não pode ser maior que o máximo de qty
Min Qty should be greater than Recurse Over Qty,Min Qty deve ser maior que recorrente sobre Qtdy
Minimum Invoice Amount,Quantidade mínima de fatura
Minimum Lead Age (Days),Idade mínima de chumbo (dias)
Minimum Net Rate,Taxa líquida mínima
Minimum Order Qty,Qtd de encomenda mínima
Minimum Order Quantity,Quantidade mínima do pedido
Minimum Payment Amount,Valor mínimo de pagamento
Minimum Qty,Qty mínimo
Minimum Total Spent,Total mínimo gasto
Minimum Value,Valor mínimo
Minimum quantity should be as per Stock UOM,A quantidade mínima deve ser conforme o stock uom
Minute,Minuto
Minutes,Minutos
Miscellaneous Expenses,Despesas diversas
Mismatch,Incompatibilidade
Missing,Ausente
Missing Account,Conta ausente
Missing Asset,Falta ativo
Missing Cost Center,Centro de custo ausente
Missing Default in Company,Falta de inadimplência na empresa
Missing Finance Book,Livro financeiro ausente
Missing Finished Good,Falta bem acabada
Missing Formula,Fórmula ausente
Missing Item,Item ausente
Missing Payments App,App de pagamentos ausentes
Missing Serial No Bundle,Falta serial sem pacote
Missing Values Required,Valores ausentes necessários
Missing email template for dispatch. Please set one in Delivery Settings.,Modelo de email ausente para despacho. Defina um nas configurações de entrega.
Missing value,Valor ausente
Mixed Conditions,Condições mistas
Mobile,Móvel
Mobile Number,Número de telemóvel
Mobile: ,Móvel:
Mode Of Payment,Modo de pagamento
Mode of Payment,Modo de pagamento
Mode of Payment Account,Modo de conta de pagamento
Mode of Payments,Modo de pagamentos
Model,Modelo
Modes of Payment,Modos de pagamento
Modified By,Modificado por
Modified On,Modificado em
Monday,Segunda-feira
Monitor Progress,Monitore o progresso
Monitor for Last 'X' days,Monitore os últimos dias 'x'
Monitoring Frequency,Frequência de monitoramento
Month,Mês
Month(s) after the end of the invoice month,Mês (s) após o final do mês da fatura
Monthly,Mensal
Monthly Completed Work Orders,Ordens de serviço preenchidas mensais
Monthly Distribution,Distribuição mensal
Monthly Distribution Percentage,Porcentagem mensal de distribuição
Monthly Distribution Percentages,Porcentagens mensais de distribuição
Monthly Quality Inspections,Inspeções mensais de qualidade
Monthly Rate,Taxa mensal
Monthly Sales Target,Meta de vendas mensais
Monthly Total Work Orders,Ordens de serviço totais mensais
Months,Meses
More Info,Mais informações
More Information,Mais informações
More/Less than 12 months.,Mais/menos de 12 meses.
Move,Mover
Move Item,Mover item
Move Stock,Mover o stock
Move to Cart,Mover para o carrinho
Movement,Movimento
Moving Average,Média móvel
Moving up in tree ...,Mudando em árvore ...
Multi Currency,Multi Moeda
Multi-level BOM Creator,Criador de Bom Multi-Lea
Multiple Loyalty Programs found for Customer {}. Please select manually.,Vários programas de fidelidade encontrados para o cliente {}. Selecione manualmente.
"Multiple Price Rules exists with same criteria, please resolve conflict by assigning priority. Price Rules: {0}","Existe várias regras de preço com os mesmos critérios, resolva conflitos atribuindo prioridade. Regras de preço: {0}"
Multiple Tier Program,Programa de camadas múltiplas
Multiple Variants,Variantes múltiplas
Multiple Warehouse Accounts,Múltiplas contas de armazém
Multiple fiscal years exist for the date {0}. Please set company in Fiscal Year,"Existem vários anos fiscais para a data {0}. Por favor, defina a empresa no ano fiscal"
Multiple items cannot be marked as finished item,Vários itens não podem ser marcados como item acabado
Must be Whole Number,Deve ser um número inteiro
Must be a publicly accessible Google Sheets URL and adding Bank Account column is necessary for importing via Google Sheets,Deve ser um URL do Google Sheets acessível ao público e a coluna de contas bancárias é necessária para importação por meio do Google Sheets
Mute Email,Email mudo
N/A,N / D
Name,Nome
Name and Employee ID,Nome e ID de funcionário
Name of Beneficiary,Nome do beneficiário
Name of new Account. Note: Please don't create accounts for Customers and Suppliers,"Nome de nova conta. Nota: Por favor, não crie contas para clientes e fornecedores"
Name of the Monthly Distribution,Nome da distribuição mensal
Named Place,Lugar nomeado
Naming Series,Série de nomeação
Naming Series Prefix,Prefixo da série de nomeação
Naming Series and Price Defaults,Série de nomeação e inadimplência de preços
Naming Series is mandatory,A série de nomeação é obrigatória
Natural Gas,Gás natural
Needs Analysis,Precisa de análise
Negative Batch Quantity,Quantidade negativa de lote
Negative Quantity is not allowed,Quantidade negativa não é permitida
Negative Valuation Rate is not allowed,A taxa de avaliação negativa não é permitida
Negotiation/Review,Negociação/revisão
Net Amount,Valor líquido
Net Amount (Company Currency),Valor líquido (moeda da empresa)
Net Asset value as on,Valor do ativo líquido como em
Net Cash from Financing,Dinheiro líquido do financiamento
Net Cash from Investing,Dinheiro líquido de investir
Net Cash from Operations,Caixa líquida de operações
Net Change in Accounts Payable,Alteração líquida nas contas a pagar
Net Change in Accounts Receivable,Alteração líquida nas contas a receber
Net Change in Cash,Mudança líquida em dinheiro
Net Change in Equity,Mudança líquida no patrimônio líquido
Net Change in Fixed Asset,Alteração líquida no ativo fixo
Net Change in Inventory,Alteração líquida no inventário
Net Hour Rate,Taxa de hora líquida
Net Profit,Lucro líquido
Net Profit/Loss,Lucro/perda líquida
Net Purchase Amount,Valor da compra líquida
Net Rate,Taxa líquida
Net Rate (Company Currency),Taxa líquida (moeda da empresa)
Net Total,Total líquido
Net Total (Company Currency),Total líquido (moeda da empresa)
Net Weight,Peso líquido
Net Weight UOM,Peso líquido UOM
Net total calculation precision loss,Perda de precisão de cálculo total líquido
New,Novo
New Account Name,Novo nome da conta
New Asset Value,Novo valor do ativo
New Assets (This Year),Novos ativos (este ano)
New BOM,New BOM
New Balance In Account Currency,Novo saldo na moeda da conta
New Balance In Base Currency,New Balance na moeda base
New Batch ID (Optional),Novo ID do lote (opcional)
New Batch Qty,Novo Qtty em lote
New Company,Nova empresa
New Cost Center Name,Novo nome do centro de custo
New Customer Revenue,Nova receita de clientes
New Customers,Novos clientes
New Department,Novo departamento
New Employee,Novo funcionário
New Event,Novo evento
New Exchange Rate,Nova taxa de câmbio
New Expenses,Novas despesas
New Income,Nova renda
New Location,Nova localização
New Note,Nova nota
New Purchase Invoice,Nova fatura de compra
New Purchase Orders,Novos pedidos de compra
New Quality Procedure,Novo procedimento de qualidade
New Quotations,Novas citações
New Sales Invoice,Nova fatura de vendas
New Sales Orders,Novos pedidos de vendas
New Sales Person Name,Nome do novo vendedor
New Serial No cannot have Warehouse. Warehouse must be set by Stock Entry or Purchase Receipt,Novo NO em série não pode ter armazém. O armazém deve ser definido por entrada de stock ou recibo de compra
New Task,Nova tarefa
New Version,Nova versão
New Warehouse Name,Novo nome do armazém
New Workplace,Novo local de trabalho
New credit limit is less than current outstanding amount for the customer. Credit limit has to be atleast {0},O novo limite de crédito é menor que o valor em circulação atual para o cliente. O limite de crédito deve ser pelo menos {0}
New fiscal year created :- ,Novo ano fiscal criado:-
New invoices will be generated as per schedule even if current invoices are unpaid or past due date,"Novas faturas serão geradas conforme o cronograma, mesmo que as faturas atuais não sejam pagas ou a data de vencimento não paga"
New release date should be in the future,A nova data de lançamento deve estar no futuro
New task,Nova tarefa
New {0} pricing rules are created,Novas regras de preços {0} são criadas
Next,Próximo
Next Depreciation Date,Próxima data de depreciação
Next Due Date,Próxima data de vencimento
Next email will be sent on:,O próximo e-mail será enviado em:
No,Não
No Account matched these filters: {},Nenhuma conta correspondeu a esses filtros: {}
No Action,Sem ação
No Answer,Sem resposta
No Customer found for Inter Company Transactions which represents company {0},Nenhum cliente encontrado para transações entre empresas que representa a empresa {0}
No Customers found with selected options.,Não há clientes encontrados com opções selecionadas.
No Data,Sem dados
No Delivery Note selected for Customer {},Nenhuma nota de entrega selecionada para o cliente {}
No Item with Barcode {0},Nenhum item com código de barras {0}
No Item with Serial No {0},Nenhum item com serial no {0}
No Items selected for transfer.,Nenhum itens selecionados para transferência.
No Items with Bill of Materials to Manufacture,Sem itens com estrutura de produto para fabrico
No Items with Bill of Materials.,Não há itens com estrutura de produtos.
No Matching Bank Transactions Found,Nenhuma transação bancária correspondente encontrada
No Matching Vouchers Found,Nenhum vouchers correspondente encontrado
No Notes,Sem anotações
No Outstanding Invoices found for this party,Nenhuma fatura pendente encontrada para esta festa
No POS Profile found. Please create a New POS Profile first,"Nenhum perfil de POS encontrado. Por favor, crie um novo perfil de POS primeiro"
No Permission,Sem permissão
No Purchase Orders were created,Nenhum pedido de compra foi criado
No Records for these settings.,Sem registros para essas configurações.
No Remarks,Sem comentários
No Selection,Sem seleção
No Serial / Batches are available for return,Nenhum serial / lotes está disponível para devolução
No Stock Available Currently,Nenhum stock disponível atualmente
No Summary,Sem resumo
No Supplier found for Inter Company Transactions which represents company {0},Nenhum fornecedor encontrado para transações entre empresas que representa a empresa {0}
No Tax Withholding data found for the current posting date.,Nenhum dado de retenção de impostos encontrado para a data atual da postagem.
No Terms,Sem termos
No Unreconciled Invoices and Payments found for this party and account,Não há faturas e pagamentos não reconhecidos encontrados para esta parte e conta
No Unreconciled Payments found for this party,Nenhum pagamento não reconhecido encontrado para esta parte
No Work Orders were created,Nenhuma ordens de trabalho foram criadas
No accounting entries for the following warehouses,Sem entradas contábeis para os seguintes armazéns
No active BOM found for item {0}. Delivery by Serial No cannot be ensured,Nenhuma nativa ativa encontrada para o item {0}. Entrega por NO serial não pode ser garantida
No additional fields available,Sem campos adicionais disponíveis
No billing email found for customer: {0},Nenhum email de cobrança encontrado para o cliente: {0}
No catalogs found or an error occurred.,Nenhum catálogo encontrado ou um erro ocorreu.
No contacts with email IDs found.,Nenhum contato com IDs de e-mail encontrados.
No data for this period,Sem dados para este período
No data found. Seems like you uploaded a blank file,Nenhum dado encontrado. Parece que você enviou um arquivo em branco
No data to export,Sem dados para exportar
No description given,Nenhuma descrição dada
No employee was scheduled for call popup,Nenhum funcionário estava agendado para pop -up de chamada
No failed logs,Sem logs com falha
No item available for transfer.,Nenhum item disponível para transferência.
No items are available in sales orders {0} for production,Nenhum itens está disponível em pedidos de vendas {0} para produção
No items are available in the sales order {0} for production,Nenhum itens está disponível na ordem de vendas {0} para produção
No items found. Scan barcode again.,Nenhum itens encontrado. Digitalize o código de barras novamente.
No items in cart,Sem itens no carrinho
No items to be received are overdue,Nenhum itens a serem recebidos está vencido
No matches occurred via auto reconciliation,Nenhuma correspondência ocorreu via reconciliação automática
No material request created,Nenhum pedido de material criado
No more children on Left,Não há mais crianças à esquerda
No more children on Right,Não há mais crianças à direita
No of Docs,Nenhum dos documentos
No of Employees,Nenhum dos funcionários
No of Interactions,Não de interações
No of Months (Expense),Não de meses (despesa)
No of Months (Revenue),Não de meses (receita)
No of Shares,NO de ações
No of Visits,Não de visitas
No open POS Opening Entry found for POS Profile {0}.,Nenhuma entrada aberta de abertura de POS encontrada para o perfil POS {0}.
No open event,Sem evento aberto
No open task,Nenhuma tarefa aberta
No outstanding invoices found,Nenhuma fatura pendente encontrada
No outstanding invoices require exchange rate revaluation,Nenhuma fatura pendente requer reavaliação da taxa de câmbio
No outstanding {0} found for the {1} {2} which qualify the filters you have specified.,Nenhum excelente {0} encontrado para o {1} {2} que qualifica os filtros que você especificou.
No pending Material Requests found to link for the given items.,Nenhum pedido de material pendente encontrado para vincular os itens fornecidos.
No primary email found for customer: {0},Nenhum email primário encontrado para o cliente: {0}
No products found.,Nenhum produto encontrado.
No recent transactions found,Nenhuma transação recente encontrada
No record found,Nenhum registro encontrado
No records found in Allocation table,Nenhum registro encontrado na tabela de alocação
No records found in the Invoices table,Nenhum registro encontrado na tabela de faturas
No records found in the Payments table,Nenhum registro encontrado na tabela de pagamentos
No reserved stock to unreserve.,Nenhum stock reservado para não serve.
No stock ledger entries were created. Please set the quantity or valuation rate for the items properly and try again.,Nenhuma entradas de contabilidade foi criada. Defina a quantidade ou taxa de avaliação para os itens corretamente e tente novamente.
No stock transactions can be created or modified before this date.,Nenhuma transação de stock pode ser criada ou modificada antes desta data.
No values,Sem valores
No {0} Accounts found for this company.,Não {0} contas encontradas para esta empresa.
No {0} found for Inter Company Transactions.,Não {0} encontrado para transações entre empresas.
No.,Não.
No. of Employees,No. de funcionários
No. of parallel job cards which can be allowed on this workstation. Example: 2 would mean this workstation can process production for two Work Orders at a time.,No. de cartões de trabalho paralelos que podem ser permitidos nesta estação de trabalho. Exemplo: 2 significaria que esta estação de trabalho pode processar a produção de duas ordens de serviço por vez.
Non Conformance,Não conformidade
Non Depreciable Category,Categoria não depreciável
Non Profit,Sem lucro
Non stock items,Itens não stocks
Non-Zeros,Muito zuros
None,Nenhum
None of the items have any change in quantity or value.,Nenhum dos itens tem alguma alteração em quantidade ou valor.
Nos,Nos
Not Allowed,Não é permitido
Not Applicable,Não aplicável
Not Available,Não disponível
Not Billed,Não cobrado
Not Delivered,Não entregue
Not Initiated,Não iniciado
Not Permitted,Não permitido
Not Requested,Não solicitado
Not Specified,Não especificado
Not Started,Não começou
Not active,Não ativo
Not allow to set alternative item for the item {0},Não permitir definir item alternativo para o item {0}
Not allowed to create accounting dimension for {0},Não é permitido criar dimensão contábil para {0}
Not allowed to update stock transactions older than {0},Não tem permissão para atualizar as transações de stock mais antigas que {0}
Not authorized since {0} exceeds limits,Não autorizado desde {0} excede os limites
Not authorized to edit frozen Account {0},Não autorizado a editar a conta congelada {0}
Not in Stock,Não em stock
Not in stock,Não em stock
Not permitted,Não permitido
Note,Observação
Note: Automatic log deletion only applies to logs of type <i>Update Cost</i>,Nota: A exclusão automática de log se aplica apenas a logs do tipo <i> Atualizar custo </i>
Note: Due Date exceeds allowed {0} credit days by {1} day(s),Nota: A data de vencimento excede os dias de crédito permitido {0} por {1} dia (s)
Note: Email will not be sent to disabled users,NOTA: O email não será enviado para usuários deficientes
"Note: If you want to use the finished good {0} as a raw material, then enable the 'Do Not Explode' checkbox in the Items table against the same raw material.","NOTA: Se você deseja usar o bom {0} como matéria -prima, ative a caixa de seleção 'Não exploda' na tabela de itens contra a mesma matéria -prima."
Note: Item {0} added multiple times,Nota: Item {0} adicionado várias vezes
Note: On checking Is Mandatory the accounting dimension will become mandatory against that specific account for all accounting transactions,"NOTA: Na verificação é obrigatória, a dimensão contábil se tornará obrigatória contra essa conta específica de todas as transações contábeis"
Note: Payment Entry will not be created since 'Cash or Bank Account' was not specified,"NOTA: A entrada de pagamento não será criada, pois 'Cash ou Bank Conta' não foi especificada"
Note: This Cost Center is a Group. Cannot make accounting entries against groups.,Nota: Este centro de custo é um grupo. Não pode fazer entradas contábeis contra grupos.
"Note: To merge the items, create a separate Stock Reconciliation for the old item {0}","Nota: Para mesclar os itens, crie uma reconciliação de stock separada para o item antigo {0}"
Note: {0},Nota: {0}
Notes,Notas
Notes HTML,Notas html
Notes: ,Notas:
Nothing is included in gross,Nada está incluído no bruto
Nothing more to show.,Nada mais para mostrar.
Notice (days),Aviso (dias)
Notify Customers via Email,Notifique os clientes por e-mail
Notify Employee,Notificar o funcionário
Notify Other,Notificar outro
Notify Reposting Error to Role,Notificar o erro de reposição para a função
Notify Supplier,Notificar o fornecedor
Notify Via Email,Notificar por e-mail
Notify by Email on Creation of Automatic Material Request,Notificar por e-mail sobre a criação de solicitação automática de material
Notify customer and agent via email on the day of the appointment.,Notifique o cliente e o agente por e-mail no dia da consulta.
Number of Concurrent Appointments,Número de compromissos simultâneos
Number of Days,Número de dias
Number of Interaction,Número de interação
Number of Order,Número de ordem
Number of days after invoice date has elapsed before canceling subscription or marking subscription as unpaid,Número de dias após a data da fatura ter decorrido antes de cancelar a assinatura ou marcar a assinatura como não paga
Number of days appointments can be booked in advance,Número de dias de compromissos podem ser reservados com antecedência
Number of days that the subscriber has to pay invoices generated by this subscription,Número de dias que o assinante deve pagar faturas geradas por esta assinatura
"Number of intervals for the interval field e.g if Interval is 'Days' and Billing Interval Count is 3, invoices will be generated every 3 days","Número de intervalos para o campo de intervalo, por exemplo, se o intervalo for 'dias' e a contagem de intervalos de cobrança for 3, as faturas serão geradas a cada 3 dias"
"Number of new Account, it will be included in the account name as a prefix","Número de nova conta, ele será incluído no nome da conta como um prefixo"
"Number of new Cost Center, it will be included in the cost center name as a prefix","Número de novo centro de custo, ele será incluído no nome do centro de custo como um prefixo"
Numeric,Numérico
Numeric Inspection,Inspeção numérica
Numeric Values,Valores numéricos
Numero has not set in the XML file,Numero não definiu no arquivo XML
O+,O+
O-,O-
Objective,Objetivo
Objectives,Objetivos
Odometer Value (Last),Valor do odômetro (último)
Off,Desligado
Offer Date,Data de oferta
Office Equipment,Equipamento de escritório
Office Maintenance Expenses,Despesas de manutenção do escritório
Office Rent,Aluguel de escritório
Offsetting Account,Conta de compensação
Offsetting for Accounting Dimension,Compensação para dimensão contábil
Old Parent,Velho pai
Oldest Of Invoice Or Advance,Mais antigo da fatura ou avanço
On Hold,Em espera
On Hold Since,Em espera desde então
On Item Quantity,Na quantidade do item
On Net Total,No total líquido
On Paid Amount,No valor pago
On Previous Row Amount,No valor da linha anterior
On Previous Row Total,Na linha anterior total
On This Date,Nesta data
On Track,No caminho certo
On enabling this cancellation entries will be posted on the actual cancellation date and reports will consider cancelled entries as well,"Ao ativar, essas entradas de cancelamento serão publicadas na data real do cancelamento e os relatórios também considerarão as entradas canceladas"
"On expanding a row in the Items to Manufacture table, you'll see an option to 'Include Exploded Items'. Ticking this includes raw materials of the sub-assembly items in the production process.","Ao expandir uma linha nos itens para fabricar a tabela, você verá uma opção para 'incluir itens explodidos'. Ticking Isso inclui matérias-primas dos itens da submontagem no processo de produção."
"On submission of the stock transaction, system will auto create the Serial and Batch Bundle based on the Serial No / Batch fields.","No envio da transação de stock, o System criará automaticamente o pacote de serial e lote com base nos campos de no / lote serial."
On-machine press checks,Verificações de imprensa na máquina
"Once set, this invoice will be on hold till the set date","Uma vez definido, esta fatura ficará em espera até a data definida"
Once the Work Order is Closed. It can't be resumed.,Depois que a ordem de serviço estiver fechada. Não pode ser retomado.
One customer can be part of only single Loyalty Program.,Um cliente pode fazer parte do apenas um programa de fidelidade única.
Ongoing Job Cards,Cartões de trabalho em andamento
Only 'Payment Entries' made against this advance account are supported.,Somente 'entradas de pagamento' feitas contra essa conta antecipada são suportadas.
Only CSV and Excel files can be used to for importing data. Please check the file format you are trying to upload,Somente arquivos CSV e Excel podem ser usados para importar dados. Verifique o formato do arquivo que você está tentando fazer upload
Only Deduct Tax On Excess Amount ,Apenas deduzir o imposto sobre o valor excessivo
Only Include Allocated Payments,Incluir apenas pagamentos alocados
Only Parent can be of type {0},Somente pai pode ser do tipo {0}
Only Value available for Payment Entry,Somente valor disponível para entrada de pagamento
Only applies for Normal Payments,Aplica -se apenas para pagamentos normais
Only existing assets,Apenas ativos existentes
Only leaf nodes are allowed in transaction,Apenas nós de folha são permitidos na transação
Only one {0} entry can be created against the Work Order {1},Apenas uma entrada {0} pode ser criada contra a ordem de serviço {1}
Only show Customer of these Customer Groups,Mostrar apenas o cliente desses grupos de clientes
Only show Items from these Item Groups,Mostrar apenas itens desses grupos de itens
"Only values between [0,1) are allowed. Like {0.00, 0.04, 0.09, ...}|||Ex: If allowance is set at 0.07, accounts that have balance of 0.07 in either of the currencies will be considered as zero balance account","Somente valores entre [0,1) são permitidos. Como {0,00, 0,04, 0,09, ...} ||| ex: Se a subsídio for definida em 0,07, contas que possuem saldo de 0,07 em qualquer uma das moedas serão consideradas como conta de saldo zero"
Only {0} are supported,Somente {0} são suportados
Open,Aberto
Open Activities HTML,Atividades abertas html
Open BOM {0},Open Bom {0}
Open Call Log,Log de chamada aberta
Open Contact,Contato aberto
Open Event,Evento aberto
Open Events,Eventos abertos
Open Form View,Vista de forma aberta
Open Issues,Questões abertas
Open Issues ,Questões abertas
Open Item {0},Item aberto {0}
Open Notifications,Notificações abertas
Open Projects,Projetos abertos
Open Projects ,Projetos abertos
Open Quotations,Citações abertas
Open Sales Orders,Pedidos de vendas abertas
Open Task,Tarefa aberta
Open Tasks,Abra tarefas
Open To Do,Aberto a fazer
Open To Do ,Aberto a fazer
Open Work Order {0},Ordem de serviço aberto {0}
Open Work Orders,Ordens de serviço aberto
Open a new ticket,Abra um novo ingresso
Opening,Abertura
Opening (Cr),Abertura (CR)
Opening (Dr),Abertura (dr)
Opening Accumulated Depreciation,Abertura da depreciação acumulada
Opening Amount,Valor de abertura
Opening Balance,Balanço de abertura
Opening Balance Details,Detalhes do saldo de abertura
Opening Balance Equity,Equidade de equilíbrio de abertura
Opening Date,Data de abertura
Opening Entry,Entrada de abertura
Opening Entry can not be created after Period Closing Voucher is created.,A entrada de abertura não pode ser criada após a criação do voucher de fechamento do período.
Opening Invoice Creation In Progress,Criação de fatura de abertura em andamento
Opening Invoice Creation Tool,Ferramenta de criação de fatura de abertura
Opening Invoice Creation Tool Item,Item da ferramenta de criação de fatura de abertura
Opening Invoice Item,Item de fatura de abertura
"Opening Invoice has rounding adjustment of {0}.<br><br> '{1}' account is required to post these values. Please set it in Company: {2}.<br><br> Or, '{3}' can be enabled to not post any rounding adjustment.","A fatura de abertura possui ajuste de arredondamento de {0}. <br> <br> '{1}' A conta é necessária para postar esses valores. Defina -o na empresa: {2}. <br> <br> ou, '{3}' pode ser ativado para não publicar nenhum ajuste de arredondamento."
Opening Invoices,Abrindo faturas
Opening Invoices Summary,Resumo das faturas de abertura
Opening Number of Booked Depreciations,Número de abertura de depreciações reservadas
Opening Purchase Invoices have been created.,As faturas de compra de abertura foram criadas.
Opening Qty,Qtdy de abertura
Opening Sales Invoices have been created.,As faturas de vendas de abertura foram criadas.
Opening Stock,Stock de abertura
Opening Time,Horário de abertura
Opening Value,Valor de abertura
Operating Cost,Custo operacional
Operating Cost (Company Currency),Custo operacional (moeda da empresa)
Operating Cost Per BOM Quantity,Custo operacional por quantidade BOM
Operating Cost as per Work Order / BOM,Custo operacional conforme a ordem de serviço / nascimento
Operating Cost(Company Currency),Custo operacional (moeda da empresa)
Operating Costs,Custos operacionais
Operation,Operação
Operation & Materials,Operação e Materiais
Operation Cost,Custo de operação
Operation Description,Descrição da operação
Operation ID,ID da operação
Operation Id,ID da operação
Operation Row ID,Operação ID da linha
Operation Row Id,Operação ID da linha
Operation Row Number,Número da linha da operação
Operation Time,Tempo de operação
Operation Time must be greater than 0 for Operation {0},O tempo de operação deve ser maior que 0 para a operação {0}
Operation completed for how many finished goods?,Operação concluída por quantos produtos acabados?
Operation time does not depend on quantity to produce,O tempo de operação não depende da quantidade para produzir
Operation {0} added multiple times in the work order {1},Operação {0} adicionada várias vezes na ordem de serviço {1}
Operation {0} does not belong to the work order {1},Operação {0} não pertence à ordem de serviço {1}
"Operation {0} longer than any available working hours in workstation {1}, break down the operation into multiple operations","Operação {0} mais do que qualquer horário de trabalho disponível na estação de trabalho {1}, divida a operação em várias operações"
Operations,Operações
Operations Routing,Roteamento de operações
Operations cannot be left blank,As operações não podem ser deixadas em branco
Operator,Operador
Opp Count,Contagem de opções
Opp/Lead %,UP/LIDE %
Opportunities,Oportunidades
Opportunities by Campaign,Oportunidades por campanha
Opportunities by Medium,Oportunidades por médio
Opportunities by Source,Oportunidades por fonte
Opportunity,Oportunidade
Opportunity Amount,Quantidade de oportunidade
Opportunity Amount (Company Currency),Valor da oportunidade (moeda da empresa)
Opportunity Date,Data de oportunidade
Opportunity From,Oportunidade de
Opportunity Item,Item de oportunidade
Opportunity Lost Reason,Oportunidade perdeu a razão
Opportunity Lost Reason Detail,Oportunidade perdeu o detalhe da razão
Opportunity Owner,Proprietário da oportunidade
Opportunity Source,Fonte de oportunidade
Opportunity Summary by Sales Stage,Resumo da oportunidade por estágio de vendas
Opportunity Type,Tipo de oportunidade
Opportunity Value,Valor de oportunidade
Opportunity {0} created,Oportunidade {0} criada
Optimize Route,Otimizar a rota
"Optional. Sets company's default currency, if not specified.","Opcional. Define a moeda padrão da empresa, se não for especificada."
Optional. This setting will be used to filter in various transactions.,Opcional. Essa configuração será usada para filtrar em várias transações.
Options,Opções
Orange,Laranja
Order Amount,Valor do pedido
Order By,Ordem por
Order Confirmation Date,Data de confirmação do pedido
Order Confirmation No,Confirmação do pedido no
Order Count,Contagem de pedidos
Order Date,Data do pedido
Order Information,Encomendar informações
Order No,Ordem não
Order Qty,Ordem Qtd
Order Status,Status do pedido
Order Summary,Resumo do pedido
Order Type,Tipo de pedido
Order Value,Valor do pedido
Order/Quot %,Pedido/quot %
Ordered,Ordenado
Ordered Qty,Qty ordenado
"Ordered Qty: Quantity ordered for purchase, but not received.","Qty ordenado: quantidade ordenada para compra, mas não recebida."
Ordered Quantity,Quantidade ordenada
Orders,Ordens
Organization,Organização
Organization Name,Nome da organização
Orientation,Orientação
Original Item,Item original
Other,Outro
Other Details,Outros detalhes
Other Info,Outras informações
Other Settings,Outras configurações
Out Qty,OUT QTY
Out Value,Valor de saída
Out of AMC,Fora da AMC
Out of Order,Fora de ordem
Out of Stock,Fora de stock
Out of Warranty,Fora da garantia
Out of stock,Fora de stock
Outgoing,De saída
Outgoing Rate,Taxa de saída
Outstanding,Fora do comum
Outstanding (Company Currency),Excelente (moeda da empresa)
Outstanding Amount,Quantidade pendente
Outstanding Amt,Excelente AMT
Outstanding Cheques and Deposits to clear,Cheques e depósitos pendentes para limpar
Outstanding for {0} cannot be less than zero ({1}),Excelente para {0} não pode ser menor que zero ({1})
Outward,Para fora
Over Billing Allowance (%),Subsídio de cobrança (%)
Over Billing Allowance exceeded for Purchase Receipt Item {0} ({1}) by {2}%,Subsídio de cobrança excedido para o item de recibo de compra {0} ({1}) por {2}%
Over Delivery/Receipt Allowance (%),Subsídio de entrega/recibo (%)
Over Picking Allowance,Sobre a colheita de subsídios
Over Receipt,Sobre o recebimento
Over Receipt/Delivery of {0} {1} ignored for item {2} because you have {3} role.,Over recebimento/entrega de {0} {1} ignorado para o item {2} porque você tem uma função {3}.
Over Transfer Allowance,Sobre o subsídio de transferência
Over Transfer Allowance (%),Subsídio de transferência (%)
Overbilling of {0} {1} ignored for item {2} because you have {3} role.,Overbilling de {0} {1} ignorado para o item {2} porque você tem {3} função.
Overbilling of {} ignored because you have {} role.,Overbilling de {} ignorado porque você tem {} função.
Overdue,Atrasado
Overdue Days,Dias atrasados
Overdue Payment,Pagamento em atraso
Overdue Payments,Pagamentos em atraso
Overdue Tasks,Tarefas vencidas
Overdue and Discounted,Atrasado e descontado
Overlap in scoring between {0} and {1},Sobreposição na pontuação entre {0} e {1}
Overlapping conditions found between:,Condições sobrepostas encontradas entre:
Overproduction Percentage For Sales Order,Porcentagem de superprodução para o pedido de vendas
Overproduction Percentage For Work Order,Porcentagem de superprodução para ordem de serviço
Overproduction for Sales and Work Order,Superprodução para vendas e ordem de serviço
Overview,Visão geral
Owned,Controlado
Owner,Proprietário
PAN No,PAN No
PDF Name,Nome do PDF
PIN,PIN
PMO-,PMO-
PO Supplied Item,Item fornecido por PO
PO-JOB.#####,Po-job. #####
POS,POS
POS Closed,POS fechado
POS Closing Entry,Entrada de fechamento de POS
POS Closing Entry Detail,Detalhes de entrada de fechamento de POS
POS Closing Entry Taxes,POS de fechamento de impostos de entrada
POS Closing Failed,O fechamento do POS falhou
POS Closing failed while running in a background process. You can resolve the {0} and retry the process again.,O fechamento do POS falhou durante a execução em um processo em segundo plano. Você pode resolver o {0} e tentar novamente o processo.
POS Customer Group,Grupo de clientes POS
POS Field,Campo POS
POS Invoice,Fatura de POS
POS Invoice Item,Item da fatura do POS
POS Invoice Merge Log,Log de mesclagem de fatura POS
POS Invoice Reference,Referência de fatura de POS
POS Invoice is already consolidated,Fatura de POS já está consolidada
POS Invoice is not submitted,Fatura POS não é enviada
POS Invoice isn't created by user {},Fatura de POS não é criada pelo usuário {}
POS Invoice should have the field {0} checked.,A fatura do POS deve ter o campo {0} verificado.
POS Invoices,Faturas de POS
POS Invoices can't be added when Sales Invoice is enabled,As faturas de POS não podem ser adicionadas quando a fatura de vendas estiver ativada
POS Invoices will be consolidated in a background process,As faturas de POS serão consolidadas em um processo de fundo
POS Invoices will be unconsolidated in a background process,As faturas de POS serão consolidadas em um processo de fundo
POS Item Group,Grupo de Item POS
POS Opening Entry,Entrada de abertura do POS
POS Opening Entry Detail,Detalhes de entrada de abertura do POS
POS Opening Entry Missing,Entrada de abertura do POS ausente
POS Payment Method,Método de pagamento POS
POS Profile,Perfil de POS
POS Profile User,Usuário do perfil de POS
POS Profile doesn't match {},O perfil POS não corresponde a {}
POS Profile is mandatory to mark this invoice as POS Transaction.,O perfil do POS é obrigatório para marcar essa fatura como transação de POS.
POS Profile required to make POS Entry,Perfil de POS necessário para fazer a entrada de POS
POS Profile {} contains Mode of Payment {}. Please remove them to disable this mode.,Perfil POS {} contém modo de pagamento {}. Remova -os para desativar este modo.
POS Profile {} does not belongs to company {},Perfil POS {} não pertence à empresa {}
POS Register,Registro pos
POS Search Fields,Campos de pesquisa de POS
POS Setting,Configuração do POS
POS Settings,Configurações de POS
POS Transactions,Transações de pos
POS has been closed at {0}. Please refresh the page.,POS foi fechado em {0}. Atualize a página.
POS invoice {0} created successfully,Fatura de pos {0} criada com sucesso
POS-CLO-,Pos-Clo-
PRLE-.####,Prle-. ####
PROJ-.####,Proj-. ####
PSOA Cost Center,Centro de custo da PSOA
PSOA Project,Projeto PSOA
PU-SSP-.YYYY.-,Pu-ssp-.yyyy.-
PUR-ORD-.YYYY.-,Pur-Ord-.yyyy.-
PUR-RFQ-.YYYY.-,Pur-rfq-.yyy.
PUR-SQTN-.YYYY.-,Pur-sqtn-.yyy.-
PVP (AO),PVP (AO)
PVP (MZ),PVP (MZ)
PVR (%),PVR (%)
PZN,PZN
Package No(s) already in use. Try from Package No {0},Pacote No(s) já em uso. Experimente do pacote No {0}
Package Weight Details,Detalhes do peso do pacote
Packaging Slip From Delivery Note,Deslize de embalagem da nota de entrega
Packed Item,Item embalado
Packed Items,Itens embalados
Packed Items cannot be transferred internally,Itens embalados não podem ser transferidos internamente
Packed Qty,Qtdy embalado
Packing List,Lista de embalagem
Packing Slip,Guia de embalagem
Packing Slip Item,Item de guia de embalagem
Packing Slip(s) cancelled,Guia(s) de embalagem cancelado
Packing Unit,Unidade de embalagem
Page Break,Quebra de página
Page Break After Each SoA,Página quebra após cada SOA
Page {0} of {1},Página {0} de {1}
Paid,Pago
Paid Amount,Valor pago
Paid Amount (Company Currency),Valor pago (moeda da empresa)
Paid Amount After Tax,Valor pago após impostos
Paid Amount After Tax (Company Currency),Valor pago após impostos (moeda da empresa)
Paid Amount cannot be greater than total negative outstanding amount {0},O valor pago não pode ser maior que o valor em circulação total negativo {0}
Paid From Account Type,Pago do tipo de conta
Paid Loan,Empréstimo pago
Paid To Account Type,Pago ao tipo de conta
Paid amount + Write Off Amount can not be greater than Grand Total,Valor pago + o valor de gravação não pode ser maior que o grande total
Pallets,Paletes
Parameter,Parâmetro
Parameter Group,Grupo de parâmetros
Parameter Group Name,Nome do grupo de parâmetros
Parameter Name,Nome do parâmetro
Parameters,Parâmetros
Parcel Template,Modelo de encomenda
Parcel Template Name,Nome do modelo de encomenda
Parcel weight cannot be 0,O peso da parcela não pode ser 0
Parcels,Encomendas
Parent,Principal
Parent Account,Conta principal
Parent Account Missing,Conta principal ausente
Parent Batch,Lote principal
Parent Company,Empresa principal
Parent Company must be a group company,A empresa principal deve ser uma empresa de grupo
Parent Cost Center,Centro de custo principal
Parent Customer Group,Grupo de clientes principal
Parent Department,Departamento principal
Parent Detail docname,Docname do detalhe principal
Parent Document,Documento principal
Parent Item,Item principal
Parent Item Group,Grupo de itens principal
Parent Item {0} must not be a Fixed Asset,O item principal {0} não deve ser um ativo fixo
Parent Item {0} must not be a Stock Item,O item principal {0} não deve ser um item de estoque
Parent Location,Localização principal
Parent Procedure,Procedimento principal
Parent Row No,Número da linha principal
Parent Row No not found for {0},Número da linha principal não encontrado para {0}
Parent Sales Person,Vendedor principal
Parent Supplier Group,Grupo de fornecedores principal
Parent Task,Tarefa principal
Parent Task {0} is not a Template Task,A tarefa principal {0} não é uma tarefa modelo
Parent Territory,Território principal
Parent Warehouse,Armazém principal
Parsing Error,Erro de análise
Partial Material Transferred,Material parcial transferido
Partial Payment in POS Transactions are not allowed.,O pagamento parcial nas transações de POS não é permitido.
Partial Stock Reservation,Reserva de stock parcial
Partial Success,Sucesso parcial
"Partial stock can be reserved. For example, If you have a Sales Order of 100 units and the Available Stock is 90 units then a Stock Reservation Entry will be created for 90 units. ","O stock parcial pode ser reservado. Por exemplo, se você tiver uma ordem de vendas de 100 unidades e o stock disponível for de 90 unidades, uma entrada de reserva de stock será criada para 90 unidades."
Partially Completed,Parcialmente concluído
Partially Delivered,Parcialmente entregue
Partially Depreciated,Parcialmente depreciado
Partially Fulfilled,Parcialmente cumprido
Partially Ordered,Parcialmente ordenado
Partially Paid,Parcialmente pago
Partially Received,Recebido parcialmente
Partially Reconciled,Parcialmente reconciliado
Partially Reserved,Parcialmente reservado
Partially ordered,Parcialmente ordenado
Particulars,Detalhes
Partly Billed,Parcialmente cobrado
Partly Delivered,Parcialmente entregue
Partly Paid,Parcialmente pago
Partly Paid and Discounted,Parcialmente pago e com desconto
Partner Type,Tipo de parceiro
Partner website,Site de parceiros
Partnership,Parceria
Party,Entidade
Party Account,Conta da entidade
Party Account Currency,Moeda da conta da entidade
Party Account No. (Bank Statement),Conta da entidade nº (extrato bancário)
Party Account {0} currency ({1}) and document currency ({2}) should be same,A conta da entidade {0} moeda ({1}) e a moeda do documento ({2}) devem ser iguais
Party Bank Account,Conta bancária da entidade
Party Details,Detalhes da entidade
Party IBAN (Bank Statement),IBAN da entidade (extrato bancário)
Party Information,Informações da entidade
Party Item Code,Código do item da entidade
Party Link,Link da entidade
Party Name,Nome da entidade
Party Name/Account Holder (Bank Statement),Nome da entidade/titular da conta (extrato bancário)
Party Specific Item,Item específico da entidade
Party Type,Tipo de entidade
Party Type and Party can only be set for Receivable / Payable account<br><br>{0},O tipo de entidade e a entidade só podem ser definidos para conta a receber / a pagar <br><br>{0}
Party Type and Party is mandatory for {0} account,O tipo de entidade e a entidade é obrigatório para {0} conta
Party Type and Party is required for Receivable / Payable account {0},O tipo de entidade e a entidade é necessário para a conta a receber / a pagar {0}
Party Type is mandatory,Tipo de entidade é obrigatório
Party User,Usuário da entidade
Party can only be one of {0},A entidade só pode ser uma das {0}
Party is mandatory,Entidade é obrigatória
Passed,Passou
Passport Details,Detalhes do passaporte
Passport Number,Número do passaporte
Past Due Date,Data de vencimento
Past Events,Eventos anteriores
Path,Caminho
Pause,Pausa
Pause Job,Pausar trabalho
Pause SLA On Status,Pause SLA no status
Paused,Parou
Pay,Pagar
Pay To / Recd From,Pagar para / recd
Payable,A pagar
Payable Account,Conta a pagar
Payables,A pagar
Payer Settings,Configurações do pagador
Payment,Pagamento
Payment Account,Conta de pagamento
Payment Amount,Valor do pagamento
Payment Amount (Company Currency),Valor do pagamento (moeda da empresa)
Payment Channel,Canal de pagamento
Payment Deductions or Loss,Deduções de pagamento ou perda
Payment Document,Documento de pagamento
Payment Document Type,Tipo de documento de pagamento
Payment Due Date,Data de vencimento do pagamento
Payment Entries,Entradas de pagamento
Payment Entries {0} are un-linked,As entradas de pagamento {0} não são vinculadas
Payment Entry,Entrada de pagamento
Payment Entry Deduction,Dedução de entrada de pagamento
Payment Entry Reference,Referência de entrada de pagamento
Payment Entry already exists,Entrada de pagamento já existe
Payment Entry has been modified after you pulled it. Please pull it again.,"A entrada de pagamento foi modificada depois que você o puxou. Por favor, puxe novamente."
Payment Entry is already created,A entrada de pagamento já foi criada
"Payment Entry {0} is linked against Order {1}, check if it should be pulled as advance in this invoice.","A entrada de pagamento {0} está vinculada ao pedido {1}, verifique se ele deve ser puxado como adiantamento nesta fatura."
Payment Failed,Pagamento falhou
Payment From / To,Pagamento de / para
Payment Gateway,Gateway de pagamento
Payment Gateway Account,Conta de gateway de pagamento
"Payment Gateway Account not created, please create one manually.","Conta de gateway de pagamento não criada, crie uma manualmente."
Payment Gateway Details,Detalhes do gateway de pagamento
Payment Ledger,Ledger de pagamento
Payment Ledger Balance,Saldo do razão de pagamento
Payment Ledger Entry,Entrada de contabilidade de pagamento
Payment Limit,Limite de pagamento
Payment Method,Método de pagamento
Payment Methods,Métodos de pagamento
Payment Mode,Modo de pagamento
Payment Order,Ordem de pagamento
Payment Order Reference,Referência de ordem de pagamento
Payment Order Status,Status do pedido de pagamento
Payment Order Type,Tipo de pedido de pagamento
Payment Ordered,Pagamento ordenado
Payment Period Based On Invoice Date,Período de pagamento com base na data da fatura
Payment Plan,Plano de pagamento
Payment Receipt Note,Nota de recebimento de pagamento
Payment Received,Pagamento recebido
Payment Reconciliation,Reconciliação de pagamento
Payment Reconciliation Allocation,Alocação de reconciliação de pagamento
Payment Reconciliation Invoice,Fatura de reconciliação de pagamento
Payment Reconciliation Job: {0} is running for this party. Can't reconcile now.,Trabalho de reconciliação de pagamento: {0} está sendo executado para esta parte. Não posso se reconciliar agora.
Payment Reconciliation Payment,Pagamento de reconciliação de pagamento
Payment Reconciliation Settings,Configurações de reconciliação de pagamento
Payment Reference,Referência de pagamento
Payment References,Referências de pagamento
Payment Request,Solicitação de pagamento
Payment Request Outstanding,Solicitação de pagamento em circulação
Payment Request Type,Tipo de solicitação de pagamento
Payment Request created from Sales Order or Purchase Order will be in Draft status. When disabled document will be in unsaved state.,A solicitação de pagamento criada a partir do pedido de vendas ou do pedido de compra estará em status de rascunho. Quando o documento desativado estará em estado não salvo.
Payment Request for {0},Solicitação de pagamento para {0}
Payment Request is already created,Solicitação de pagamento já foi criada
Payment Request took too long to respond. Please try requesting for payment again.,A solicitação de pagamento demorou muito para responder. Tente solicitar o pagamento novamente.
Payment Requests cannot be created against: {0},Solicitações de pagamento não podem ser criadas contra: {0}
Payment Schedule,Cronograma de pagamento
Payment Status,Status de pagamento
Payment Term,Termo de pagamento
Payment Term Name,Nome do prazo de pagamento
Payment Term Outstanding,Termo de pagamento em circulação
Payment Terms,Termos de pagamento
Payment Terms Status for Sales Order,Termos de pagamento status para ordem de vendas
Payment Terms Template,Modelo de termos de pagamento
Payment Terms Template Detail,Detalhes do modelo de termos de pagamento
Payment Terms from orders will be fetched into the invoices as is,Termos de pagamento de pedidos serão buscados nas faturas como estão
Payment Terms:,Termos de pagamento:
Payment Type,Tipo de pagamento
"Payment Type must be one of Receive, Pay and Internal Transfer","O tipo de pagamento deve ser de recebimento, pagamento e transferência interna"
Payment URL,URL de pagamento
Payment Unlink Error,Erro de pagamento desvincular
Payment against {0} {1} cannot be greater than Outstanding Amount {2},O pagamento contra {0} {1} não pode ser maior que o valor pendente {2}
Payment amount cannot be less than or equal to 0,O valor do pagamento não pode ser menor ou igual a 0
Payment methods are mandatory. Please add at least one payment method.,Os métodos de pagamento são obrigatórios. Adicione pelo menos um método de pagamento.
Payment of {0} received successfully.,Pagamento de {0} recebido com sucesso.
Payment of {0} received successfully. Waiting for other requests to complete...,Pagamento de {0} recebido com sucesso. Esperando por outros pedidos para concluir ...
Payment related to {0} is not completed,O pagamento relacionado a {0} não está concluído
Payment request failed,A solicitação de pagamento falhou
Payment term {0} not used in {1},Termo de pagamento {0} não usado em {1}
Payments,Pagamentos
Payroll Entry,Entrada na folha de pagamento
Payroll Payable,Folha de pagamento a pagar
Payslip,Payslip
Pending,Pendente
Pending Activities,Atividades pendentes
Pending Amount,Quantidade pendente
Pending Qty,Qtdy pendente
Pending Quantity,Quantidade pendente
Pending Review,Revisão pendente
Pending SO Items For Purchase Request,Itens pendentes para SO para solicitação de compra
Pending Work Order,Ordem de serviço pendente
Pending activities for today,Atividades pendentes para hoje
Pending processing,Processamento pendente
Per Month,Por mês
Per Received,Por recebido
Per Transferred,Por transferido
Per Week,Por semana
Per Year,Por ano
Percentage,Percentagem
Percentage (%),Porcentagem (%)
Percentage Allocation,Alocação percentual
Percentage Allocation should be equal to 100%,A alocação percentual deve ser igual a 100%
Percentage you are allowed to order beyond the Blanket Order quantity.,Porcentagem que você pode pedir além da quantidade de pedidos gerais.
Percentage you are allowed to sell beyond the Blanket Order quantity.,Porcentagem que você pode vender além da quantidade de pedidos gerais.
Percentage you are allowed to transfer more against the quantity ordered. For example: If you have ordered 100 units. and your Allowance is 10% then you are allowed to transfer 110 units.,"Porcentagem que você pode transferir mais contra a quantidade ordenada. Por exemplo: se você pediu 100 unidades. E seu subsídio é de 10%, então você pode transferir 110 unidades."
Perception Analysis,Análise da percepção
Period,Período
Period Based On,Período baseado em
Period Closed,Período fechado
Period Closing Entry For Current Period,Entrada de fechamento do período para o período atual
Period Closing Settings,Configurações de fechamento do período
Period Closing Voucher,Caso de fechamento do período
Period Details,Detalhes do período
Period End Date,Data final do período
Period End Date cannot be greater than Fiscal Year End Date,Data final do período não pode ser maior que a data de término do ano fiscal
Period Name,Nome do período
Period Score,Pontuação do período
Period Settings,Configurações de período
Period Start Date,Data de início do período
Period Start Date cannot be greater than Period End Date,A data de início do período não pode ser maior que a data final do período
Period Start Date must be {0},A data de início do período deve ser {0}
Period To Date,Período até o momento
Period based On,Período baseado em
Period_from_date,Período_from_date
Periodicity,Periodicidade
Permanent Address,Endereço permanente
Permanent Address Is,Endereço permanente é
Perpetual inventory required for the company {0} to view this report.,Inventário perpétuo necessário para a empresa {0} para visualizar este relatório.
Personal Details,Detalhes pessoais
Personal Email,E -mail pessoal
Petrol,Gasolina
Pharmaceutical,Farmacêutico
Phone,Telefone
Phone Ext.,Telefone ext.
Phone No,Telefone não
Phone Number,Número de telefone
Pick List,Lista de escolha
Pick List Incomplete,Escolha Lista de Escolha Incompleta
Pick List Item,Escolha o item da lista
Pick Manually,Escolha manualmente
Pick Serial / Batch Based On,Escolha serial / lote com base em
Pick Serial / Batch No,Escolha serial / lote não
Picked Qty,Qty escolhido
Picked Qty (in Stock UOM),Qty escolhido (em stock UOM)
Pickup,Escolher
Pickup Contact Person,Pessoa de contato de pickup
Pickup Date,Data de coleta
Pickup Date cannot be before this day,A data de coleta não pode ser antes deste dia
Pickup From,Retirada de
Pickup To time should be greater than Pickup From time,A coleta para o tempo deve ser maior que a coleta do tempo
Pickup Type,Tipo de coleta
Pickup from,Retirada de
Pickup to,Retirada de
Pipeline By,Oleoduto por
Place of Issue,Local de emissão
Plaid Access Token,Token de acesso xadrez
Plaid Client ID,ID do cliente xadrez
Plaid Environment,Ambiente xadrez
Plaid Link Failed,O link xadrez falhou
Plaid Link Refresh Required,Link xadrez Refresh necessário
Plaid Link Updated,Link xadrez atualizado
Plaid Secret,Segredo da xadrez
Plaid Settings,Configurações xadrez
Plaid transactions sync error,Erro de sincronização de transações xadrez
Plan,Plano
Plan Name,Nome do plano
Plan material for sub-assemblies,Planeje material para submontagens
Plan operations X days in advance,Operações do Planejar X Dias de antecedência
Plan time logs outside Workstation working hours,Error 500 (Server Error)!!1500.That’s an error.There was an error. Please try again later.That’s all we know.
Planned,Planejado
Planned End Date,Data de término planejada
Planned End Time,Horário de término planejado
Planned Operating Cost,Custo operacional planejado
Planned Qty,Qty planejado
"Planned Qty: Quantity, for which, Work Order has been raised, but is pending to be manufactured.","Qtdy planejado: quantidade, para a qual a ordem de serviço foi levantada, mas está pendente para ser fabricado."
Planned Quantity,Quantidade planejada
Planned Start Date,Data de início planejada
Planned Start Time,Horário de início planejado
Planning,Planejamento
Plans,Planos
Plant Dashboard,Planta Painel
Plant Floor,Piso da planta
Plants and Machineries,Plantas e máquinas
"Please Restock Items and Update the Pick List to continue. To discontinue, cancel the Pick List.","Rstock itens e atualize a lista de escolha para continuar. Para interromper, cancele a lista de escolhas."
Please Select a Company,Selecione uma empresa
Please Select a Company.,Selecione uma empresa.
Please Select a Customer,Selecione um cliente
Please Select a Supplier,Selecione um fornecedor
Please Set Priority,"Por favor, defina prioridade"
Please Set Supplier Group in Buying Settings.,Defina o Grupo de Fornecedores nas configurações de compra.
Please Specify Account,Especifique a conta
Please add 'Supplier' role to user {0}.,Adicione a função 'Fornecedor' ao usuário {0}.
Please add Mode of payments and opening balance details.,Adicione o modo de pagamentos e os detalhes do saldo de abertura.
Please add Request for Quotation to the sidebar in Portal Settings.,Adicione a solicitação de cotação à barra lateral nas configurações do portal.
Please add Root Account for - {0},Adicione a conta raiz para - {0}
Please add a Temporary Opening account in Chart of Accounts,Adicione uma conta de abertura temporária no gráfico de contas
Please add atleast one Serial No / Batch No,"Por favor, adicione pelo menos um em série no / lote não"
Please add the Bank Account column,Adicione a coluna da conta bancária
Please add the account to root level Company - {0},Adicione a conta à empresa de nível raiz - {0}
Please add the account to root level Company - {},Adicione a conta à empresa de nível raiz - {}
Please add {1} role to user {0}.,Adicione a função {1} ao usuário {0}.
Please adjust the qty or edit {0} to proceed.,Ajuste a Qtd ou editar {0} para prosseguir.
Please attach CSV file,Anexe o arquivo CSV
Please cancel and amend the Payment Entry,Cancelar e alterar a entrada de pagamento
Please cancel payment entry manually first,Cancelar a entrada de pagamento manualmente primeiro
Please cancel related transaction.,Cancelar transação relacionada.
Please check Multi Currency option to allow accounts with other currency,"Por favor, verifique a opção multi -moeda para permitir contas com outra moeda"
Please check Process Deferred Accounting {0} and submit manually after resolving errors.,Verifique a contabilidade diferida do processo {0} e envie manualmente após a resolução de erros.
Please check either with operations or FG Based Operating Cost.,Verifique com operações ou o custo operacional baseado em FG.
Please check the error message and take necessary actions to fix the error and then restart the reposting again.,Verifique a mensagem de erro e tome as ações necessárias para corrigir o erro e reinicie o reposicionamento novamente.
Please check your Plaid client ID and secret values,Verifique seu ID de cliente xadrez e valores secretos
Please check your email to confirm the appointment,Verifique seu e-mail para confirmar a consulta
Please click on 'Generate Schedule',Clique em 'Gereate Schedure'
Please click on 'Generate Schedule' to fetch Serial No added for Item {0},Clique em 'Gereate Schedule' para buscar serial sem adicionado para o item {0}
Please click on 'Generate Schedule' to get schedule,Clique em 'Gereate Schedure' para obter o cronograma
Please contact any of the following users to extend the credit limits for {0}: {1},Entre em contato com qualquer um dos seguintes usuários para estender os limites de crédito para {0}: {1}
Please contact any of the following users to {} this transaction.,Entre em contato com qualquer um dos seguintes usuários para {} esta transação.
Please contact your administrator to extend the credit limits for {0}.,Entre em contato com seu administrador para estender os limites de crédito para {0}.
Please convert the parent account in corresponding child company to a group account.,"Por favor, converta a conta pai na empresa infantil correspondente em uma conta de grupo."
Please create Customer from Lead {0}.,Crie o cliente do lead {0}.
Please create Landed Cost Vouchers against Invoices that have 'Update Stock' enabled.,Crie comprovantes de custo de importação para faturas que tenham a opção 'Atualizar stock' ativada.
Please create a new Accounting Dimension if required.,"Crie uma nova dimensão contábil, se necessário."
Please create purchase from internal sale or delivery document itself,Crie compra a partir do próprio documento de venda ou entrega interna
Please create purchase receipt or purchase invoice for the item {0},Crie recibo de compra ou fatura de compra para o item {0}
"Please delete Product Bundle {0}, before merging {1} into {2}","Exclua o pacote de produtos {0}, antes de mesclar {1} em {2}"
Please disable workflow temporarily for Journal Entry {0},Desative o fluxo de trabalho temporariamente para entrada no diário {0}
Please do not book expense of multiple assets against one single Asset.,"Por favor, não reserve a despesa de vários ativos contra um único ativo."
Please do not create more than 500 items at a time,"Por favor, não crie mais de 500 itens por vez"
Please enable Applicable on Booking Actual Expenses,Ative aplicável à reserva de despesas reais
Please enable Applicable on Purchase Order and Applicable on Booking Actual Expenses,Ativar aplicável no pedido de compra e aplicável na reserva de despesas reais
Please enable Use Old Serial / Batch Fields to make_bundle,Ative o uso de campos velhos de série / lote para fazer_bundle
Please enable only if the understand the effects of enabling this.,Ative apenas se entender os efeitos de permitir isso.
Please enable pop-ups,"Por favor, ative pop-ups"
Please enable {0} in the {1}.,Ativar {0} no {1}.
Please enable {} in {} to allow same item in multiple rows,Ativar {} em {} para permitir o mesmo item em várias linhas
Please ensure that the {0} account is a Balance Sheet account. You can change the parent account to a Balance Sheet account or select a different account.,Certifique -se de que a conta {0} seja uma conta de balanço. Você pode alterar a conta pai para uma conta de balanço ou selecionar uma conta diferente.
Please ensure that the {0} account {1} is a Payable account. You can change the account type to Payable or select a different account.,Verifique se a conta {0} {1} é uma conta a pagar. Você pode alterar o tipo de conta para pagar ou selecionar uma conta diferente.
Please ensure {} account is a Balance Sheet account.,Verifique se {} conta é uma conta de balanço patrimonial.
Please ensure {} account {} is a Receivable account.,Verifique se {} conta {} é uma conta a receber.
Please enter <b>Difference Account</b> or set default <b>Stock Adjustment Account</b> for company {0},"Por favor, insira <b> Conta de diferença </b> ou defina o padrão <b> conta de ajuste de ações </b> para a empresa {0}"
Please enter Account for Change Amount,"Por favor, insira a conta do valor da alteração"
Please enter Approving Role or Approving User,"Por favor, insira a função de aprovação ou a aprovação do usuário"
Please enter Cost Center,"Por favor, insira o Cost Center"
Please enter Delivery Date,"Por favor, insira a data de entrega"
Please enter Employee Id of this sales person,"Por favor, insira o ID do funcionário deste vendedor"
Please enter Expense Account,"Por favor, insira a conta de despesa"
Please enter Item Code to get Batch Number,"Por favor, insira o código do item para obter o número do lote"
Please enter Item Code to get batch no,"Por favor, insira o código do item para obter o lote não"
Please enter Item first,"Por favor, insira o item primeiro"
Please enter Maintenance Details first,"Por favor, insira os detalhes de manutenção primeiro"
Please enter Planned Qty for Item {0} at row {1},"Por favor, insira Qtd planejada para o item {0} na linha {1}"
Please enter Preferred Contact Email,"Por favor, insira o email de contato preferido"
Please enter Production Item first,"Por favor, insira o item de produção primeiro"
Please enter Purchase Receipt first,"Por favor, insira o recibo de compra primeiro"
Please enter Receipt Document,Insira o documento de recibo
Please enter Reference date,"Por favor, insira a data de referência"
Please enter Root Type for account- {0},"Por favor, digite o tipo root para a conta- {0}"
Please enter Serial Nos,"Por favor, digite NOS serial"
Please enter Shipment Parcel information,"Por favor, insira informações de encomendas de remessa"
Please enter Warehouse and Date,"Por favor, insira o armazém e a data"
Please enter Write Off Account,"Por favor, insira uma conta de escreva"
Please enter company first,"Por favor, digite a empresa primeiro"
Please enter company name first,"Por favor, insira o nome da empresa primeiro"
Please enter default currency in Company Master,"Por favor, insira moeda padrão no mestre da empresa"
Please enter message before sending,"Por favor, insira a mensagem antes de enviar"
Please enter mobile number first.,"Por favor, insira o número do celular primeiro."
Please enter parent cost center,"Por favor, insira o Centro de Custo dos Pais"
Please enter quantity for item {0},"Por favor, insira a quantidade para o item {0}"
Please enter relieving date.,"Por favor, insira a data de alívio."
Please enter serial nos,"Por favor, digite NOS serial"
Please enter the company name to confirm,"Por favor, insira o nome da empresa para confirmar"
Please enter the phone number first,"Por favor, insira o número de telefone primeiro"
Please enter the {schedule_date}.,"Por favor, digite o {schedule_date}."
Please enter valid Financial Year Start and End Dates,"Por favor, insira datas de início e término do ano financeiro válido"
Please enter valid email address,"Por favor, insira endereço de e-mail válido"
Please enter {0},"Por favor, digite {0}"
Please enter {0} first,"Por favor, digite {0} primeiro"
Please fill the Material Requests table,Preencha a tabela de solicitações de material
Please fill the Sales Orders table,"Por favor, preencha a tabela de pedidos de vendas"
"Please first set Last Name, Email and Phone for the user","Por favor, defina o sobrenome, e-mail e telefone para o usuário"
Please fix overlapping time slots for {0},"Por favor, corrija os slots de tempo sobrepostos para {0}"
Please fix overlapping time slots for {0}.,Corrija os slots de tempo sobrepostos para {0}.
Please import accounts against parent company or enable {} in company master.,Importe contas contra a empresa controladora ou habilite {} no mestre da empresa.
"Please keep one Applicable Charges, when 'Distribute Charges Based On' is 'Distribute Manually'. For more charges, please create another Landed Cost Voucher.","Mantenha uma taxa aplicável quando 'Distribuir taxas com base em' estiver definido como 'Distribuir manualmente'. Para mais taxas, crie outro comprovante de custo de importação."
Please make sure the employees above report to another Active employee.,Certifique -se de que os funcionários acima se reportem a outro funcionário ativo.
Please make sure the file you are using has 'Parent Account' column present in the header.,Verifique se o arquivo que você está usando possui coluna de 'conta pai' presente no cabeçalho.
Please make sure you really want to delete all the transactions for this company. Your master data will remain as it is. This action cannot be undone.,Certifique -se de que você realmente deseja excluir todas as transações para esta empresa. Seus dados mestres permanecerão como estão. Esta ação não pode ser desfeita.
Please mention 'Weight UOM' along with Weight.,"Por favor, mencione 'peso uom' junto com o peso."
Please mention '{0}' in Company: {1},Mencione '{0}' na empresa: {1}
Please mention no of visits required,Por favor mencione nenhuma das visitas necessárias
Please mention the Current and New BOM for replacement.,Mencione o atual e o novo nascido para substituição.
Please pull items from Delivery Note,Puxe os itens da nota de entrega
Please rectify and try again.,Retifique e tente novamente.
Please refresh or reset the Plaid linking of the Bank {}.,Atualize ou reinicie a ligação xadrez do banco {}.
Please save before proceeding.,"Por favor, salve antes de prosseguir."
Please save first,"Por favor, salve primeiro"
Please select <b>Template Type</b> to download template,Selecione <b> Tipo de modelo </b> Para baixar o modelo
Please select Apply Discount On,Selecione Aplicar desconto em
Please select BOM against item {0},Selecione Bom contra o item {0}
Please select BOM for Item in Row {0},Selecione Bom para o item na linha {0}
Please select BOM in BOM field for Item {item_code}.,Selecione BOM no campo BOM para o item {item_code}.
Please select Bank Account,Selecione a conta bancária
Please select Category first,Selecione a categoria primeiro
Please select Charge Type first,Selecione o tipo de cobrança primeiro
Please select Company,Selecione a empresa
Please select Company and Posting Date to getting entries,Selecione a empresa e a data de postagem para obter entradas
Please select Company first,Selecione a empresa primeiro
Please select Completion Date for Completed Asset Maintenance Log,Selecione a data de conclusão para o registro de manutenção de ativos concluído
Please select Customer first,Selecione o cliente primeiro
Please select Existing Company for creating Chart of Accounts,Selecione a empresa existente para criar o gráfico de contas
Please select Finished Good Item for Service Item {0},Selecione acabado bom item para item de serviço {0}
Please select Item Code first,Selecione o código do item primeiro
Please select Maintenance Status as Completed or remove Completion Date,Selecione o status de manutenção conforme concluído ou remova a data de conclusão
Please select Party Type first,Selecione o tipo de festa primeiro
Please select Posting Date before selecting Party,Selecione a data de postagem antes de selecionar a festa
Please select Posting Date first,Selecione a data de postagem primeiro
Please select Price List,Selecione a lista de preços
Please select Qty against item {0},Selecione Qtd contra o item {0}
Please select Sample Retention Warehouse in Stock Settings first,Selecione o armazém de retenção de amostra em configurações de stock primeiro
Please select Serial/Batch Nos to reserve or change Reservation Based On to Qty.,Selecione os NOS de série/lote para reservar ou alterar a reserva com base na Qtd.
Please select Start Date and End Date for Item {0},Selecione a data de início e o término da data do item {0}
Please select Subcontracting Order instead of Purchase Order {0},Selecione o pedido de subcontratação em vez do pedido de compra {0}
Please select Unrealized Profit / Loss account or add default Unrealized Profit / Loss account account for company {0},Selecione a conta de lucro / perda não realizada ou adicione uma conta de lucro / perda não realizado para a empresa {0}
Please select a BOM,Selecione um nascido
Please select a Company,Selecione uma empresa
Please select a Company first.,Selecione uma empresa primeiro.
Please select a Customer,Selecione um cliente
Please select a Delivery Note,Selecione uma nota de entrega
Please select a Subcontracting Purchase Order.,Selecione um pedido de compra de subcontratação.
Please select a Supplier,Selecione um fornecedor
Please select a Warehouse,Selecione um armazém
Please select a Work Order first.,Selecione uma ordem de serviço primeiro.
Please select a country,Selecione um país
Please select a customer for fetching payments.,Selecione um cliente para obter pagamentos.
Please select a date,Selecione uma data
Please select a date and time,Selecione uma data e hora
Please select a default mode of payment,Selecione um modo de pagamento padrão
Please select a field to edit from numpad,Selecione um campo para editar do Numpad
Please select a row to create a Reposting Entry,Selecione uma linha para criar uma entrada de reposicionamento
Please select a supplier for fetching payments.,Selecione um fornecedor para obter pagamentos.
Please select a valid Purchase Order that has Service Items.,Selecione um pedido de compra válido com itens de serviço.
Please select a valid Purchase Order that is configured for Subcontracting.,Selecione um pedido de compra válido configurado para subcontratação.
Please select a value for {0} quotation_to {1},Selecione um valor para {0} citação_to {1}
Please select an item code before setting the warehouse.,Selecione um código de item antes de definir o armazém.
Please select correct account,Selecione a conta correta
Please select date,Selecione a data
Please select either the Item or Warehouse or Warehouse Type filter to generate the report.,Selecione o item ou o filtro do tipo de armazém ou armazém para gerar o relatório.
Please select item code,Selecione o código do item
Please select items,Selecione itens
Please select items to reserve.,Selecione os itens para reservar.
Please select items to unreserve.,Selecione os itens para não serve.
Please select only one row to create a Reposting Entry,Selecione apenas uma linha para criar uma entrada de reposicionamento
Please select rows to create Reposting Entries,Selecione linhas para criar entradas de reposição
Please select the Company,Selecione a empresa
Please select the Multiple Tier Program type for more than one collection rules.,Selecione o tipo de programa de múltiplas camadas para mais de uma das regras de coleta.
Please select the customer.,Selecione o cliente.
Please select the document type first,Selecione o tipo de documento primeiro
Please select the required filters,Selecione os filtros necessários
Please select valid document type.,Selecione o tipo de documento válido.
Please select weekly off day,Selecione o dia semanal
Please select {0},Selecione {0}
Please select {0} first,Selecione {0} primeiro
Please set 'Apply Additional Discount On',Defina 'Aplique desconto adicional em'
Please set 'Asset Depreciation Cost Center' in Company {0},Defina o 'Centro de Custo de Depreciação de Ativos' na Companhia {0}
Please set 'Gain/Loss Account on Asset Disposal' in Company {0},Defina a 'conta de ganho/perda no descarte de ativos' na empresa {0}
Please set '{0}' in Company: {1},Defina '{0}' na empresa: {1}
Please set Account,Defina a conta
Please set Account for Change Amount,Defina a conta do valor da alteração
Please set Account in Warehouse {0} or Default Inventory Account in Company {1},Defina a conta no armazém {0} ou conta de inventário padrão na empresa {1}
Please set Accounting Dimension {} in {},Defina a dimensão contábil {} em {}
Please set Company,"Por favor, defina a empresa"
Please set Depreciation related Accounts in Asset Category {0} or Company {1},Defina contas relacionadas à depreciação na categoria de ativo {0} ou empresa {1}
Please set Email/Phone for the contact,Defina o email/telefone para o contato
Please set Fiscal Code for the customer '%s',Defina o código fiscal para o cliente '%s'
Please set Fiscal Code for the public administration '%s',Defina o código fiscal para a administração pública '%s'
Please set Fixed Asset Account in Asset Category {0},Defina a conta de ativo fixo na categoria de ativo {0}
Please set Fixed Asset Account in {} against {}.,Defina a conta de ativo fixo em {} contra {}.
Please set Parent Row No for item {0},Defina a linha do pai não para o item {0}
Please set Root Type,Defina o tipo de raiz
Please set Tax ID for the customer '%s',Defina o ID de imposto para o cliente '%s'
Please set Unrealized Exchange Gain/Loss Account in Company {0},Defina uma conta de ganho/perda de troca não realizada na Companhia {0}
Please set VAT Accounts in {0},Defina as contas do IVA em {0}
"Please set Vat Accounts for Company: ""{0}"" in UAE VAT Settings","Defina as contas do IVA para a empresa: ""{0}"" nas configurações de IVA dos Emirados Árabes Unidos"
Please set a Company,"Por favor, defina uma empresa"
Please set a Cost Center for the Asset or set an Asset Depreciation Cost Center for the Company {},Defina um centro de custo para o ativo ou defina um centro de custo de depreciação de ativos para a empresa {}
Please set a Supplier against the Items to be considered in the Purchase Order.,Defina um fornecedor como os itens a serem considerados no pedido de compra.
Please set a default Holiday List for Company {0},Defina uma lista de férias padrão para a empresa {0}
Please set a default Holiday List for Employee {0} or Company {1},Defina uma lista de férias padrão para funcionário {0} ou empresa {1}
Please set account in Warehouse {0},Defina a conta no armazém {0}
Please set an Address on the Company '%s',Defina um endereço na empresa '%s'
Please set an Expense Account in the Items table,Defina uma conta de despesa na tabela de itens
Please set an email id for the Lead {0},Defina um ID de email para o lead {0}
Please set at least one row in the Taxes and Charges Table,Defina pelo menos uma linha na tabela de impostos e cobranças
Please set both the Tax ID and Fiscal Code on Company {0},Defina o ID do imposto e o código fiscal na empresa {0}
Please set default Cash or Bank account in Mode of Payment {0},Defina o dinheiro padrão ou a conta bancária no modo de pagamento {0}
Please set default Cash or Bank account in Mode of Payment {},Defina o dinheiro padrão ou a conta bancária no modo de pagamento {}
Please set default Cash or Bank account in Mode of Payments {},Defina o dinheiro padrão ou a conta bancária no modo de pagamento {}
Please set default Exchange Gain/Loss Account in Company {},Defina a conta de ganho/perda de troca padrão na Companhia {}
Please set default Expense Account in Company {0},Defina a conta de despesa padrão na empresa {0}
Please set default UOM in Stock Settings,Defina o UOM padrão em configurações de stock
Please set default cost of goods sold account in company {0} for booking rounding gain and loss during stock transfer,Defina o custo padrão dos produtos vendidos na empresa {0} para reservar ganho e perda de arredondamento durante a transferência de ações
Please set default {0} in Company {1},Defina o padrão {0} na empresa {1}
Please set filter based on Item or Warehouse,Defina o filtro com base no item ou no armazém
Please set filters,"Por favor, defina filtros"
Please set one of the following:,Defina um dos seguintes:
Please set opening number of booked depreciations,Defina o número de abertura de depreciações reservadas
Please set recurring after saving,"Por favor, defina recorrente depois de salvar"
Please set the Customer Address,Defina o endereço do cliente
Please set the Default Cost Center in {0} company.,Defina o centro de custo padrão em {0} Companhia.
Please set the Item Code first,Defina o código do item primeiro
Please set the Target Warehouse in the Job Card,"Por favor, defina o armazém -alvo no cartão"
Please set the WIP Warehouse in the Job Card,"Por favor, defina o armazém WIP no cartão de trabalho"
Please set the cost center field in {0} or setup a default Cost Center for the Company.,Defina o campo do centro de custo em {0} ou configure um centro de custo padrão para a empresa.
Please set up the Campaign Schedule in the Campaign {0},Configure o cronograma da campanha na campanha {0}
Please set {0},"Por favor, defina {0}"
Please set {0} first.,"Por favor, defina {0} primeiro."
"Please set {0} for Batched Item {1}, which is used to set {2} on Submit.","Defina {0} como item em lotes {1}, que é usado para definir {2} no envio."
Please set {0} for address {1},Defina {0} para o endereço {1}
Please set {0} in BOM Creator {1},"Por favor, defina {0} no criador da BOM {1}"
Please set {0} in Company {1} to account for Exchange Gain / Loss,Defina {0} na Companhia {1} para explicar o Exchange Gain / Loss
"Please set {0} to {1}, the same account that was used in the original invoice {2}.","Defina {0} como {1}, a mesma conta usada na fatura original {2}."
Please setup and enable a group account with the Account Type - {0} for the company {1},Configure e ative uma conta de grupo com o tipo de conta - {0} para a empresa {1}
Please share this email with your support team so that they can find and fix the issue.,Compartilhe este email com sua equipe de suporte para que eles possam encontrar e corrigir o problema.
Please specify,Especifique
Please specify Company,Especifique a empresa
Please specify Company to proceed,Especifique a empresa para prosseguir
Please specify a valid Row ID for row {0} in table {1},Especifique um ID de linha válido para linha {0} na tabela {1}
Please specify a {0} first.,Especifique um {0} primeiro.
Please specify at least one attribute in the Attributes table,Especifique pelo menos um atributo na tabela de atributos
Please specify either Quantity or Valuation Rate or both,Especifique a quantidade ou a taxa de avaliação ou ambos
Please specify from/to range,Especifique de/para o intervalo
Please supply the specified items at the best possible rates,Forneça os itens especificados nas melhores taxas possíveis
Please try again in an hour.,"Por favor, tente novamente em uma hora."
Please update Repair Status.,Atualize o status de reparo.
Point Of Sale,Ponto de venda
Point of Sale,Ponto de venda
Policy No,Política no
Policy number,Número da política
Portal,Portal
Portal User,Usuário do portal
Portal Users,Usuários do portal
Portrait,Retrato
Possible Supplier,Fornecedor possível
Post Description Key,Chave de descrição da postagem
Post Graduate,Pós -graduação
Post Route Key,Chave de pós -rota
Post Route Key List,Lista de chave de pós -rota
Post Route String,Pós -rota string
Post Title Key,Chave do título da postagem
Postal Code,Código postal
Postal Expenses,Despesas postais
Posting Date,Data de postagem
Posting Date Inheritance for Exchange Gain / Loss,Postagem Data de herança para ganho / perda de troca
Posting Date cannot be future date,A data de postagem não pode ser a data futura
Posting Datetime,Publicação DateTime
Posting Time,Postando tempo
Posting date and posting time is mandatory,A data de postagem e a hora da postagem são obrigatórios
Posting timestamp must be after {0},Postagem Timestamp deve estar depois de {0}
Potential Sales Deal,Acordo de vendas potencial
Powered by {0},Alimentado por {0}
Pre Sales,Pré -vendas
Preference,Preferência
Preferred Contact Email,E -mail de contato preferido
Preferred Email,Email preferido
Prevdoc DocType,PrevDoc Doctype
Prevent POs,Evite pos
Prevent Purchase Orders,Prevenir pedidos de compra
Prevent RFQs,Evite RFQs
Preventive,Preventivo
Preventive Action,Ação preventiva
Preventive Maintenance,Manutenção preventiva
Preview,Visualização
Preview Email,E -mail de visualização
Preview Required Materials,Visualizar os materiais necessários
Previous Financial Year is not closed,O ano financeiro anterior não está fechado
Previous Work Experience,Experiência de trabalho anterior
"Previous Year is not closed, please close it first","O ano anterior não está fechado, feche -o primeiro"
Price,Preço
Price ({0}),Preço ({0})
Price Discount Scheme,Esquema de desconto de preço
Price Discount Slabs,Lajes de desconto de preço
Price List,Lista de preços
Price List Country,Country da lista de preços
Price List Currency,Lista de preços Moeda
Price List Currency not selected,Lista de preços Moeda não selecionada
Price List Defaults,Padrões da lista de preços
Price List Exchange Rate,Taxa de câmbio da lista de preços
Price List Name,Nome da lista de preços
Price List Rate,Taxa de lista de preços
Price List Rate (Company Currency),Taxa de lista de preços (moeda da empresa)
Price List must be applicable for Buying or Selling,A lista de preços deve ser aplicável à compra ou venda
Price List {0} is disabled or does not exist,Lista de preços {0} está desativada ou não existe
Price Not UOM Dependent,Preço não é dependente
Price Per Unit ({0}),Preço por unidade ({0})
Price is not set for the item.,O preço não está definido para o item.
Price not found for item {0} in price list {1},Preço não encontrado para o item {0} na lista de preços {1}
Price or Product Discount,Preço ou desconto do produto
Price or product discount slabs are required,As lajes de desconto de preço ou produto são necessárias
Price per Unit (Stock UOM),Preço por unidade (stock UOM)
Pricing,Preço
Pricing Rule,Regra de preços
Pricing Rule Brand,Marca de regra de preços
Pricing Rule Detail,Detalhes da regra de preços
Pricing Rule Help,Ajuda da regra de preços
Pricing Rule Item Code,Código do item da regra de preços
Pricing Rule Item Group,Grupo de itens de regra de preços
"Pricing Rule is first selected based on 'Apply On' field, which can be Item, Item Group or Brand.","A regra de preços é selecionada pela primeira vez com base no campo 'Aplicar', que pode ser item, grupo de itens ou marca."
"Pricing Rule is made to overwrite Price List / define discount percentage, based on some criteria.","A regra de preços é feita para substituir a lista de preços / definir a porcentagem de desconto, com base em alguns critérios."
Pricing Rule {0} is updated,A regra de preços {0} é atualizada
Pricing Rules,Regras de preços
Pricing Rules are further filtered based on quantity.,As regras de preços são ainda filtradas com base na quantidade.
Primary Address,Endereço primário
Primary Address Details,Detalhes do endereço primário
Primary Address and Contact,Endereço e contato primário
Primary Contact,Contato primário
Primary Contact Details,Detalhes de contato primário
Primary Contact Email,Email de contato primário
Primary Party,Parte primária
Primary Role,Papel primário
Primary Settings,Configurações primárias
Print,Imprimir
Print Format,Formato de impressão
Print Heading,Cabeçalho de impressão
Print IRS 1099 Forms,Imprima formulários IRS 1099
Print Language,Idioma de impressão
Print Preferences,Preferências de impressão
Print Receipt,Recibo de impressão
Print Receipt on Order Complete,Recibo de impressão no pedido completo
Print Settings,IMPRIMEIRA CONFIGURAS
Print UOM after Quantity,Imprima uom após quantidade
Print Without Amount,Imprima sem quantidade
Print and Stationery,Impressão e papelaria
Print settings updated in respective print format,IMPRIMEIRA configurações atualizadas no respectivo formato de impressão
Print taxes with zero amount,Imprimir impostos com valor zero
Printed on {0},Impresso em {0}
Printing Details,Detalhes da impressão
Printing Settings,Configurações de impressão
Priorities,Prioridades
Priority,Prioridade
Priority cannot be lesser than 1.,A prioridade não pode ser menor que 1.
Priority has been changed to {0}.,A prioridade foi alterada para {0}.
Priority is mandatory,Prioridade é obrigatória
Priority {0} has been repeated.,A prioridade {0} foi repetida.
Probability,Probabilidade
Probability (%),Probabilidade (%)
Problem,Problema
Procedure,Procedimento
Process Deferred Accounting,Contabilidade diferida do processo
Process Description,Descrição do processo
Process Loss,Perda de processo
Process Loss Percentage cannot be greater than 100,A porcentagem de perda de processo não pode ser maior que 100
Process Loss Qty,Qtdy de perda de processo
Process Loss Quantity,Quantidade de perda de processo
Process Loss Report,Relatório de perda de processo
Process Loss Value,Valor de perda de processo
Process Owner,Proprietário do processo
Process Owner Full Name,Nome completo do proprietário do processo
Process Payment Reconciliation,Reconciliação de pagamento do processo
Process Payment Reconciliation Log,Log de reconciliação de pagamento de processo
Process Payment Reconciliation Log Allocations,Processo Pagamento Reconciliação ALOCAÇÕES
Process Statement Of Accounts,Declaração de contas do processo
Process Statement Of Accounts CC,Declaração de contas do processo CC
Process Statement Of Accounts Customer,Declaração de Contas do Processo Cliente
Process Subscription,Assinatura do processo
Process in Single Transaction,Processo em transação única
Processed BOMs,BOMs processados
Processes,Processos
Processing Sales! Please Wait...,"Processando vendas! Por favor, aguarde..."
Processing XML Files,Processando arquivos XML
Procurement,Compras
Procurement Tracker,Rastreador de compras
Produce Qty,Produza Qtd
Produced,Produzido
Produced / Received Qty,Qty produzido / recebido
Produced Qty,Qty produzido
Produced Quantity,Quantidade produzida
Product,Produto
Product Bundle,Pacote de produtos
Product Bundle Balance,Equilíbrio de pacote de produtos
Product Bundle Help,Ajuda do pacote de produtos
Product Bundle Item,Item do pacote de produtos
Product Discount Scheme,Esquema de desconto do produto
Product Discount Slabs,Lajes de desconto de produto
Product Enquiry,Inquérito de produto
Product Price ID,ID do preço do produto
Production,Produção
Production Analytics,Análise de produção
Production Item,Item de produção
Production Plan,Plano de produção
Production Plan Already Submitted,Plano de produção já enviado
Production Plan Item,Item do plano de produção
Production Plan Item Reference,Referência do item do plano de produção
Production Plan Material Request,Solicitação de material do plano de produção
Production Plan Material Request Warehouse,Plano de produção Solicitação de material para armazém
Production Plan Qty,Qtdy do plano de produção
Production Plan Sales Order,Ordem de vendas do plano de produção
Production Plan Sub Assembly Item,Plano de produção Item de submarração
Production Plan Sub-assembly Item,Item de submontagem do plano de produção
Production Plan Summary,Resumo do plano de produção
Production Planning Report,Relatório de planejamento de produção
Products,Produtos
Profile,Perfil
Profit & Loss,Lucro e perda
Profit This Year,Lucro este ano
Profit and Loss,Lucro e perda
Profit and Loss Statement,Declaração de lucro e perda
Profit and Loss Summary,Resumo do lucro e perda
Profit for the year,Lucro para o ano
Profitability Analysis,Análise de lucratividade
Progress,Progresso
Progress % for a task cannot be more than 100.,O progresso % para uma tarefa não pode ser superior a 100.
Progress (%),Progresso (%)
Project,Projeto
Project Collaboration Invitation,Convite de colaboração do projeto
Project Id,ID do projeto
Project Name,Nome do projeto
Project Progress:,Progresso do projeto:
Project Start Date,Data de início do projeto
Project Status,Status do projeto
Project Summary,Resumo do projeto
Project Summary for {0},Resumo do projeto para {0}
Project Template,Modelo de projeto
Project Template Task,Tarefa do modelo do projeto
Project Type,Tipo de projeto
Project Update,Atualização do projeto
Project Update.,Atualização do projeto.
Project User,Usuário do projeto
Project Value,Valor do projeto
Project activity / task.,Atividade / tarefa do projeto.
Project master.,Projeto Master.
Project will be accessible on the website to these users,O projeto estará acessível no site para esses usuários
Project wise Stock Tracking,Projeto Wise Stock Rastreing
Project-wise data is not available for Quotation,Dados em termos de projeto não estão disponíveis para cotação
Projected,Projetado
Projected Qty,Qty projetado
Projected Quantity,Quantidade projetada
Projected Quantity Formula,Fórmula de quantidade projetada
Projected Quantity as Source,Quantidade projetada como fonte
Projected qty,Qty projetado
Projects,Projetos
Projects Manager,Gerente de Projetos
Projects Settings,Configurações de projetos
Projects User,Usuário de projetos
Promotional,Promocional
Promotional Scheme,Esquema promocional
Promotional Scheme Id,ID do esquema promocional
Promotional Scheme Price Discount,Desconto do preço do esquema promocional
Promotional Scheme Product Discount,Desconto do produto do esquema promocional
Prompt Qty,Qty rápido
Proposal Writing,Escrita da proposta
Proposal/Price Quote,Cotação de proposta/preço
Prorate,Prato
Prospect,Prospect
Prospect Lead,Líder em potencial
Prospect Opportunity,Oportunidade de prospecção
Prospect Owner,Proprietário de clientes em potencial
Prospect {0} already exists,Prospect {0} já existe
Prospecting,Prospecção
Prospects Engaged But Not Converted,"Perspectivas envolvidas, mas não convertidas"
Provide Email Address registered in company,Forneça endereço de e-mail registrado na empresa
Provider,Provedor
Providing,Fornecendo
Provisional Account,Conta provisória
Provisional Expense Account,Conta de despesa provisória
Provisional Profit / Loss (Credit),Lucro / perda provisório (crédito)
Publish Date,Publicar data
Published,Publicado
Published Date,Data publicada
Publisher,Editor
Publisher ID,ID do editor
Purchase,Comprar
Purchase Amount,Valor de compra
Purchase Analytics,Análise de compras
Purchase Date,Data de compra
Purchase Defaults,Compra padrões
Purchase Details,Detalhes da compra
Purchase Invoice,Fatura de compra
Purchase Invoice Advance,Adiantamento da fatura de compra
Purchase Invoice Item,Item da fatura de compra
Purchase Invoice Trends,Tendências da fatura de compra
Purchase Invoice cannot be made against an existing asset {0},A fatura de compra não pode ser feita contra um ativo existente {0}
Purchase Invoice {0} is already submitted,Fatura de compra {0} já foi enviada
Purchase Invoices,Compre faturas
Purchase Manager,Gerente de compra
Purchase Master Manager,Compra de mestre gerente
Purchase Order,Pedido de compra
Purchase Order Amount,Valor do pedido de compra
Purchase Order Amount(Company Currency),Valor do pedido de compra (moeda da empresa)
Purchase Order Analysis,Análise do pedido de compra
Purchase Order Date,Data do pedido de compra
Purchase Order Item,Item do pedido de compra
Purchase Order Item Supplied,Item do pedido de compra fornecido
Purchase Order Item reference is missing in Subcontracting Receipt {0},A referência do item do pedido de compra está ausente no subcontratando recibo {0}
Purchase Order Items not received on time,Itens de pedido de compra não recebidos a tempo
Purchase Order Pricing Rule,Regra de preço do pedido de compra
Purchase Order Required,Pedido de compra necessário
Purchase Order Required for item {},Pedido de compra necessário para o item {}
Purchase Order Trends,Tendências do pedido de compra
Purchase Order already created for all Sales Order items,Pedido de compra já criado para todos os itens de pedido de vendas
Purchase Order number required for Item {0},Número do pedido de compra necessário para o item {0}
Purchase Order {0} is not submitted,O pedido de compra {0} não é enviado
Purchase Orders,Pedidos de compra
Purchase Orders Items Overdue,Pedidos de compra itens vencidos
Purchase Orders are not allowed for {0} due to a scorecard standing of {1}.,Os pedidos de compra não são permitidos para {0} devido a uma posição de scorecard de {1}.
Purchase Orders to Bill,Pedidos de compra para Bill
Purchase Orders to Receive,Pedidos de compra para receber
Purchase Orders {0} are un-linked,Os pedidos de compra {0} não são vinculados
Purchase Price List,Lista de preços de compra
Purchase Receipt,Recibo de compra
Purchase Receipt (Draft) will be auto-created on submission of Subcontracting Receipt.,O recibo de compra (rascunho) será criado automaticamente no envio do recibo de subcontratação.
Purchase Receipt Detail,Compre detalhes do recibo
Purchase Receipt Item,Compre o item de recibo
Purchase Receipt Item Supplied,Compre o item de recibo fornecido
Purchase Receipt Items,Compre itens de recibo
Purchase Receipt No,Compra de recibo no
Purchase Receipt Required,Compre o recibo necessário
Purchase Receipt Required for item {},Compra de recibo necessário para o item {}
Purchase Receipt Trends,Tendências de recibos de compras
Purchase Receipt doesn't have any Item for which Retain Sample is enabled.,O recibo de compra não possui nenhum item para o qual a amostra de retenção está ativada.
Purchase Receipt {0} created.,Recibo de compra {0} criado.
Purchase Receipt {0} is not submitted,O recibo de compra {0} não é enviado
Purchase Receipts,Recibos de compra
Purchase Register,Registro de compra
Purchase Return,Retorno de compra
Purchase Tax Template,Modelo de imposto de compra
Purchase Taxes and Charges,Compra de impostos e cobranças
Purchase Taxes and Charges Template,Modelo de compra de impostos e cobranças
Purchase User,Compra de usuário
Purchase Value,Valor de compra
Purchase orders help you plan and follow up on your purchases,Os pedidos de compra ajudam você a planejar e acompanhar suas compras
Purchased,Comprado
Purchases,Compras
Purchasing,Compra
Purple,Roxo
Purpose,Propósito
Purpose must be one of {0},O propósito deve ser um dos {0}
Purposes,Propósitos
Purposes Required,Propósitos necessários
Putaway Rule,Regra de putaway
Putaway Rule already exists for Item {0} in Warehouse {1}.,A regra da Putaway já existe para o item {0} no armazém {1}.
Qty,Qty
Qty ,Qty
Qty (Company),Qty (Empresa)
Qty (Warehouse),Qty (armazém)
Qty After Transaction,Qty após transação
Qty Change,Mudança de qty
Qty Consumed Per Unit,Qtty consumido por unidade
Qty In Stock,Qty em stock
Qty Per Unit,Qty por unidade
Qty To Manufacture,Qty para fabricar
"Qty To Manufacture ({0}) cannot be a fraction for the UOM {2}. To allow this, disable '{1}' in the UOM {2}.","Qty para fabricar ({0}) não pode ser uma fração para o UOM {2}. Para permitir isso, desative '{1}' no uom {2}."
Qty To Produce,Qty para produzir
Qty Wise Chart,Gráfico de Qty Wise
Qty and Rate,Qty e taxa
Qty as Per Stock UOM,Qty conforme stock uom
Qty as per Stock UOM,Qty conforme stock uom
Qty for which recursion isn't applicable.,Qty para o qual a recursão não é aplicável.
Qty for {0},Qty para {0}
Qty in Stock UOM,Qty em stock uom
Qty in WIP Warehouse,Qty em armazém WIP
Qty of Finished Goods Item,Qty de item de bens acabados
Qty of Finished Goods Item should be greater than 0.,Qty de item de mercadorias acabadas deve ser maior que 0.
Qty of raw materials will be decided based on the qty of the Finished Goods Item,Qty de matérias -primas será decidido com base na Qtd do item de mercadorias acabadas
Qty to Be Consumed,Qty a ser consumido
Qty to Bill,Qty para Bill
Qty to Build,Qty para construir
Qty to Deliver,Qty para entregar
Qty to Fetch,Qty para buscar
Qty to Manufacture,Qty para fabricar
Qty to Order,Qty para encomendar
Qty to Produce,Qty para produzir
Qty to Receive,Qty para receber
Qty to Transfer,Qty para transferir
Qualification,Qualificação
Qualification Status,Status de qualificação
Qualified,Qualificado
Qualified By,Qualificado por
Qualified on,Qualificado em
Quality,Qualidade
Quality Action,Ação de qualidade
Quality Action Resolution,Resolução de ação de qualidade
Quality Feedback,Feedback de qualidade
Quality Feedback Parameter,Parâmetro de feedback de qualidade
Quality Feedback Template,Modelo de feedback de qualidade
Quality Feedback Template Parameter,Parâmetro do modelo de feedback de qualidade
Quality Goal,Meta de qualidade
Quality Goal Objective,Objetivo do objetivo da qualidade
Quality Inspection,Inspeção de qualidade
Quality Inspection Analysis,Análise de inspeção de qualidade
Quality Inspection Parameter,Parâmetro de inspeção de qualidade
Quality Inspection Parameter Group,Grupo de parâmetros de inspeção de qualidade
Quality Inspection Reading,Leitura de inspeção de qualidade
Quality Inspection Required,Inspeção de qualidade necessária
Quality Inspection Settings,Configurações de inspeção de qualidade
Quality Inspection Summary,Resumo da inspeção da qualidade
Quality Inspection Template,Modelo de inspeção de qualidade
Quality Inspection Template Name,Nome do modelo de inspeção de qualidade
Quality Inspection(s),Inspeção (s) de qualidade (s)
Quality Management,Gestão da qualidade
Quality Manager,Gerente de qualidade
Quality Meeting,Reunião de qualidade
Quality Meeting Agenda,Agenda da reunião de qualidade
Quality Meeting Minutes,Ata de reunião da qualidade
Quality Procedure,Procedimento de qualidade
Quality Procedure Process,Processo de procedimento de qualidade
Quality Review,Revisão da qualidade
Quality Review Objective,Objetivo de revisão de qualidade
Quantity,Quantidade
Quantity  that must be bought or sold per UOM,Quantidade que deve ser comprada ou vendida por uom
Quantity & Stock,Quantidade e stock
Quantity (A - B),Quantidade (A - B)
Quantity Difference,Diferença de quantidade
Quantity and Amount,Quantidade e quantidade
Quantity and Description,Quantidade e descrição
Quantity and Rate,Quantidade e taxa
Quantity and Warehouse,Quantidade e armazém
Quantity cannot be greater than {0} for Item {1},A quantidade não pode ser maior que {0} para o item {1}
Quantity in row {0} ({1}) must be same as manufactured quantity {2},A quantidade na linha {0} ({1}) deve ser a mesma que a quantidade fabricada {2}
Quantity is required,É necessária quantidade
"Quantity must be greater than zero, and less or equal to {0}",A quantidade deve ser maior que zero e menor ou igual a {0}
Quantity must not be more than {0},A quantidade não deve ser mais do que {0}
Quantity of item obtained after manufacturing / repacking from given quantities of raw materials,Quantidade de item obtido após fabricação / reembalagem de determinadas quantidades de matérias -primas
Quantity required for Item {0} in row {1},Quantidade necessária para o item {0} na linha {1}
Quantity should be greater than 0,A quantidade deve ser maior que 0
Quantity to Make,Quantidade a fazer
Quantity to Manufacture,Quantidade para fabricar
Quantity to Manufacture can not be zero for the operation {0},Quantidade a ser fabricada não pode ser zero para a operação {0}
Quantity to Manufacture must be greater than 0.,A quantidade de fabricação deve ser maior que 0.
Quantity to Produce,Quantidade para produzir
Quantity to Produce should be greater than zero.,A quantidade a ser produzida deve ser maior que zero.
Quantity to Scan,Quantidade para digitalizar
Quarter {0} {1},Trimestre {0} {1}
Quarterly,Trimestral
Query Options,Opções de consulta
Query Route String,String de rota de consulta
Queue Size should be between 5 and 100,O tamanho da fila deve estar entre 5 e 100
Queued,Fila
Quick Entry,Entrada rápida
Quick Journal Entry,Entrada rápida do diário
Quick Stock Balance,Balanço rápido de stock
Quot Count,Contagem de cota
Quot/Lead %,Cot/Lead %
Quotation,Cotação
Quotation Amount,Quantidade de cotação
Quotation Item,Item de cotação
Quotation Lost Reason,CITATION Lost Motivo
Quotation Lost Reason Detail,Detalhes de Lost Motivo perdido
Quotation Number,Número da cotação
Quotation To,Citação para
Quotation Trends,Tendências de cotação
Quotation {0} is cancelled,A citação {0} é cancelada
Quotation {0} not of type {1},Citação {0} não do tipo {1}
Quotations,Citações
"Quotations are proposals, bids you have sent to your customers","Citações são propostas, lances que você enviou para seus clientes"
Quotations: ,Citações:
Quote Status,Status da cotação
Quoted Amount,Valor citado
RFQs are not allowed for {0} due to a scorecard standing of {1},Os RFQs não são permitidos para {0} devido a um scorecard de {1}
Raise Material Request When Stock Reaches Re-order Level,Aumentar o pedido de material quando o stock atingir o nível de reordenar
Raised By,Levantado por
Raised By (Email),Criado por (email)
Random,Aleatório
Range,Faixa
Rate,Avaliar
Rate & Amount,Taxa e valor
Rate (Company Currency),Taxa (moeda da empresa)
Rate Of Materials Based On,Taxa de materiais com base em
Rate Of TDS As Per Certificate,Taxa de TDS conforme certificado
Rate Section,Seção de taxa
Rate With Margin,Avaliar com margem
Rate With Margin (Company Currency),Taxa com margem (moeda da empresa)
Rate and Amount,Taxa e valor
Rate at which Customer Currency is converted to customer's base currency,Taxa na qual a moeda do cliente é convertida na moeda base do cliente
Rate at which Price list currency is converted to company's base currency,Taxa em que a moeda da lista de preços é convertida na moeda base da empresa
Rate at which Price list currency is converted to customer's base currency,Taxa em que a moeda da lista de preços é convertida na moeda base do cliente
Rate at which customer's currency is converted to company's base currency,Taxa na qual a moeda do cliente é convertida na moeda base da empresa
Rate at which supplier's currency is converted to company's base currency,Taxa na qual a moeda do fornecedor é convertida na moeda base da empresa
Rate at which this tax is applied,Taxa na qual esse imposto é aplicado
Rate of Depreciation,Taxa de depreciação
Rate of Depreciation (%),Taxa de depreciação (%)
Rate of Interest (%) Yearly,Taxa de juros (%) anualmente
Rate of Stock UOM,Taxa de stock UOM
Rate or Discount,Taxa ou desconto
Rate or Discount is required for the price discount.,A taxa ou desconto é necessário para o desconto de preço.
Rates,Taxas
Rating,Avaliação
Ratios,Proporções
Raw Material,Matéria-prima
Raw Material Code,Código de matéria -prima
Raw Material Cost,Custo da matéria -prima
Raw Material Cost (Company Currency),Custo da matéria -prima (moeda da empresa)
Raw Material Cost Per Qty,Custo da matéria -prima por qty
Raw Material Item,Item de matéria -prima
Raw Material Item Code,Código do item de matéria -prima
Raw Material Name,Nome da matéria -prima
Raw Material Value,Valor da matéria -prima
Raw Material Warehouse,Armazém de matéria -prima
Raw Materials,Matérias-primas
Raw Materials Actions,Ações de matérias -primas
Raw Materials Consumed,Matérias -primas consumidas
Raw Materials Consumption,Consumo de matérias -primas
Raw Materials Supplied,Matérias -primas fornecidas
Raw Materials Supplied Cost,Matérias -primas fornecidas custos
Raw Materials cannot be blank.,Matérias -primas não podem ficar em branco.
Re-open,Reabrir
Re-order Level,Nível de reordenar
Re-order Qty,Qtdy de reordenação
Reached Root,Raiz alcançada
Read Only,Somente leitura
Reading 1,Leitura 1
Reading 10,Leitura 10
Reading 2,Leitura 2
Reading 3,Leitura 3
Reading 4,Leitura 4
Reading 5,Leitura 5
Reading 6,Leitura 6
Reading 7,Leitura 7
Reading 8,Leitura 8
Reading 9,Leitura 9
Reading Value,Valor de leitura
Readings,Leituras
Reason,Razão
Reason For Putting On Hold,Motivo para colocar em espera
Reason for Failure,Razão para falha
Reason for Hold,Razão para Hold
Reason for Leaving,Razão para sair
Reason for hold:,Motivo de Hold:
Rebuild Tree,Reconstrua a árvore
Rebuilding BTree for period ...,Reconstruindo Btree por período ...
Recalculate Bin Qty,Recalcular Qtdy Bin
Recalculate Incoming/Outgoing Rate,Recalcular a taxa de entrada/saída
Recalculating Purchase Cost against this Project...,Recalcular o custo de compra em relação a este projeto ...
Receipt,Recibo
Receipt Document,Documento de recebimento
Receipt Document Type,Tipo de documento de recebimento
Receivable,A receber
Receivable / Payable Account,Conta a receber / a pagar
Receivable Account,Conta a receber
Receivable/Payable Account,Conta a receber/a pagar
Receivable/Payable Account: {0} doesn't belong to company {1},Contas a receber/a pagar: {0} não pertence à empresa {1}
Receivables,Recebíveis
Receive,Receber
Received,Recebido
Received Amount,Valor recebido
Received Amount (Company Currency),Valor recebeu (moeda da empresa)
Received Amount After Tax,Valor recebeu após o imposto
Received Amount After Tax (Company Currency),Valor recebeu após o imposto (moeda da empresa)
Received Amount cannot be greater than Paid Amount,O valor recebido não pode ser maior que o valor pago
Received From,Recebido de
Received Items To Be Billed,Itens recebidos a serem cobrados
Received On,Recebido em
Received Qty,Recebido Qtd
Received Qty Amount,Quantidade recebida
Received Qty in Stock UOM,Recebeu Qtd em stock UOM
Received Quantity,Quantidade recebeu
Received Stock Entries,Recebeu entradas de ações
Received and Accepted,Recebido e aceito
Receiver List,Lista de receptores
Receiver List is empty. Please create Receiver List,A lista de receptores está vazia. Crie a lista de receptores
Receiving,Recebendo
Recent Orders,Ordens recentes
Recent Transactions,Transações recentes
Recipient,Destinatário
Recipient Message And Payment Details,Mensagem do destinatário e detalhes de pagamento
Recipients,Destinatários
Reconcile,Conciliar
Reconcile All Serial Nos / Batches,Reconciliar todos os NOS / lotes em série
Reconcile Effect On,Reconciliar efeito em
Reconcile Entries,Concluir entradas
Reconcile on Advance Payment Date,Reconciliar na data de pagamento antecipada
Reconcile the Bank Transaction,Reconciliar a transação bancária
Reconciled,Reconciliado
Reconciled Entries,Entradas reconciliadas
Reconciliation Date,Data de reconciliação
Reconciliation Error Log,Log de erros de reconciliação
Reconciliation Logs,Toras de reconciliação
Reconciliation Progress,Progresso de reconciliação
Reconciliation Queue Size,Tamanho da fila de reconciliação
Reconciliation Takes Effect On,A reconciliação entra em vigor em
Recording HTML,Gravando HTML
Recording URL,Gravação URL
Recoverable Standard Rated expenses should not be set when Reverse Charge Applicable is Y,As despesas nominais padrão recuperáveis não devem ser definidas quando a carga reversa aplicável é y
Recreate Stock Ledgers,Recriar ledgers de stock
Recurse Every (As Per Transaction UOM),Recorrente a cada (conforme a transação UOM)
Recurse Over Qty cannot be less than 0,Recurso sobre o QTY não pode ser menor que 0
Recursive Discounts with Mixed condition is not supported by the system,Descontos recursivos com condição mista não são suportados pelo sistema
Red,Vermelho
Redeem Against,Resgatar contra
Redeem Loyalty Points,Resgate pontos de fidelidade
Redeemed Points,Pontos resgatados
Redemption,Redenção
Redemption Account,Conta de resgate
Redemption Cost Center,Centro de custo de resgate
Redemption Date,Data de resgate
Ref,Ref
Ref Code,Código de ref
Ref Date,Data de referência
Reference,Referência
Reference #{0} dated {1},Referência #{0} datada {1}
Reference Date,Data de referência
Reference Date for Early Payment Discount,Data de referência para desconto de pagamento antecipado
Reference Detail,Detalhes de referência
Reference Detail No,Detalhe de referência no
Reference DocType,Referência Doctype
Reference Doctype,Referência Doctype
Reference Doctype must be one of {0},Referência doctype deve ser um dos {0}
Reference Document,Documento de referência
Reference Document Name,Nome do documento de referência
Reference Document Type,Tipo de documento de referência
Reference Due Date,Data de vencimento de referência
Reference Exchange Rate,Taxa de câmbio de referência
Reference Name,Nome de referência
Reference No,Referência no
Reference No & Reference Date is required for {0},A data de referência e a data de referência é necessária para {0}
Reference No and Reference Date is mandatory for Bank transaction,A data de referência e a data de referência é obrigatória para transação bancária
Reference No is mandatory if you entered Reference Date,A referência não é obrigatória se você inseriu a data de referência
Reference No.,Número de referência
Reference Number,Número de referência
Reference Purchase Receipt,Recibo de compra de referência
Reference Row,Linha de referência
Reference Row #,Linha de referência #
Reference Type,Tipo de referência
Reference for Reservation,Referência para reserva
Reference number of the invoice from the previous system,Número de referência da fatura do sistema anterior
"Reference: {0}, Item Code: {1} and Customer: {2}","Referência: {0}, código do item: {1} e cliente: {2}"
References,Referências
References to Sales Invoices are Incomplete,As referências a faturas de vendas estão incompletas
References to Sales Orders are Incomplete,As referências a ordens de vendas estão incompletas
References {0} of type {1} had no outstanding amount left before submitting the Payment Entry. Now they have a negative outstanding amount.,As referências {0} do tipo {1} não tiveram um valor pendente antes de enviar a entrada de pagamento. Agora eles têm uma quantidade pendente negativa.
Referral Code,Código de referência
Referral Sales Partner,Parceiro de vendas de referência
Refresh,Atualizar
Refresh Google Sheet,Atualize a folha do Google
Refresh Plaid Link,Atualizar link xadrez
"Regards,","Cumprimentos,"
Regenerate Stock Closing Entry,Regenerar a entrada de fechamento de stock
Regional,Regional
Registration Details,Detalhes de inscrição
Regular,Regular
Rejected,Rejeitado
Rejected ,Rejeitado
Rejected Qty,Rejeitado Qtd
Rejected Quantity,Quantidade rejeitada
Rejected Serial No,Rejeitado serial no
Rejected Serial and Batch Bundle,Pacote serial e lote rejeitado
Rejected Warehouse,Armazém rejeitado
Rejected Warehouse and Accepted Warehouse cannot be same.,O armazém rejeitado e o armazém aceito não pode ser o mesmo.
Related,Relacionado
Relation,Relação
Release Date,Data de lançamento
Release date must be in the future,A data de lançamento deve estar no futuro
Relieving Date,Data de alívio
Reload,Recarregar
Remaining,Restante
Remaining Amount,Quantidade restante
Remaining Balance,Equilíbrio restante
Remark,Observação
Remarks,Observações
Remarks Column Length,Comentários Comprimento da coluna
Remarks:,Observações:
Remove Parent Row No in Items Table,Remova a linha da linha dos pais na tabela de itens
Remove SABB Entry,Remova a entrada do Sabb
Remove item if charges is not applicable to that item,Remova o item se as cobranças não forem aplicáveis a esse item
Removed items with no change in quantity or value.,Itens removidos sem alteração em quantidade ou valor.
Removing rows without exchange gain or loss,Removendo linhas sem ganho ou perda de troca
Rename,Renomear
Rename Attribute Value in Item Attribute.,Renomeie o valor do atributo no atributo do item.
Rename Log,Renomear log
Rename Not Allowed,Renomear não permitido
Rename Tool,Renomeie a ferramenta
Rename jobs for doctype {0} have been enqueued.,Renomeie os trabalhos para doctype {0} foram criados.
Rename jobs for doctype {0} have not been enqueued.,Renomeie os trabalhos para doctype {0} não foram criados.
"Renaming it is only allowed via parent company {0}, to avoid mismatch.","Renomear -o só é permitido via empresa controladora {0}, para evitar incompatibilidade."
Rent Cost,Custo de aluguel
Rented,Alugado
Reopen,Reabrir
Reorder Level,Reordenar o nível de reordenar
Reorder Qty,Reordenar Qtdy
Reorder level based on Warehouse,Reordenar o nível de reordenar com base no armazém
Repack,Reembalar
Repair Asset,Reparo ativo
Repair Cost,Custo de reparo
Repair Purchase Invoices,Reparar faturas de compra
Repair Status,Status de reparo
Repair cost cannot be greater than purchase invoice base net total {0},O custo do reparo não pode ser maior que o total da fatura de compra Total {0}
Repeat Customer Revenue,Repetir receita de clientes
Repeat Customers,Clientes recorrentes
Replace,Substituir
Replace BOM,Replace BOM
"Replace a particular BOM in all other BOMs where it is used. It will replace the old BOM link, update cost and regenerate ""BOM Explosion Item"" table as per new BOM.|||It also updates latest price in all the BOMs.","Substitua um nascido em particular em todos os outros BOMs, onde é usado. Ele substituirá o link antigo do BOM, atualizará o custo e regenerará a tabela ""Item de explosão do BOM"", conforme o novo BOM. ||| Também atualiza o preço mais recente em todos os BOMs."
Replied,Respondeu
Report,Relatório
Report Date,Data do relatório
Report Error,Erro de relatório
Report Filters,Filtros de relatório
Report Type,Tipo de relatório
Report Type is mandatory,O tipo de relatório é obrigatório
Report View,Visualização do relatório
Report an Issue,Relatar um problema
Reports,Relatórios
Reports to,Relatórios para
Repost Accounting Ledger,Repost Ledger contábil
Repost Accounting Ledger Items,Repost itens contábeis contábeis
Repost Accounting Ledger Settings,Repost as configurações contábeis contábeis
Repost Allowed Types,Repost Tipos permitidos
Repost Error Log,Repost Log de erros
Repost Item Valuation,Repost Avaliação do item
Repost Payment Ledger,Repost Ledger de pagamento
Repost Payment Ledger Items,Reposicionar itens de pagamento de pagamento
Repost Status,Status de reposição
Repost has started in the background,Repost começou em segundo plano
Repost in background,Repasse em segundo plano
Repost started in the background,Repost começou em segundo plano
Reposting Completed {0}%,Repositando concluído {0}%
Reposting Data File,Repositando o arquivo de dados
Reposting Info,Repositando informações
Reposting Progress,Repositando o progresso
Reposting entries created: {0},Repositando entradas criadas: {0}
Reposting has been started in the background.,O reposicionamento foi iniciado em segundo plano.
Reposting in the background.,Repositando em segundo plano.
Represents Company,Representa a empresa
Represents a Financial Year. All accounting entries and other major transactions are tracked against the Fiscal Year.,Representa um exercício financeiro. Todas as entradas contábeis e outras transações importantes são rastreadas no ano fiscal.
Reqd By Date,Reqd por data
Reqd Qty (BOM),Reqd qty (bom)
Reqd by date,Reqd por data
Reqired Qty,Qty reqired
Request For Quotation,Solicitação de cotação
Request Parameters,Parâmetros de solicitação
Request Timeout,Solicitar tempo limite
Request Type,Tipo de solicitação
Request for,Solicitação para
Request for Information,Solicitação de informação
Request for Quotation,Solicitação de cotação
Request for Quotation Item,Solicitação de cotação item
Request for Quotation Supplier,Solicitação de fornecedor de cotação
Request for Raw Materials,Solicitação de matérias-primas
Requested,Solicitado
Requested Items To Be Transferred,Itens solicitados a serem transferidos
Requested Items to Order and Receive,Itens solicitados para encomendar e receber
Requested Qty,Qty solicitado
"Requested Qty: Quantity requested for purchase, but not ordered.","Qtdy solicitado: quantidade solicitada para compra, mas não solicitada."
Requesting Site,Site de solicitação
Requestor,Solicitante
Required By,Exigido por
Required Date,Data necessária
Required Items,Itens necessários
Required On,Requerido em
Required Qty,Qtdy necessário
Required Quantity,Quantidade necessária
Requirement,Exigência
Requires Fulfilment,Requer cumprimento
Research,Pesquisar
Research & Development,Pesquisa e Desenvolvimento
"Reselect, if the chosen address is edited after save","Rese seletar, se o endereço escolhido for editado após o salvamento"
"Reselect, if the chosen contact is edited after save","Selecione, se o contato escolhido for editado após o salvamento"
Resend Payment Email,Reenvie o e-mail de pagamento
Reservation,Reserva
Reservation Based On,Reserva baseada em
Reserve,Reserva
Reserve Stock,Stock de reserva
Reserve Warehouse,Armazém de reserva
Reserve for Raw Materials,Reserva para matérias -primas
Reserve for Sub-assembly,Reserve para a submontagem
Reserved,Reservado
Reserved Qty,Qtdy reservado
"Reserved Qty ({0}) cannot be a fraction. To allow this, disable '{1}' in UOM {3}.","Qtdy reservado ({0}) não pode ser uma fração. Para permitir isso, desative '{1}' em uom {3}."
Reserved Qty for Production,Qty reservado para produção
Reserved Qty for Production Plan,Qty reservado para plano de produção
Reserved Qty for Production: Raw materials quantity to make manufacturing items.,Qty reservado para produção: Quantidade de matérias -primas para fabricar itens de fabricação.
Reserved Qty for Subcontract,Qty reservado para subcontrato
Reserved Qty for Subcontract: Raw materials quantity to make subcontracted items.,Qty reservado para subcontrato: quantidade de matérias -primas para fabricar itens subcontratados.
Reserved Qty should be greater than Delivered Qty.,O QTY reservado deve ser maior que o Qty entregue.
"Reserved Qty: Quantity ordered for sale, but not delivered.","Qtdy reservado: quantidade ordenada para venda, mas não entregue."
Reserved Quantity,Quantidade reservada
Reserved Quantity for Production,Quantidade reservada para produção
Reserved Serial No.,Nº de série reservado
Reserved Stock,Stock reservado
Reserved Stock for Batch,Material reservado para lote
Reserved Stock for Raw Materials,Material reservado para matérias -primas
Reserved Stock for Sub-assembly,Material reservado para submontagem
Reserved Warehouse is mandatory for the Item {item_code} in Raw Materials supplied.,O armazém reservado é obrigatório para o item {item_code} nas matérias -primas fornecidas.
Reserved for POS Transactions,Reservado para transações de POS
Reserved for Production,Reservado para produção
Reserved for Production Plan,Reservado para Plano de Produção
Reserved for Sub Contracting,Reservado para sub -contratação
Reserved for manufacturing,Reservado para fabricação
Reserved for sale,Reservado para venda
Reserved for sub contracting,Reservado para sub -contratação
Reserving Stock...,Reserva o stock ...
Reset,Reiniciar
Reset Company Default Values,Redefinir valores padrão da empresa
Reset Plaid Link,Redefinir link xadrez
Reset Raw Materials Table,Redefinir a mesa de matérias -primas
Reset Service Level Agreement,Redefinir contrato de nível de serviço
Resetting Service Level Agreement.,Redefinir Contrato de Nível de Serviço.
Resignation Letter Date,Data da carta de demissão
Resolution,Resolução
Resolution By,Resolução por
Resolution Date,Data de resolução
Resolution Details,Detalhes da resolução
Resolution Due,Resolução devido
Resolution Time,Tempo de resolução
Resolutions,Resoluções
Resolve,Resolver
Resolved,Resolvido
Resolved By,Resolvido por
Response By,Resposta por
Response Details,Detalhes da resposta
Response Key List,Lista de teclas de resposta
Response Options,Opções de resposta
Response Result Key Path,Resultado da resposta Caminho -chave
Response Time for {0} priority in row {1} can't be greater than Resolution Time.,O tempo de resposta para {0} prioridade na linha {1} não pode ser maior que o tempo de resolução.
Response and Resolution,Resposta e resolução
Responsible,Responsável
Rest Of The World,Resto do mundo
Restart,Reiniciar
Restart Subscription,Reinicie a assinatura
Restore Asset,Restaurar ativo
Restrict,Restringir
Restrict Items Based On,Restringir itens com base em
Restrict to Countries,Restringir os países
Result Key,Chave de resultado
Result Preview Field,Campo de visualização de resultado
Result Route Field,Campo de rota de resultado
Result Title Field,Campo de título de resultado
Resume,Retomar
Resume Job,Retomar trabalho
Resume Timer,Currículo timer
Retain Sample,Retém amostra
Retained Earnings,Lucros acumulados
Retention Stock Entry,Entrada de stock de retenção
Retention Stock Entry already created or Sample Quantity not provided,Entrada de stock de retenção já criada ou quantidade de amostra não fornecida
Retried,Refletido
Retry,Tente novamente
Retry Failed Transactions,Repetir transações com falha
Return,Retornar
Return / Credit Note,Nota de retorno / crédito
Return / Debit Note,Nota de retorno / débito
Return Against,Retornar contra
Return Against Delivery Note,Retornar contra a nota de entrega
Return Against Purchase Invoice,Retornar contra a fatura de compra
Return Against Purchase Receipt,Retornar contra o recibo de compra
Return Against Subcontracting Receipt,Retornar contra o recibo de subcontratação
Return Components,Retornar componentes
Return Issued,Retorno emitido
Return Qty,Retornar Qtd
Return Qty from Rejected Warehouse,Retornar Qty do Rejeited Warehouse
Return invoice of asset cancelled,Retornar a fatura de ativo cancelada
Return of Components,Retorno dos componentes
Returned,Retornou
Returned Against,Voltou contra
Returned Amount,Valor retornado
Returned Qty,Qty retornou
Returned Qty ,Qty retornou
Returned Qty in Stock UOM,Retornou Qtty em stock UOM
Returned exchange rate is neither integer not float.,A taxa de câmbio retornada não é inteira não flutuar.
Returns,Retorna
Revaluation Journals,Revaliação de Revaliação
Revaluation Surplus,Excedente de reavaliação
Revenue,Receita
Reversal Of,Reversão de
Reverse Journal Entry,Entrada do diário reverso
Review,Análise
Review Date,Data de revisão
Reviews,Revisões
Rgt,Rgt
Right Child,Criança certa
Right Index,ÍNDICE DIREITO
Ringing,Toque
Role Allowed to Create/Edit Back-dated Transactions,Função permitida para criar/editar transações com atraso
Role Allowed to Edit Frozen Stock,Papel permitido editar stock congelado
Role Allowed to Over Bill ,Papel permitido sobrecarregar
Role Allowed to Over Deliver/Receive,Função permitida para entregar/receber/receber
Role Allowed to Override Stop Action,Papel permitido substituir a ação parada
Role Allowed to Set Frozen Accounts and Edit Frozen Entries,Papel permitido definir contas congeladas e editar entradas congeladas
Role allowed to bypass Credit Limit,Função permitida a ignorar o limite de crédito
Root,Raiz
Root Company,Empresa raiz
Root Type,Tipo de raiz
"Root Type for {0} must be one of the Asset, Liability, Income, Expense and Equity","O tipo de raiz para {0} deve ser um dos ativos, passivo, receita, despesa e patrimônio líquido"
Root Type is mandatory,O tipo de raiz é obrigatório
Root cannot be edited.,A raiz não pode ser editada.
Root cannot have a parent cost center,A raiz não pode ter um centro de custo pai
Round Free Qty,Redonda grátis
Round Off,Completar
Round Off Account,Conta de redonda
Round Off Cost Center,Centro de custo redondo
Round Off Tax Amount,Recunda ao valor do imposto
Round Off for Opening,Recunda para abrir
Round Tax Amount Row-wise,Valor redondo em termos de linha
Rounded Total,Total arredondado
Rounded Total (Company Currency),Total arredondado (moeda da empresa)
Rounding Adjustment,Ajuste de arredondamento
Rounding Adjustment (Company Currency,Ajuste de arredondamento (moeda da empresa
Rounding Adjustment (Company Currency),Ajuste de arredondamento (moeda da empresa)
Rounding Loss Allowance,Subsídio de perda de arredondamento
Rounding Loss Allowance should be between 0 and 1,O subsídio de perda de arredondamento deve estar entre 0 e 1
Rounding gain/loss Entry for Stock Transfer,Entrada de ganho/perda de arredondamento para transferência de ações
Route,Rota
Routing,Roteamento
Routing Name,Nome de roteamento
Row #,Linha #
Row # {0}:,Linha # {0}:
Row # {0}: Cannot return more than {1} for Item {2},Linha # {0}: não é possível retornar mais do que {1} para o item {2}
Row # {0}: Please add Serial and Batch Bundle for Item {1},Linha # {0}: Adicione o pacote de série e lote para o item {1}
Row # {0}: Please enter quantity for Item {1} as it is not zero.,"Linha # {0}: insira a quantidade para o item {1}, pois não é zero."
Row # {0}: Rate cannot be greater than the rate used in {1} {2},Linha # {0}: a taxa não pode ser maior que a taxa usada em {1} {2}
Row # {0}: Returned Item {1} does not exist in {2} {3},Linha # {0}: o item retornado {1} não existe em {2} {3}
Row #{0} (Payment Table): Amount must be negative,Linha #{0} (tabela de pagamento): o valor deve ser negativo
Row #{0} (Payment Table): Amount must be positive,Linha #{0} (tabela de pagamento): o valor deve ser positivo
Row #{0}: A reorder entry already exists for warehouse {1} with reorder type {2}.,Linha #{0}: já existe uma entrada de reordenação para o armazém {1} com o tipo de reordenação {2}.
Row #{0}: Acceptance Criteria Formula is incorrect.,Linha #{0}: A fórmula dos critérios de aceitação está incorreta.
Row #{0}: Acceptance Criteria Formula is required.,Linha #{0}: A fórmula de critérios de aceitação é necessária.
Row #{0}: Accepted Warehouse and Rejected Warehouse cannot be same,Linha #{0}: armazém aceito e armazém rejeitado não pode ser o mesmo
Row #{0}: Accepted Warehouse is mandatory for the accepted Item {1},Linha #{0}: o armazém aceito é obrigatório para o item aceito {1}
Row #{0}: Account {1} does not belong to company {2},Linha #{0}: conta {1} não pertence à empresa {2}
Row #{0}: Allocated Amount cannot be greater than Outstanding Amount of Payment Request {1},Linha #{0}: o valor alocado não pode ser maior que o valor pendente da solicitação de pagamento {1}
Row #{0}: Allocated Amount cannot be greater than outstanding amount.,Linha #{0}: o valor alocado não pode ser maior que o valor pendente.
Row #{0}: Allocated amount:{1} is greater than outstanding amount:{2} for Payment Term {3},Linha #{0}: Valor alocado: {1} é maior que o valor pendente: {2} para termo de pagamento {3}
Row #{0}: Amount must be a positive number,Linha #{0}: a quantidade deve ser um número positivo
"Row #{0}: Asset {1} cannot be sold, it is already {2}","Linha #{0}: Asset {1} não pode ser vendida, já é {2}"
Row #{0}: Asset {1} is already sold,Linha #{0}: Asset {1} já foi vendido
Row #{0}: BOM is not specified for subcontracting item {0},Linha #{0}: BOM não é especificada para o item de subcontratação {0}
Row #{0}: Batch No {1} is already selected.,Linha #{0}: lote no {1} já está selecionado.
Row #{0}: Cannot allocate more than {1} against payment term {2},Linha #{0}: não pode alocar mais do que {1} contra termo de pagamento {2}
Row #{0}: Cannot delete item {1} which has already been billed.,Linha #{0}: não é possível excluir o item {1} que já foi cobrado.
Row #{0}: Cannot delete item {1} which has already been delivered,Linha #{0}: não é possível excluir o item {1} que já foi entregue
Row #{0}: Cannot delete item {1} which has already been received,Linha #{0}: não é possível excluir o item {1} que já foi recebido
Row #{0}: Cannot delete item {1} which has work order assigned to it.,Linha #{0}: não é possível excluir o item {1} que possui ordem de serviço atribuída a ele.
Row #{0}: Cannot delete item {1} which is assigned to customer's purchase order.,Linha #{0}: não é possível excluir o item {1} que é atribuído ao pedido de compra do cliente.
Row #{0}: Cannot set Rate if the billed amount is greater than the amount for Item {1}.,Linha #{0}: não é possível definir a taxa se o valor cobrado for maior que o valor do item {1}.
Row #{0}: Cannot transfer more than Required Qty {1} for Item {2} against Job Card {3},Linha #{0}: não é possível transferir mais do que o Qty necessário {1} para o item {2} contra o cartão de trabalho {3}
Row #{0}: Child Item should not be a Product Bundle. Please remove Item {1} and Save,Linha #{0}: o item filho não deve ser um pacote de produtos. Remova o item {1} e salve
Row #{0}: Consumed Asset {1} cannot be Draft,Linha #{0}: ativo consumido {1} não pode ser rascunho
Row #{0}: Consumed Asset {1} cannot be cancelled,Linha #{0}: ativo consumido {1} não pode ser cancelado
Row #{0}: Consumed Asset {1} cannot be the same as the Target Asset,Linha #{0}: ativo consumido {1} não pode ser o mesmo que o ativo de destino
Row #{0}: Consumed Asset {1} cannot be {2},Linha #{0}: ativo consumido {1} não pode ser {2}
Row #{0}: Consumed Asset {1} does not belong to company {2},Linha #{0}: ativo consumido {1} não pertence à empresa {2}
Row #{0}: Cost Center {1} does not belong to company {2},Linha #{0}: Cost Center {1} não pertence à Companhia {2}
Row #{0}: Cumulative threshold cannot be less than Single Transaction threshold,Linha #{0}: o limiar cumulativo não pode ser menor que o limite de transação única
Row #{0}: Dates overlapping with other row,Linha #{0}: datas sobrepostas com outra linha
Row #{0}: Default BOM not found for FG Item {1},Linha #{0}: Bom padrão não encontrado para o item FG {1}
Row #{0}: Depreciation Start Date is required,Error 500 (Server Error)!!1500.That’s an error.There was an error. Please try again later.That’s all we know.
Row #{0}: Duplicate entry in References {1} {2},Linha #{0}: entrada duplicada nas referências {1} {2}
Row #{0}: Expected Delivery Date cannot be before Purchase Order Date,Linha #{0}: A data de entrega esperada não pode ser antes da data do pedido de compra
Row #{0}: Expense Account not set for the Item {1}. {2},Linha #{0}: conta de despesa não definida para o item {1}. {2}
Row #{0}: Finished Good Item Qty can not be zero,Linha #{0}: bom item bom Qtdy não pode ser zero
Row #{0}: Finished Good Item is not specified for service item {1},Linha #{0}: bom item final não é especificado para o item de serviço {1}
Row #{0}: Finished Good Item {1} must be a sub-contracted item,Linha #{0}: bom item bom {1} deve ser um item subcontratado
Row #{0}: Finished Good must be {1},Linha #{0}: bem acabado deve ser {1}
Row #{0}: Finished Good reference is mandatory for Scrap Item {1}.,Linha #{0}: A boa referência final é obrigatória para o item de sucata {1}.
Row #{0}: For {1} Clearance date {2} cannot be before Cheque Date {3},Linha #{0}: para {1} data de folga {2} não pode ser antes da data de verificação {3}
"Row #{0}: For {1}, you can select reference document only if account gets credited","Linha #{0}: Para {1}, você pode selecionar o documento de referência somente se a conta for creditada"
"Row #{0}: For {1}, you can select reference document only if account gets debited","Linha #{0}: Para {1}, você pode selecionar o documento de referência somente se a conta for debitada"
Row #{0}: From Date cannot be before To Date,Linha #{0}: a partir da data não pode ser antes até o momento
Row #{0}: From Time and To Time fields are required,Linha #{0}: dos campos do tempo e do tempo são necessários
Row #{0}: Incorrect Sequence ID. If any single operation has a Sequence ID then all other operations must have one too.,"Linha #{0}: ID de sequência incorreta. Se qualquer operação única tiver um ID de sequência, todas as outras operações também devem ter uma."
Row #{0}: Item added,Linha #{0}: Item adicionado
Row #{0}: Item {1} does not exist,Linha #{0}: item {1} não existe
"Row #{0}: Item {1} has been picked, please reserve stock from the Pick List.","Linha #{0}: Item {1} foi escolhida, reserve o stock da lista de escolhas."
Row #{0}: Item {1} is not a Serialized/Batched Item. It cannot have a Serial No/Batch No against it.,Linha #{0}: Item {1} não é um item serializado/em lotes. Não pode ter um não/lote serial não contra ele.
Row #{0}: Item {1} is not a service item,Linha #{0}: Item {1} não é um item de serviço
Row #{0}: Item {1} is not a stock item,Linha #{0}: Item {1} não é um item de stock
Row #{0}: Journal Entry {1} does not have account {2} or already matched against another voucher,Linha #{0}: Entrada do diário {1} não possui conta {2} ou já corresponde a outro voucher
Row #{0}: Next Depreciation Date cannot be before Available-for-use Date,Linha #{0}: a próxima data de depreciação não pode ser antes da data disponível para uso
Row #{0}: Next Depreciation Date cannot be before Purchase Date,Linha #{0}: a próxima data de depreciação não pode ser antes da data de compra
Row #{0}: Not allowed to change Supplier as Purchase Order already exists,"Linha #{0}: não tem permissão para alterar o fornecedor, pois já existe o pedido de compra"
Row #{0}: Only {1} available to reserve for the Item {2},Linha #{0}: somente {1} disponível para reservar para o item {2}
Row #{0}: Opening Accumulated Depreciation must be less than or equal to {1},Linha #{0}: a depreciação acumulada de abertura deve ser menor ou igual a {1}
Row #{0}: Operation {1} is not completed for {2} qty of finished goods in Work Order {3}. Please update operation status via Job Card {4}.,Linha #{0}: Operação {1} não está concluída para {2} Qty de bens acabados na ordem de serviço {3}. Atualize o status da operação via cartão de trabalho {4}.
Row #{0}: Payment document is required to complete the transaction,Linha #{0}: O documento de pagamento é necessário para concluir a transação
Row #{0}: Please select Item Code in Assembly Items,Linha #{0}: Selecione o código do item em itens de montagem
Row #{0}: Please select the BOM No in Assembly Items,Linha #{0}: Selecione o Bom no em itens de montagem
Row #{0}: Please select the Sub Assembly Warehouse,Linha #{0}: Selecione o armazém de submarração
Row #{0}: Please set reorder quantity,Linha #{0}: defina a quantidade de reordenação
Row #{0}: Please update deferred revenue/expense account in item row or default account in company master,Linha #{0}: Atualize a conta de receita/despesa diferida na linha do item ou na conta padrão no mestre da empresa
Row #{0}: Qty increased by {1},Linha #{0}: Qty aumentado por {1}
Row #{0}: Qty must be a positive number,Linha #{0}: Qty deve ser um número positivo
Row #{0}: Qty should be less than or equal to Available Qty to Reserve (Actual Qty - Reserved Qty) {1} for Iem {2} against Batch {3} in Warehouse {4}.,Linha #{0}: Qty deve ser menor ou igual à Qty disponível para reservar (Qtdy real - Qty reservado) {1} para o IEM {2} contra o lote {3} no armazém {4}.
Row #{0}: Quality Inspection is required for Item {1},Linha #{0}: a inspeção da qualidade é necessária para o item {1}
Row #{0}: Quality Inspection {1} is not submitted for the item: {2},Linha #{0}: Inspeção da qualidade {1} não é enviada para o item: {2}
Row #{0}: Quality Inspection {1} was rejected for item {2},Linha #{0}: Inspeção de qualidade {1} foi rejeitada para o item {2}
Row #{0}: Quantity for Item {1} cannot be zero.,Linha #{0}: Quantidade para o item {1} não pode ser zero.
Row #{0}: Quantity to reserve for the Item {1} should be greater than 0.,Linha #{0}: Quantidade a se reservar para o item {1} deve ser maior que 0.
Row #{0}: Rate must be same as {1}: {2} ({3} / {4}),Linha #{0}: a taxa deve ser a mesma que {1}: {2} ({3} / {4})
"Row #{0}: Reference Document Type must be one of Purchase Order, Purchase Invoice or Journal Entry","Linha #{0}: O tipo de documento de referência deve ser um de pedido de compra, fatura de compra ou entrada do diário"
"Row #{0}: Reference Document Type must be one of Sales Order, Sales Invoice, Journal Entry or Dunning","Linha #{0}: O tipo de documento de referência deve ser um de pedidos de vendas, fatura de vendas, entrada de diário ou Dunning"
Row #{0}: Rejected Qty cannot be set for Scrap Item {1}.,Linha #{0}: rejeitada Qty não pode ser definida para o item de sucata {1}.
Row #{0}: Rejected Warehouse is mandatory for the rejected Item {1},Linha #{0}: O armazém rejeitado é obrigatório para o item rejeitado {1}
Row #{0}: Return Against is required for returning asset,Linha #{0}: o retorno contra é necessário para devolver o ativo
Row #{0}: Scrap Item Qty cannot be zero,Linha #{0}: Scrap item Qty não pode ser zero
"Row #{0}: Selling rate for item {1} is lower than its {2}.|||					Selling {3} should be atleast {4}.<br><br>Alternatively,|||					you can disable selling price validation in {5} to bypass|||					this validation.","Linha #{0}: Taxa de venda para o item {1} é menor que o {2}. |||					Vender {3} deve ser pelo menos {4}. <br> <br> alternativamente, |||					Você pode desativar a validação de preços de venda em {5} para ignorar |||					esta validação."
Row #{0}: Serial No {1} does not belong to Batch {2},Linha #{0}: serial no {1} não pertence a lote {2}
Row #{0}: Serial No {1} for Item {2} is not available in {3} {4} or might be reserved in another {5}.,Linha #{0}: Serial No {1} para o item {2} não está disponível em {3} {4} ou pode ser reservado em outro {5}.
Row #{0}: Serial No {1} is already selected.,Linha #{0}: Serial No {1} já está selecionada.
Row #{0}: Service End Date cannot be before Invoice Posting Date,Linha #{0}: a data de término do serviço não pode ser antes da data de postagem da fatura
Row #{0}: Service Start Date cannot be greater than Service End Date,Linha #{0}: A data de início do serviço não pode ser maior que a data de término do serviço
Row #{0}: Service Start and End Date is required for deferred accounting,Linha #{0}: o serviço de início e a data de término é necessário para contabilidade diferida
Row #{0}: Set Supplier for item {1},Linha #{0}: Defina o fornecedor para o item {1}
Row #{0}: Start Time and End Time are required,Linha #{0}: a hora de início e o término são necessários
Row #{0}: Start Time must be before End Time,Linha #{0}: o horário de início deve ser antes do horário de término
Row #{0}: Status is mandatory,Linha #{0}: o status é obrigatório
Row #{0}: Status must be {1} for Invoice Discounting {2},Linha #{0}: O status deve ser {1} para desconto da fatura {2}
Row #{0}: Stock cannot be reserved for Item {1} against a disabled Batch {2}.,Linha #{0}: O stock não pode ser reservado para o item {1} contra um lote desativado {2}.
Row #{0}: Stock cannot be reserved for a non-stock Item {1},Linha #{0}: O stock não pode ser reservado para um item ininterrupto {1}
Row #{0}: Stock cannot be reserved in group warehouse {1}.,Linha #{0}: O stock não pode ser reservado no armazém de grupos {1}.
Row #{0}: Stock is already reserved for the Item {1}.,Linha #{0}: O stock já está reservado para o item {1}.
Row #{0}: Stock is reserved for item {1} in warehouse {2}.,Linha #{0}: O stock é reservado para o item {1} no armazém {2}.
Row #{0}: Stock not available to reserve for Item {1} against Batch {2} in Warehouse {3}.,Linha #{0}: stock não disponível para reserva para o item {1} contra o lote {2} no armazém {3}.
Row #{0}: Stock not available to reserve for the Item {1} in Warehouse {2}.,Linha #{0}: stock não disponível para reserva para o item {1} no armazém {2}.
Row #{0}: The batch {1} has already expired.,Linha #{0}: o lote {1} já expirou.
Row #{0}: The warehouse {1} is not a child warehouse of a group warehouse {2},Linha #{0}: O armazém {1} não é um armazém infantil de um armazém de grupos {2}
Row #{0}: Timings conflicts with row {1},Linha #{0}: Times conflitos com a linha {1}
Row #{0}: Total Number of Depreciations cannot be less than or equal to Opening Number of Booked Depreciations,Linha #{0}: O número total de depreciações não pode ser menor ou igual ao número de abertura de depreciações reservadas
Row #{0}: You cannot use the inventory dimension '{1}' in Stock Reconciliation to modify the quantity or valuation rate. Stock reconciliation with inventory dimensions is intended solely for performing opening entries.,Linha #{0}: você não pode usar a dimensão do inventário '{1}' na reconciliação de stock para modificar a quantidade ou taxa de avaliação. A reconciliação de stock com dimensões de inventário destina -se apenas a realizar entradas de abertura.
Row #{0}: You must select an Asset for Item {1}.,Linha #{0}: você deve selecionar um ativo para o item {1}.
Row #{0}: {1} can not be negative for item {2},Linha #{0}: {1} não pode ser negativa para o item {2}
Row #{0}: {1} is not a valid reading field. Please refer to the field description.,Linha #{0}: {1} não é um campo de leitura válido. Consulte a descrição do campo.
Row #{0}: {1} is required to create the Opening {2} Invoices,Linha #{0}: {1} é necessária para criar as faturas de abertura {2}
Row #{0}: {1} of {2} should be {3}. Please update the {1} or select a different account.,Linha #{0}: {1} de {2} deve ser {3}. Atualize o {1} ou selecione uma conta diferente.
Row #{1}: Warehouse is mandatory for stock Item {0},Linha #{1}: armazém é obrigatório para o item de stock {0}
Row #{idx}: Cannot select Supplier Warehouse while suppling raw materials to subcontractor.,Linha #{idx}: não é possível selecionar o armazém de fornecedores enquanto supõe matérias -primas ao subcontratado.
Row #{idx}: Item rate has been updated as per valuation rate since its an internal stock transfer.,Linha #{idx}: a taxa de item foi atualizada conforme a taxa de avaliação desde uma transferência interna de stock.
Row #{idx}: Please enter a location for the asset item {item_code}.,Linha #{idx}: insira um local para o item de ativo {item_code}.
Row #{idx}: Received Qty must be equal to Accepted + Rejected Qty for Item {item_code}.,Linha #{idx}: Qty recebida deve ser igual a aceito + qty rejeitada para o item {item_code}.
Row #{idx}: {field_label} can not be negative for item {item_code}.,Linha #{idx}: {field_label} não pode ser negativa para o item {item_code}.
Row #{idx}: {field_label} is mandatory.,Linha #{idx}: {field_label} é obrigatória.
Row #{idx}: {field_label} is not allowed in Purchase Return.,Linha #{idx}: {field_label} não é permitida no retorno da compra.
Row #{idx}: {from_warehouse_field} and {to_warehouse_field} cannot be same.,Linha #{idx}: {from_warehouse_field} e {to_warehouse_field} não podem ser iguais.
Row #{idx}: {schedule_date} cannot be before {transaction_date}.,Linha #{idx}: {schedule_date} não pode ser antes {transaction_date}.
Row #{}: Currency of {} - {} doesn't matches company currency.,Linha #{}: moeda de {} - {} não corresponde à moeda da empresa.
Row #{}: Finance Book should not be empty since you're using multiple.,"Linha #{}: O livro financeiro não deve estar vazio, pois você está usando múltiplas."
Row #{}: Item Code: {} is not available under warehouse {}.,Linha #{}: Código do item: {} não está disponível no Warehouse {}.
Row #{}: POS Invoice {} has been {},Linha #{}: Pos Fatura {} foi {}
Row #{}: POS Invoice {} is not against customer {},Linha #{}: Pos Fatura {} não é contra o cliente {}
Row #{}: POS Invoice {} is not submitted yet,Linha #{}: Pos Fatura {} ainda não foi enviada
Row #{}: Please assign task to a member.,Linha #{}: atribua a tarefa a um membro.
Row #{}: Please use a different Finance Book.,Linha #{}: use um livro financeiro diferente.
Row #{}: Serial No {} cannot be returned since it was not transacted in original invoice {},"Linha #{}: serial no {} não pode ser retornado, pois não foi transalizado na fatura original {}"
Row #{}: Stock quantity not enough for Item Code: {} under warehouse {}. Available quantity {}.,Linha #{}: Quantidade de stock não é suficiente para o código do item: {} em Warehouse {}. Quantidade disponível {}.
Row #{}: The original Invoice {} of return invoice {} is not consolidated.,Linha #{}: A fatura original {} da fatura de retorno {} não é consolidada.
Row #{}: You cannot add positive quantities in a return invoice. Please remove item {} to complete the return.,Linha #{}: você não pode adicionar quantidades positivas em uma fatura de retorno. Remova o item {} para concluir o retorno.
Row #{}: item {} has been picked already.,Linha #{}: item {} já foi escolhida.
Row #{}: {},Linha #{}: {}
Row #{}: {} {} does not exist.,Linha #{}: {} {} não existe.
Row #{}: {} {} doesn't belong to Company {}. Please select valid {}.,Linha #{}: {} {} não pertence à empresa {}. Selecione válido {}.
Row No {0}: Warehouse is required. Please set a Default Warehouse for Item {1} and Company {2},Linha no {0}: é necessário armazém. Defina um armazém padrão para o item {1} e a empresa {2}
Row Number,Número da linha
Row {0},Linha {0}
Row {0} : Operation is required against the raw material item {1},Linha {0}: a operação é necessária contra o item de matéria -prima {1}
"Row {0} picked quantity is less than the required quantity, additional {1} {2} required.","Linha {0} A quantidade escolhida é menor que a quantidade necessária, necessária {1} {2}."
Row {0}# Item {1} cannot be transferred more than {2} against {3} {4},Linha {0}# item {1} não pode ser transferida mais do que {2} contra {3} {4}
Row {0}# Item {1} not found in 'Raw Materials Supplied' table in {2} {3},Linha {0}# item {1} não encontrada em 'Matérias -primas fornecidas' Tabela em {2} {3}
Row {0}: Accepted Qty and Rejected Qty can't be zero at the same time.,Linha {0}: Qty aceita e Qty rejeitada não podem ser zero ao mesmo tempo.
Row {0}: Account {1} and Party Type {2} have different account types,Linha {0}: conta {1} e tipo de festa {2} têm diferentes tipos de conta
Row {0}: Activity Type is mandatory.,Linha {0}: O tipo de atividade é obrigatório.
Row {0}: Advance against Customer must be credit,Linha {0}: o avanço contra o cliente deve ser crédito
Row {0}: Advance against Supplier must be debit,Linha {0}: O avanço contra o fornecedor deve ser débito
Row {0}: Allocated amount {1} must be less than or equal to invoice outstanding amount {2},Linha {0}: quantidade alocada {1} deve ser menor ou igual à fatura do valor pendente {2}
Row {0}: Allocated amount {1} must be less than or equal to remaining payment amount {2},Linha {0}: o valor alocado {1} deve ser menor ou igual ao valor do pagamento restante {2}
"Row {0}: As {1} is enabled, raw materials cannot be added to {2} entry. Use {3} entry to consume raw materials.","Linha {0}: Como {1} está ativado, as matérias -primas não podem ser adicionadas à entrada {2}. Use a entrada {3} para consumir matérias -primas."
Row {0}: Bill of Materials not found for the Item {1},Linha {0}: Estrutura de produto não encontrados para o item {1}
Row {0}: Both Debit and Credit values cannot be zero,Linha {0}: Os valores de débito e crédito não podem ser zero
Row {0}: Conversion Factor is mandatory,Linha {0}: o fator de conversão é obrigatório
Row {0}: Cost Center {1} does not belong to Company {2},Linha {0}: Cost Center {1} não pertence à Companhia {2}
Row {0}: Cost center is required for an item {1},Linha {0}: Centro de custo é necessário para um item {1}
Row {0}: Credit entry can not be linked with a {1},Linha {0}: A entrada de crédito não pode ser vinculada a um {1}
Row {0}: Currency of the BOM #{1} should be equal to the selected currency {2},Linha {0}: Moeda do Bom #{1} deve ser igual à moeda selecionada {2}
Row {0}: Debit entry can not be linked with a {1},Linha {0}: A entrada de débito não pode ser vinculada a um {1}
Row {0}: Delivery Warehouse ({1}) and Customer Warehouse ({2}) can not be same,Linha {0}: Delivery Warehouse ({1}) e Warehouse do cliente ({2}) não podem ser iguais
Row {0}: Due Date in the Payment Terms table cannot be before Posting Date,Linha {0}: Data de vencimento na tabela de termos de pagamento não pode ser antes da data de postagem
Row {0}: Either Delivery Note Item or Packed Item reference is mandatory.,Linha {0}: qualquer item da nota de entrega ou referência de item embalado é obrigatório.
Row {0}: Exchange Rate is mandatory,Linha {0}: a taxa de câmbio é obrigatória
Row {0}: Expected Value After Useful Life must be less than Gross Purchase Amount,Linha {0}: valor esperado após a vida útil deve ser menor que o valor bruto de compra
Row {0}: Expense Head changed to {1} as no Purchase Receipt is created against Item {2}.,"Linha {0}: cabeça de despesa alterada para {1}, pois nenhum recibo de compra é criado contra o item {2}."
Row {0}: Expense Head changed to {1} because account {2} is not linked to warehouse {3} or it is not the default inventory account,Linha {0}: cabeça de despesa alterada para {1} porque a conta {2} não está vinculada ao armazém {3} ou não é a conta de inventário padrão
Row {0}: Expense Head changed to {1} because expense is booked against this account in Purchase Receipt {2},Linha {0}: cabeça de despesa alterada para {1} porque a despesa é reservada contra esta conta no recibo de compra {2}
"Row {0}: For Supplier {1}, Email Address is Required to send an email","Linha {0}: Para o fornecedor {1}, o endereço de email é necessário para enviar um email"
Row {0}: From Time and To Time is mandatory.,Linha {0}: do tempo e do tempo é obrigatório.
Row {0}: From Time and To Time of {1} is overlapping with {2},Linha {0}: De tempos e tempos de {1} está sobrepondo com {2}
Row {0}: From Warehouse is mandatory for internal transfers,Linha {0}: do armazém é obrigatória para transferências internas
Row {0}: From time must be less than to time,Linha {0}: do tempo deve ser menor que o tempo
Row {0}: Hours value must be greater than zero.,Linha {0}: o valor do horário deve ser maior que zero.
Row {0}: Invalid reference {1},Linha {0}: Referência inválida {1}
Row {0}: Item Tax template updated as per validity and rate applied,Linha {0}: modelo de imposto de item atualizado conforme validade e taxa aplicada
Row {0}: Item rate has been updated as per valuation rate since its an internal stock transfer,Linha {0}: a taxa de item foi atualizada conforme a taxa de avaliação desde que é uma transferência de stock interna
Row {0}: Item {1} must be a stock item.,Linha {0}: Item {1} deve ser um item de stock.
Row {0}: Item {1} must be a subcontracted item.,Linha {0}: Item {1} deve ser um item subcontratado.
Row {0}: Item {1}'s quantity cannot be higher than the available quantity.,Linha {0}: Item {1} A quantidade de São mais alta que a quantidade disponível.
Row {0}: Packed Qty must be equal to {1} Qty.,Linha {0}: Qty embalado deve ser igual a {1} Qty.
Row {0}: Packing Slip is already created for Item {1}.,Linha {0}: a guia de embalagem já foi criado para o item {1}.
Row {0}: Party / Account does not match with {1} / {2} in {3} {4},Linha {0}: Party / Conta não corresponde a {1} / {2} em {3} {4}
Row {0}: Party Type and Party is required for Receivable / Payable account {1},Linha {0}: O tipo de festa e a festa são necessários para uma conta a receber / a pagar {1}
Row {0}: Payment Term is mandatory,Linha {0}: termo de pagamento é obrigatório
Row {0}: Payment against Sales/Purchase Order should always be marked as advance,Linha {0}: O pagamento contra o pedido de vendas/compra deve sempre ser marcado como adiantamento
Row {0}: Please check 'Is Advance' against Account {1} if this is an advance entry.,Linha {0}: verifique 'é adiantado' na conta {1} se esta for uma entrada antecipada.
Row {0}: Please provide a valid Delivery Note Item or Packed Item reference.,Linha {0}: forneça um item de nota de entrega válido ou referência de item embalado.
Row {0}: Please select a BOM for Item {1}.,Linha {0}: Selecione um nascido para o item {1}.
Row {0}: Please select an active BOM for Item {1}.,Linha {0}: Selecione um nascimento ativo para o item {1}.
Row {0}: Please select an valid BOM for Item {1}.,Linha {0}: Selecione uma BOM válida para o item {1}.
Row {0}: Please set at Tax Exemption Reason in Sales Taxes and Charges,"Linha {0}: Por favor, defina como motivo de isenção de impostos nos impostos e cobranças de vendas"
Row {0}: Please set the Mode of Payment in Payment Schedule,Linha {0}: Defina o modo de pagamento no cronograma de pagamento
Row {0}: Please set the correct code on Mode of Payment {1},Linha {0}: defina o código correto no modo de pagamento {1}
Row {0}: Project must be same as the one set in the Timesheet: {1}.,Linha {0}: o projeto deve ser o mesmo que o definido no timesHEET: {1}.
Row {0}: Purchase Invoice {1} has no stock impact.,Linha {0}: a fatura de compra {1} não tem impacto no stock.
Row {0}: Qty cannot be greater than {1} for the Item {2}.,Linha {0}: Qty não pode ser maior que {1} para o item {2}.
Row {0}: Qty in Stock UOM can not be zero.,Linha {0}: Qty em stock UOM não pode ser zero.
Row {0}: Qty must be greater than 0.,Linha {0}: Qty deve ser maior que 0.
Row {0}: Quantity cannot be negative.,Linha {0}: A quantidade não pode ser negativa.
Row {0}: Quantity not available for {4} in warehouse {1} at posting time of the entry ({2} {3}),Linha {0}: Quantidade não disponível para {4} no armazém {1} no momento da postagem da entrada ({2} {3})
Row {0}: Shift cannot be changed since the depreciation has already been processed,"Linha {0}: Shift não pode ser alterada, pois a depreciação já foi processada"
Row {0}: Subcontracted Item is mandatory for the raw material {1},Linha {0}: o item subcontratado é obrigatório para a matéria -prima {1}
Row {0}: Target Warehouse is mandatory for internal transfers,Linha {0}: o Target Warehouse é obrigatório para transferências internas
Row {0}: Task {1} does not belong to Project {2},Linha {0}: Tarefa {1} não pertence ao Projeto {2}
"Row {0}: The item {1}, quantity must be positive number","Linha {0}: o item {1}, a quantidade deve ser um número positivo"
Row {0}: The {3} Account {1} does not belong to the company {2},Linha {0}: a conta {3} {1} não pertence à empresa {2}
"Row {0}: To set {1} periodicity, difference between from and to date must be greater than or equal to {2}","Linha {0}: Para definir {1} periodicidade, a diferença entre e até a data deve ser maior ou igual a {2}"
Row {0}: UOM Conversion Factor is mandatory,Linha {0}: o fator de conversão do UOM é obrigatório
Row {0}: Workstation or Workstation Type is mandatory for an operation {1},Linha {0}: Tipo de estação de trabalho ou estação de trabalho é obrigatória para uma operação {1}
Row {0}: user has not applied the rule {1} on the item {2},Linha {0}: o usuário não aplicou a regra {1} no item {2}
Row {0}: {1} account already applied for Accounting Dimension {2},Linha {0}: {1} Conta já aplicada para dimensão contábil {2}
Row {0}: {1} must be greater than 0,Linha {0}: {1} deve ser maior que 0
Row {0}: {1} {2} cannot be same as {3} (Party Account) {4},Linha {0}: {1} {2} não pode ser a mesma que {3} (conta do partido) {4}
Row {0}: {1} {2} does not match with {3},Linha {0}: {1} {2} não corresponde a {3}
Row {0}: {2} Item {1} does not exist in {2} {3},Linha {0}: {2} item {1} não existe em {2} {3}
"Row {1}: Quantity ({0}) cannot be a fraction. To allow this, disable '{2}' in UOM {3}.","Linha {1}: Quantity ({0}) não pode ser uma fração. Para permitir isso, desative '{2}' em uom {3}."
Row {idx}: Asset Naming Series is mandatory for the auto creation of assets for item {item_code}.,Linha {idx}: A série de nomeação de ativos é obrigatória para a criação automática de ativos para o item {item_code}.
Row({0}): Outstanding Amount cannot be greater than actual Outstanding Amount {1} in {2},Linha ({0}): O valor pendente não pode ser maior que o valor pendente real {1} em {2}
Row({0}): {1} is already discounted in {2},Linha ({0}): {1} já está descontada em {2}
Rows Added in {0},Linhas adicionadas em {0}
Rows Removed in {0},Linhas removidas em {0}
Rows with Same Account heads will be merged on Ledger,Linhas com as mesmas cabeças de conta serão mescladas no livro
Rows with duplicate due dates in other rows were found: {0},Foram encontradas linhas com datas de vencimento duplicado em outras linhas: {0}
Rows: {0} have 'Payment Entry' as reference_type. This should not be set manually.,Linhas: {0} têm 'entrada de pagamento' como reference_type. Isso não deve ser definido manualmente.
Rows: {0} in {1} section are Invalid. Reference Name should point to a valid Payment Entry or Journal Entry.,Linhas: {0} na seção {1} são inválidas. O nome de referência deve apontar para uma entrada de pagamento válida ou entrada do diário.
Rule Applied,Regra aplicada
Rule Description,Descrição da regra
Run parallel job cards in a workstation,Execute cartões de trabalho paralelos em uma estação de trabalho
Running,Correndo
S.O. No.,ENTÃO. Não.
SABB-.########,Sabb-. ########
SAL-CAM-.YYYY.-,Sal-cam-.yyyy.-
SAL-ORD-.YYYY.-,Sal-Ord-.yyyy.-
SAL-QTN-.YYYY.-,Sal-qtn-.yyyy.-
SC-ORD-.YYYY.-,Sc-acord-.yyyy.-
SCO Supplied Item,Item fornecido pela SCO
SER-WRN-.YYYY.-,Ser-wrn-.yyyy.-
SLA Fulfilled On,SLA cumprido
SLA Fulfilled On Status,SLA cumprido no status
SLA Paused On,SLA parou
SLA is on hold since {0},SLA está em espera desde {0}
SLA will be applied if {1} is set as {2}{3},SLA será aplicado se {1} for definido como {2} {3}
SLA will be applied on every {0},SLA será aplicado em cada {0}
SMS Center,SMS Center
SO Qty,Então Qty
SO Total Qty,"Então, total Qtd"
STATEMENT OF ACCOUNTS,Declaração de contas
STO-ITEM-.YYYY.-,Sto-item-.yyy.-
STO-PICK-.YYYY.-,Sto-Pick-.yyyy.-
SUP-.YYYY.-,Sup-.yyyy.-
SWIFT Number,Número rápido
SWIFT number,Número rápido
Safety Stock,Stock de segurança
Salary,Salário
Salary Currency,Moeda salarial
Salary Mode,Modo salarial
Sales,Vendas
Sales Account,Conta de vendas
Sales Analytics,Análise de vendas
Sales Contributions and Incentives,Contribuições e incentivos de vendas
Sales Defaults,Padrões de vendas
Sales Expenses,Despesas de vendas
Sales Funnel,Funil de vendas
Sales Incoming Rate,Taxa de entrada de vendas
Sales Invoice,Fatura de vendas
Sales Invoice Advance,Avanço da fatura de vendas
Sales Invoice Item,Item da fatura de vendas
Sales Invoice No,Fatura de vendas no
Sales Invoice Payment,Pagamento da fatura de vendas
Sales Invoice Reference,Referência de fatura de vendas
Sales Invoice Timesheet,Quadro de horários da fatura de vendas
Sales Invoice Transactions,Transações de fatura de vendas
Sales Invoice Trends,Tendências de fatura de vendas
Sales Invoice does not have Payments,Fatura de vendas não possui pagamentos
Sales Invoice is already consolidated,Fatura de vendas já está consolidada
Sales Invoice is not created using POS,A fatura de vendas não é criada usando POS
Sales Invoice is not submitted,Fatura de vendas não é enviada
Sales Invoice isn't created by user {},A fatura de vendas não é criada pelo usuário {}
Sales Invoice mode is activated in POS. Please create Sales Invoice instead.,"O modo de fatura de vendas é ativado no POS. Em vez disso, crie a fatura de vendas."
Sales Invoice {0} has already been submitted,Fatura de vendas {0} já foi enviada
Sales Invoice {0} must be deleted before cancelling this Sales Order,Fatura de vendas {0} deve ser excluída antes de cancelar este pedido de vendas
Sales Manager,Gerente de vendas
Sales Master Manager,Gerente de vendas principal
Sales Monthly History,Error 500 (Server Error)!!1500.That’s an error.There was an error. Please try again later.That’s all we know.
Sales Opportunities by Campaign,Oportunidades de vendas por campanha
Sales Opportunities by Medium,Oportunidades de vendas por médio
Sales Opportunities by Source,Oportunidades de vendas por fonte
Sales Order,Ordem de vendas
Sales Order Analysis,Análise de pedidos de vendas
Sales Order Date,Data do pedido de vendas
Sales Order Item,Item de pedido de vendas
Sales Order Packed Item,Item de pedidos de vendas
Sales Order Reference,Referência de pedidos de vendas
Sales Order Status,Status do pedido de vendas
Sales Order Trends,Tendências de pedidos de vendas
Sales Order required for Item {0},Pedido de vendas necessário para o item {0}
"Sales Order {0} already exists against Customer's Purchase Order {1}. To allow multiple Sales Orders, Enable {2} in {3}","Ordem de vendas {0} já existe no pedido de compra do cliente {1}. Para permitir vários pedidos de vendas, ative {2} em {3}"
Sales Order {0} is not submitted,Ordem de vendas {0} não é enviado
Sales Order {0} is not valid,Ordem de vendas {0} não é válido
Sales Order {0} is {1},A ordem de vendas {0} é {1}
Sales Orders,Pedidos de vendas
Sales Orders Required,Pedidos de vendas necessários
Sales Orders to Bill,Pedidos de vendas para Bill
Sales Orders to Deliver,Pedidos de vendas para entregar
Sales Partner,Parceiro de vendas
Sales Partner ,Parceiro de vendas
Sales Partner Commission Summary,Resumo da Comissão de Parceiros de Vendas
Sales Partner Item,Item do parceiro de vendas
Sales Partner Name,Nome do parceiro de vendas
Sales Partner Target,Target de parceiro de vendas
Sales Partner Target Variance based on Item Group,Variação do alvo do parceiro de vendas com base no grupo de itens
Sales Partner Transaction Summary,Resumo da transação do parceiro de vendas
Sales Partner Type,Tipo de parceiro de vendas
Sales Partners Commission,Comissão de Parceiros de Vendas
Sales Payment Summary,Resumo do pagamento de vendas
Sales Person,Vendedor
Sales Person <b>{0}</b> is disabled.,Pessoa de vendas <b>{0}</b> está desativada.
Sales Person Commission Summary,Resumo da Comissão de Pessoa de Vendas
Sales Person Name,Nome de vendas
Sales Person Target Variance Based On Item Group,Variação-alvo de vendas com base no grupo de itens
Sales Person Targets,Vendas de vendas
Sales Person-wise Transaction Summary,Resumo da transação de vendas por pessoa
Sales Pipeline,Pipeline de vendas
Sales Pipeline Analytics,Análise de pipeline de vendas
Sales Pipeline by Stage,Oleoduto de vendas por estágio
Sales Price List,Lista de preços de venda
Sales Register,Registro de vendas
Sales Return,Retorno de vendas
Sales Stage,Estágio de vendas
Sales Summary,Resumo das vendas
Sales Tax Template,Modelo de imposto sobre vendas
Sales Taxes and Charges,Impostos e cobranças de vendas
Sales Taxes and Charges Template,Modelo de impostos e cobranças de vendas
Sales Team,Equipe de vendas
Sales Update Frequency in Company and Project,Frequência de atualização de vendas na empresa e projeto
Sales User,Usuário de vendas
Sales Value,Valor de vendas
Sales and Returns,Vendas e retornos
Sales orders are not available for production,Os pedidos de vendas não estão disponíveis para produção
Salutation,Saudação
Salvage Value,Valor de salvamento
Salvage Value Percentage,Porcentagem de valor de resgate
Same Company is entered more than once,A mesma empresa foi inserida mais de uma vez
Same Item,Mesmo item
Same item and warehouse combination already entered.,O mesmo item e combinação de armazém já inseridos.
Same item cannot be entered multiple times.,O mesmo item não pode ser inserido várias vezes.
Same supplier has been entered multiple times,O mesmo fornecedor foi inserido várias vezes
Sample Quantity,Quantidade de amostra
Sample Retention Warehouse,Armazém de retenção de amostra
Sample Size,Tamanho da amostra
Sample quantity {0} cannot be more than received quantity {1},A quantidade de amostra {0} não pode ser mais do que a quantidade recebida {1}
Sanctioned,Sancionado
Saturday,Sábado
Save,Salvar
Save as Draft,Salve como rascunho
Savings,Poupança
Scan Barcode,Digitalize código de barras
Scan Batch No,Digitalizar lote não
Scan Job Card Qrcode,Digitalizar cartão de trabalho qrcode
Scan Mode,Modo de varredura
Scan Serial No,Digitalize serial no
Scan barcode for item {0},Digitalize o código de barras para o item {0}
"Scan mode enabled, existing quantity will not be fetched.","Modo de varredura ativado, a quantidade existente não será buscada."
Scanned Cheque,Verificação digitalizada
Scanned Quantity,Quantidade digitalizada
Schedule,Agendar
Schedule Date,Data do cronograma
Scheduled,Agendado
Scheduled Date,Data programada
Scheduled Time,Tempo agendado
Scheduled Time Logs,Logs de tempo agendados
Scheduler Inactive,Agendador inativo
Scheduler is Inactive. Can't trigger job now.,O agendador está inativo. Não posso desencadear o trabalho agora.
Scheduler is Inactive. Can't trigger jobs now.,O agendador está inativo. Não posso desencadear trabalhos agora.
Scheduler is inactive. Cannot enqueue job.,O agendador está inativo. Não pode enquadrar o trabalho.
Scheduler is inactive. Cannot import data.,O agendador está inativo. Não é possível importar dados.
Scheduler is inactive. Cannot merge accounts.,O agendador está inativo. Não pode mesclar contas.
Schedules,Horários
Scheduling,Programação
Scheduling...,Programação ...
School/University,Escola/Universidade
Score,Pontuação
Scorecard Actions,Ações de Scorecard
"Scorecard variables can be used, as well as:|||{total_score} (the total score from that period),|||{period_number} (the number of periods to present day)|||","As variáveis de scorecard podem ser usadas, bem como: ||| {total_score} (a pontuação total a partir desse período), ||| {period_number} (o número de períodos até os dias atuais) |||"
Scorecards,Scorecards
Scoring Criteria,Critérios de pontuação
Scoring Setup,Configuração de pontuação
Scoring Standings,Classificação de pontuação
Scrap & Process Loss,Sucata e perda de processo
Scrap Asset,Ativo de sucata
Scrap Cost Per Qty,Custo de sucata por qty
Scrap Item Code,Código do item de sucata
Scrap Item Name,Nome do item de sucata
Scrap Items,Itens de sucata
Scrap Material Cost,Custo do material de sucata
Scrap Material Cost(Company Currency),Custo do material de sucata (moeda da empresa)
Scrap Warehouse,Scrap Warehouse
Scrap date cannot be before purchase date,A data de sucata não pode ser antes da data de compra
Scrapped,Descartado
Search,Procurar
Search APIs,APIs de pesquisa
Search Sub Assemblies,Pesquise sub Assemblies
Search Term Param Name,Nome do parâmetro de termo de pesquisa
"Search by customer name, phone, email.","Pesquise por nome do cliente, telefone, e-mail."
Search by invoice id or customer name,Pesquise por ID da fatura ou nome do cliente
"Search by item code, serial number or barcode","Pesquise por código do item, número de série ou código de barras"
Second Email,Segundo e-mail
Secondary Party,Festa secundária
Secondary Role,Papel secundário
Section,Seção
Section Code,Código da seção
Secured Loans,Empréstimos garantidos
Securities and Deposits,Valores mobiliários e depósitos
See All Articles,Veja todos os artigos
See all open tickets,Veja todos os tickets abertos
Segregate Serial / Batch Bundle,Pacote segregado serial / lote
Select,Selecione
Select Accounting Dimension.,Selecione a dimensão contábil.
Select Alternate Item,Selecione o item alternativo
Select Alternative Items for Sales Order,Selecione itens alternativos para o pedido de vendas
Select Attribute Values,Selecione valores de atributo
Select BOM,Selecione BOM
Select BOM and Qty for Production,Selecione Bom e Qty para produção
"Select BOM, Qty and For Warehouse","Selecione Bom, Qty e para armazém"
Select Batch No,Selecione o lote não
Select Billing Address,Selecione o endereço de cobrança
Select Brand...,Selecione Marca ...
Select Columns and Filters,Selecione colunas e filtros
Select Company,Selecione Empresa
Select Corrective Operation,Selecione operação corretiva
Select Customers By,Selecione clientes por
Select Date of Birth. This will validate Employees age and prevent hiring of under-age staff.,Selecione a data de nascimento. Isso validará a idade dos funcionários e evitará a contratação de funcionários da menor idade.
"Select Date of joining. It will have impact on the first salary calculation, Leave allocation on pro-rata bases.","Selecione a data da união. Isso terá impacto no primeiro cálculo do salário, deixará a alocação nas bases pró-ratas."
Select Default Supplier,Selecione o fornecedor padrão
Select Difference Account,Selecione a conta de diferença
Select Dimension,Selecione dimensão
Select Dispatch Address ,Selecione endereço de despacho
Select DocType,Selecione Doctype
Select Employees,Selecione funcionários
Select Finished Good,Selecione o bem acabado
Select Items,Selecione itens
Select Items based on Delivery Date,Selecione itens com base na data de entrega
Select Items for Quality Inspection,Selecione itens para inspeção de qualidade
Select Items to Manufacture,Selecione itens para fabricar
Select Items up to Delivery Date,Selecione itens até a data de entrega
Select Job Worker Address,Selecione o endereço do trabalhador
Select Loyalty Program,Selecione o programa de fidelidade
Select Possible Supplier,Selecione o possível fornecedor
Select Quantity,Selecione Quantidade
Select Serial No,Selecione NÃO SERIAL
Select Serial and Batch,Selecione serial e lote
Select Shipping Address,Selecione o endereço de envio
Select Supplier Address,Selecione o endereço do fornecedor
Select Target Warehouse,Selecione o Target Warehouse
Select Time,Selecione o tempo
Select View,Selecione Visualização
Select Vouchers to Match,Selecione vouchers para combinar
Select Warehouse...,Selecione Warehouse ...
Select Warehouses to get Stock for Materials Planning,Selecione armazéns para obter stock para planejamento de materiais
Select a Company,Selecione uma empresa
Select a Company this Employee belongs to.,Selecione uma empresa a que esse funcionário pertence.
Select a Customer,Selecione um cliente
Select a Default Priority.,Selecione uma prioridade padrão.
Select a Supplier,Selecione um fornecedor
"Select a Supplier from the Default Suppliers of the items below. On selection, a Purchase Order will be made against items belonging to the selected Supplier only.","Selecione um fornecedor entre os fornecedores padrão dos itens abaixo. Na seleção, um pedido de compra será feito contra itens pertencentes apenas ao fornecedor selecionado."
Select a company,Selecione uma empresa
Select an Item Group.,Selecione um grupo de itens.
Select an account to print in account currency,Selecione uma conta para imprimir na moeda da conta
Select an invoice to load summary data,Selecione uma fatura para carregar dados de resumo
Select an item from each set to be used in the Sales Order.,Selecione um item de cada conjunto para ser usado no pedido de vendas.
Select at least one value from each of the attributes.,Selecione pelo menos um valor de cada um dos atributos.
Select company first,Selecione a empresa primeiro
Select company name first.,Selecione o nome da empresa primeiro.
Select finance book for the item {0} at row {1},Selecione o livro financeiro para o item {0} na linha {1}
Select item group,Selecione Grupo de Item
Select template item,Selecione o item de modelo
Select the Bank Account to reconcile.,Selecione a conta bancária para reconciliar.
Select the Default Workstation where the Operation will be performed. This will be fetched in BOMs and Work Orders.,Selecione a estação de trabalho padrão em que a operação será executada. Isso será buscado em BOMs e ordens de serviço.
Select the Item to be manufactured.,Selecione o item a ser fabricado.
"Select the Item to be manufactured. The Item name, UoM, Company, and Currency will be fetched automatically.","Selecione o item a ser fabricado. O nome do item, UOM, empresa e moeda serão buscados automaticamente."
Select the Warehouse,Selecione o armazém
Select the customer or supplier.,Selecione o cliente ou fornecedor.
Select the date,Selecione a data
Select the date and your timezone,Selecione a data e seu fuso horário
Select the raw materials (Items) required to manufacture the Item,Selecione as matérias -primas (itens) necessários para fabricar o item
Select variant item code for the template item {0},Selecione o código do item da variante para o item de modelo {0}
Select whether to get items from a Sales Order or a Material Request. For now select <b>Sales Order</b>.||| A Production Plan can also be created manually where you can select the Items to manufacture.,"Selecione se deve obter itens de um pedido de vendas ou uma solicitação de material. Por enquanto, selecione <b> Pedido de vendas </b>. ||| Um plano de produção também pode ser criado manualmente, onde você pode selecionar os itens a serem fabricados."
Select whether to get items from a Sales Order or a Material Request. For now select <b>Sales Order</b>.|||| A Production Plan can also be created manually where you can select the Items to manufacture.,"Selecione se deve obter itens de um pedido de vendas ou uma solicitação de material. Por enquanto, selecione <b> Pedido de vendas </b>. |||| Um plano de produção também pode ser criado manualmente, onde você pode selecionar os itens a serem fabricados."
Select your weekly off day,Selecione seu dia semanal de folga
"Select, to make the customer searchable with these fields","Selecione, para tornar o cliente pesquisável com esses campos"
Selected POS Opening Entry should be open.,A entrada de abertura do POS selecionada deve estar aberta.
Selected Price List should have buying and selling fields checked.,A lista de preços selecionada deve ter campos de compra e venda verificados.
Selected Serial and Batch Bundle entries have been removed.,As entradas de serial e lote selecionadas foram removidas.
Selected Vouchers,Vouchers selecionados
Selected date is,A data selecionada é
Selected document must be in submitted state,O documento selecionado deve estar no estado enviado
Self delivery,Auto -entrega
Sell,Vender
Sell Asset,Vender ativo
Selling,Vendas
Selling Amount,Valor de venda
Selling Price List,Lista de preços de venda
Selling Rate,Taxa de venda
Selling Settings,Configurações de venda
"Selling must be checked, if Applicable For is selected as {0}","A venda deve ser verificada, se aplicável, é selecionado como {0}"
Semi Finished Good / Finished Good,Semi acabado bom / acabado bem
Semi Finished Goods / Finished Goods,Produtos semi -acabados / bens acabados
Send,Enviar
Send After (days),Enviar depois (dias)
Send Attached Files,Enviar arquivos anexados
Send Document Print,Envie a impressão do documento
Send Email,Envie email
Send Emails,Envie e -mails
Send Emails to Suppliers,Envie e -mails para fornecedores
Send Now,Envie agora
Send SMS,Enviar SMS
Send To,Enviar para
Send To Primary Contact,Enviar para o contato primário
Send regular summary reports via Email.,Envie relatórios de resumo regulares por e-mail.
Send to Subcontractor,Enviar para o subcontratado
Send with Attachment,Enviar com anexo
Sender,Remetente
Sending,Envio
Sending...,Enviando ...
Sent,Enviado
Sequence ID,ID da sequência
Sequence Id,ID da sequência
Sequential,Sequencial
Serial & Batch Item,Item em série e lote
Serial & Batch Item Settings,Configurações de itens em série e lote
Serial / Batch Bundle,Pacote em série / lote
Serial / Batch Bundle Missing,Pacote em série / lote ausente
Serial / Batch No,Serial / lote não
Serial / Batch Nos,NOS serial / lote
Serial No,Nº de série
Serial No (In/Out),Nº de série (entrada/saída)
Serial No / Batch,Nº de série/lote
Serial No Count,Contagem de nº de série
Serial No Ledger,Registo de nº de série
Serial No Range,Intervalo de nº de série
Serial No Reserved,Nº de série reservados
Serial No Service Contract Expiry,Expiração do contrato de serviço do nº de série
Serial No Status,Estado do nº de série
Serial No Warranty Expiry,Expiração da garantia do nº de série
Serial No and Batch,Nº de série e lote
Serial No and Batch Selector cannot be use when Use Serial / Batch Fields is enabled.,O seletor de nº de série e lote não pode ser utilizado quando a opção Utilizar campos de série/lote está ativada.
Serial No is mandatory,O nº de série é obrigatório
Serial No is mandatory for Item {0},O nº de série é obrigatório para o item {0}
Serial No {0} already exists,O n° de série {0} já existe
Serial No {0} already scanned,O nº de série {0} já foi digitalizado
Serial No {0} does not belong to Delivery Note {1},O nº de série {0} não pertence à nota de entrega {1}
Serial No {0} does not belong to Item {1},O nº de série {0} não pertence ao item {1}
Serial No {0} does not exist,O nº de série {0} não existe
Serial No {0} does not exists,O nº de série {0} não existe
Serial No {0} is already added,O nº de série {0} já foi adicionado
"Serial No {0} is not present in the {1} {2}, hence you can't return it against the {1} {2}","Nº de série {0} não está presente no {1} {2}, portanto, você não pode devolvê-lo contra o {1} {2}"
Serial No {0} is under maintenance contract upto {1},Nº de série {0} está sob contrato de manutenção até {1}
Serial No {0} is under warranty upto {1},Nº de série{0} está sob garantia até {1}
Serial No {0} not found,Nº de série {0} não encontrado
Serial No: {0} has already been transacted into another POS Invoice.,Nº de série: {0} já foi transalizado para outra fatura de POS.
Serial Nos,Nos
Serial Nos / Batch Nos,Nº de série / Nº de lote
Serial Nos and Batches,Nº de série e lotes
Serial Nos are created successfully,NOS em série são criados com sucesso
"Serial Nos are reserved in Stock Reservation Entries, you need to unreserve them before proceeding.","O NOS serial é reservado nas entradas de reserva de stock, você precisa não avaliá -las antes de prosseguir."
Serial Number Series,Série de números de série
Serial and Batch,Serial e lote
Serial and Batch Bundle,Pacote em série e lote
Serial and Batch Bundle created,Pacote em série e lote criado
Serial and Batch Bundle updated,Pacote em série e lote atualizado
Serial and Batch Bundle {0} is already used in {1} {2}.,O pacote de série e lote {0} já está usado em {1} {2}.
Serial and Batch Details,Detalhes de série e lote
Serial and Batch Entry,Entrada em série e lote
Serial and Batch No,Nº de série e nº do lote
Serial and Batch Nos,Números de série e lote
Serial and Batch Nos will be auto-reserved based on <b>Pick Serial / Batch Based On</b>,Números de série e lote serão reservados automaticamente com base em <b> escolha serial / lote com base em </b>
Serial and Batch Reservation,Reserva serial e em lote
Serial and Batch Summary,Resumo de série e lote
Serial number {0} entered more than once,Número de série {0} entrou mais de uma vez
Serial numbers unavailable for Item {0} under warehouse {1}. Please try changing warehouse.,"Números de série indisponíveis para o item {0} em Warehouse {1}. Por favor, tente mudar o armazém."
Series,Série
Series for Asset Depreciation Entry (Journal Entry),Série para entrada de depreciação de ativos (entrada no diário)
Series is mandatory,A série é obrigatória
Service,Serviço
Service Address,Endereço de serviço
Service Cost Per Qty,Custo de serviço por qty
Service Day,Dia do serviço
Service End Date,Data de término do serviço
Service Expense Total Amount,Despesa de serviço Valor total
Service Expenses,Despesas de serviço
Service Item,Item de serviço
Service Item Qty,Item de serviço Qtd
Service Item Qty / Finished Good Qty,Item de serviço Qtdy / acabado bom qty
Service Item UOM,Item de serviço uom
Service Item {0} is disabled.,Item de serviço {0} está desativado.
Service Item {0} must be a non-stock item.,O item de serviço {0} deve ser um item sem stock.
Service Items,Itens de serviço
Service Level Agreement,Contrato de nível de serviço
Service Level Agreement Creation,Criação de contrato de nível de serviço
Service Level Agreement Details,Detalhes do contrato de nível de serviço
Service Level Agreement Status,Status do contrato de nível de serviço
Service Level Agreement for {0} {1} already exists.,Contrato de nível de serviço para {0} {1} já existe.
Service Level Agreement has been changed to {0}.,O contrato de nível de serviço foi alterado para {0}.
Service Level Agreement was reset.,O contrato de nível de serviço foi redefinido.
Service Level Agreements,Acordos de nível de serviço
Service Level Name,Nome do nível do serviço
Service Level Priority,Prioridade do nível de serviço
Service Provider,Provedor de serviços
Service Received But Not Billed,"Serviço recebido, mas não cobrado"
Service Start Date,Data de início do serviço
Service Stop Date,Data de parada de serviço
Service Stop Date cannot be after Service End Date,A data de parada do serviço não pode ser após a data de término do serviço
Service Stop Date cannot be before Service Start Date,A data de parada do serviço não pode ser antes da data de início do serviço
Service item not present in Purchase Invoice {0},Item de serviço não presente na fatura de compra {0}
Services,Serviços
Session Defaults,Padrões de sessão
Set Accepted Warehouse,Set Warehouse aceito
Set Advances and Allocate (FIFO),Definir avanços e alocar (FIFO)
Set Basic Rate Manually,Defina a taxa básica manualmente
Set Default Supplier,Defina o fornecedor padrão
Set Finished Good Quantity,Definir boa quantidade
Set From Warehouse,Set do armazém
Set Grand Total to Default Payment Method,Defina o Método de Pagamento Grand Total para Padrão
Set Item Group-wise budgets on this Territory. You can also include seasonality by setting the Distribution.,Defina os orçamentos em grupo de itens neste território. Você também pode incluir sazonalidade definindo a distribuição.
Set Landed Cost Based on Purchase Invoice Rate,Definido custa aterrada com base na taxa de fatura de compra
Set Loyalty Program,Defina o programa de fidelidade
Set New Release Date,Defina uma nova data de lançamento
Set Operating Cost / Scrap Items From Sub-assemblies,Definir itens de custo / sucata operacional de submontagens
Set Operating Cost Based On BOM Quantity,Defina o custo operacional com base na quantidade de bom
Set Parent Row No in Items Table,Definir a linha de pai não na tabela de itens
Set Posting Date,Defina a data da postagem
Set Process Loss Item Quantity,Definir perda de perda de processo Quantidade
Set Project Status,Defina o status do projeto
Set Project and all Tasks to status {0}?,Defina o projeto e todas as tarefas para o status {0}?
Set Quantity,Defina quantidade
Set Reserve Warehouse,Defina o armazém de reserva
Set Response Time for Priority {0} in row {1}.,Defina o tempo de resposta para prioridade {0} na linha {1}.
Set Serial and Batch Bundle Naming Based on Naming Series,Defina a nomeação serial e em lote com base na série de nomeação
Set Source Warehouse,Defina o armazém de origem
Set Target Warehouse,Defina o Target Warehouse
Set Valuation Rate Based on Source Warehouse,Taxa de avaliação definida com base no armazém de origem
Set Warehouse,Defina o armazém
Set as Closed,Definido como fechado
Set as Completed,Definido conforme concluído
Set as Lost,Definido como perdido
Set as Open,Definido como aberto
Set by Item Tax Template,Definido por modelo de imposto de item
Set default inventory account for perpetual inventory,Defina a conta de inventário padrão para o inventário perpétuo
Set default {0} account for non stock items,Defina o padrão {0} conta para itens não stocks
Set fieldname from which you want to fetch the data from the parent form.,Defina o nome do campo do qual você deseja buscar os dados do formulário pai.
Set quantity of process loss item:,Defina a quantidade de item de perda de processo:
Set rate of sub-assembly item based on BOM,Definir taxa de ite
Set targets Item Group-wise for this Sales Person.,Definir alvos de itens em grupo para esse vendedor.
Set the Planned Start Date (an Estimated Date at which you want the Production to begin),Defina a data de início planejada (uma data estimada na qual você deseja que a produção comece)
Set the status manually.,Defina o status manualmente.
Set this if the customer is a Public Administration company.,Defina isso se o cliente for uma empresa de administração pública.
Set {0} in asset category {1} for company {2},Set {0} na categoria de ativo {1} para a empresa {2}
Set {0} in asset category {1} or company {2},Set {0} na categoria de ativo {1} ou empresa {2}
Set {0} in company {1},Set {0} na empresa {1}
Sets 'Accepted Warehouse' in each row of the Items table.,Define o 'armazém aceito' em cada linha da tabela de itens.
Sets 'Rejected Warehouse' in each row of the Items table.,Define 'armazém rejeitado' em cada linha da tabela de itens.
Sets 'Reserve Warehouse' in each row of the Supplied Items table.,Define 'Reserve Warehouse' em cada linha da tabela de itens fornecidos.
Sets 'Source Warehouse' in each row of the items table.,Define o 'armazém de origem' em cada linha da tabela de itens.
Sets 'Target Warehouse' in each row of the items table.,Define 'Target Warehouse' em cada linha da tabela de itens.
Sets 'Warehouse' in each row of the Items table.,Define o 'armazém' em cada linha da tabela de itens.
Setting Account Type helps in selecting this Account in transactions.,A configuração do tipo de conta ajuda a selecionar esta conta nas transações.
"Setting Events to {0}, since the Employee attached to the below Sales Persons does not have a User ID{1}","Definir eventos para {0}, já que o funcionário anexado às pessoas vendas abaixo não possui um ID de usuário {1}"
Setting Item Locations...,Definindo localizações de itens ...
Setting defaults,Definindo padrões
Setting the account as a Company Account is necessary for Bank Reconciliation,Definir a conta como uma conta da empresa é necessária para a reconciliação bancária
Setting up company,Configurando a empresa
Setting {} is required,A configuração {} é necessária
Settings,Configurações
Settings for Selling Module,Configurações para o módulo de venda
Settled,Assentou
Setup,Configurar
Setup your organization,Configure sua organização
Share Balance,Balanço de Ações
Share Ledger,Compartilhe Ledger
Share Transfer,Transferência de compartilhamento
Share Type,Tipo de compartilhamento
Shareholder,Acionista
Sheet Name,Nome da folha
Shelf Life In Days,Vida de validade em dias
Shelf Life in Days,Vida de validade em dias
Shift,Mudança
Shift Factor,Fator de mudança
Shift Name,Nome do turno
Shipment,Remessa
Shipment Amount,Valor da remessa
Shipment Delivery Note,Nota de entrega de remessa
Shipment ID,Id de remessa
Shipment Information,Informações de remessa
Shipment Parcel,Pedra de remessa
Shipment Parcel Template,Modelo de encomenda de remessa
Shipment Type,Tipo de remessa
Shipment details,Detalhes da remessa
Shipments,Remessas
Shipping Account,Conta de remessa
Shipping Address,Endereço para envio
Shipping Address Details,Detalhes do endereço de entrega
Shipping Address Name,Nome do endereço de entrega
Shipping Address Template,Modelo de endereço de entrega
Shipping Address does not belong to the {0},O endereço de entrega não pertence ao {0}
"Shipping Address does not have country, which is required for this Shipping Rule","O endereço de remessa não possui país, o que é necessário para esta regra de remessa"
Shipping Amount,Valor do envio
Shipping City,Shipping City
Shipping Country,País de transporte
Shipping County,Shipping County
Shipping Rule,Regra de envio
Shipping Rule Condition,Condição de regra de envio
Shipping Rule Conditions,Condições das regras de envio
Shipping Rule Country,Recurso de transporte país
Shipping Rule Label,Etiqueta de regra de envio
Shipping Rule Type,Tipo de regra de envio
Shipping State,Estado de remessa
Shipping Zipcode,Envio ZipCode
Shipping rule not applicable for country {0} in Shipping Address,Regra de envio não aplicável ao país {0} no endereço de entrega
Shipping rule only applicable for Buying,Regra de envio apenas aplicável para compra
Shipping rule only applicable for Selling,Regra de remessa apenas aplicável à venda
Shopping Cart,Carrinho de compras
Short Name,Nome curto
Short Term Loan Account,Conta de empréstimo de curto prazo
Short biography for website and other publications.,Biografia curta para o site e outras publicações.
Shortage Qty,Escassez de qty
Show Aggregate Value from Subsidiary Companies,Mostrar valor agregado de empresas subsidiárias
Show Balances in Chart Of Accounts,Mostrar saldos no gráfico de contas
Show Barcode Field in Stock Transactions,Mostrar campo de código de barras em transações de stock
Show Cancelled Entries,Mostrar entradas canceladas
Show Completed,Show concluído
Show Cumulative Amount,Mostre a quantidade cumulativa
Show Dimension Wise Stock,Mostrar caldo de dimensão
Show Disabled Warehouses,Mostre armazéns desativados
Show Failed Logs,Mostrar logs com falha
Show Future Payments,Mostre pagamentos futuros
Show GL Balance,Mostre o equilíbrio GL
Show In Website,Mostrar no site
Show Inclusive Tax in Print,Mostrar imposto inclusivo na impressão
Show Item Name,Mostrar nome do item
Show Items,Mostre itens
Show Latest Forum Posts,Mostre as últimas postagens do fórum
Show Ledger View,Mostre visualização do Ledger
Show Linked Delivery Notes,Mostrar notas de entrega vinculadas
Show Net Values in Party Account,Mostrar valores líquidos na conta do partido
Show Open,Mostre aberto
Show Opening Entries,Mostrar entradas de abertura
Show Operations,Mostrar operações
Show Pay Button in Purchase Order Portal,Mostrar botão de pagamento no portal do pedido de compra
Show Payment Details,Mostre detalhes de pagamento
Show Payment Schedule in Print,Mostrar cronograma de pagamento impresso
Show Preview,Mostrar visualização
Show Remarks,Mostrar comentários
Show Return Entries,Mostre entradas de retorno
Show Sales Person,Mostrar vendas
Show Stock Ageing Data,Mostrar dados de envelhecimento de stock
Show Taxes as Table in Print,Mostre impostos como tabela impressa
Show Traceback,Mostre traceback
Show Variant Attributes,Mostrar atributos variantes
Show Variants,Mostrar variantes
Show Warehouse-wise Stock,Mostre stock em armazém
Show exploded view,Mostre a visão explodida
Show in Website,Mostrar no site
Show net values in opening and closing columns,Mostrar valores líquidos na abertura e fechamento de colunas
Show only POS,Mostre apenas pos
Show only the Immediate Upcoming Term,Mostre apenas o próximo período imediato
Show pending entries,Mostrar entradas pendentes
Show unclosed fiscal year's P&L balances,Mostrar saldos de P&L do ano fiscal não foram
Show with upcoming revenue/expense,Mostre com a próxima receita/despesa
Show zero values,Mostre valores zero
Show {0},Mostrar {0}
Signatory Position,Posição signatária
Signed,Assinado
Signed By (Company),Assinado por (Empresa)
Signed On,Assinado
Signee,Signatário
Signee (Company),Significado (Empresa)
Signee Details,Detalhes dos signatários
"Simple Python Expression, Example: doc.status == 'Open' and doc.issue_type == 'Bug'","Expressão simples de python, exemplo: doc.status == 'aberto' e doc.issue_type == 'bug'"
"Simple Python Expression, Example: territory != 'All Territories'","Expressão simples de python, exemplo: território! = 'Todos os territórios' '"
"Simple Python formula applied on Reading fields.<br> Numeric eg. 1: <b>reading_1 &gt; 0.2 and reading_1 &lt; 0.5</b><br>|||Numeric eg. 2: <b>mean &gt; 3.5</b> (mean of populated fields)<br>|||Value based eg.:  <b>reading_value in (""A"", ""B"", ""C"")</b>","Fórmula simples de Python aplicada nos campos de leitura. <br> Numérico, por exemplo. 1: <b> Reading_1 & gt; 0.2 e Reading_1 & lt; 0.5 </b> <br> ||| numérico, por exemplo. 2: <b> média & gt; 3.5 </b> (média dos campos povoados) <br> ||| Baseado em valor, por exemplo,: <b> reading_value em (""a"", ""b"", ""c"") </b>"
Simultaneous,Simultâneo
"Since there is a process loss of {0} units for the finished good {1}, you should reduce the quantity by {0} units for the finished good {1} in the Items Table.","Como há uma perda de processo de {0} unidades para o bem final {1}, você deve reduzir a quantidade por {0} unidades para o bem final {1} na tabela de itens."
Single,Solteiro
Single Tier Program,Programa de camada única
Single Transaction Threshold,Limiar de transação única
Single Variant,Variante única
Size,Tamanho
Skip Delivery Note,Pule a nota de entrega
Skip Material Transfer,Pule a transferência de material
Skip Material Transfer to WIP,Pule o material transferido para o WIP
Skip Material Transfer to WIP Warehouse,Pule o material transferido para o wip warehouse
Skipped,Pulou
Skipping Tax Withholding Category {0} as there is no associated account set for Company {1} in it.,"Ignorar a categoria de retenção de impostos {0}, pois não há conta associada definida para a empresa {1} nele."
"Skipping {0} of {1}, {2}","Pular {0} de {1}, {2}"
Skype ID,ID do Skype
Small,Pequeno
Smoothing Constant,Suavização constante
Software,Software
Sold,Vendido
Sold by,Vendido por
Something went wrong please try again,"Algo deu errado, por favor tente novamente"
"Sorry, this coupon code is no longer valid","Desculpe, este código de cupom não é mais válido"
"Sorry, this coupon code's validity has expired","Desculpe, a validade deste código de cupom expirou"
"Sorry, this coupon code's validity has not started","Desculpe, a validade deste código de cupom não começou"
Source,Fonte
Source DocType,Fonte doctype
Source Document Name,Nome do documento de origem
Source Document Type,Tipo de documento de origem
Source Exchange Rate,Taxa de câmbio de origem
Source Fieldname,Fonte FieldName
Source Location,Localização da fonte
Source Name,Nome da fonte
Source Type,Tipo de origem
Source Warehouse,Armazém de origem
Source Warehouse Address,Endereço do armazém de origem
Source Warehouse Address Link,Link de endereço de armazém de origem
Source Warehouse is mandatory for the Item {0}.,O armazém de origem é obrigatório para o item {0}.
Source and Target Location cannot be same,A localização da fonte e do alvo não pode ser o mesmo
Source and target warehouse cannot be same for row {0},O armazém de origem e destino não pode ser o mesmo para a linha {0}
Source and target warehouse must be different,O armazém de origem e alvo deve ser diferente
Source of Funds (Liabilities),Fonte de fundos (responsabilidades)
Source warehouse is mandatory for row {0},O Fonte Warehouse é obrigatório para a linha {0}
Sourced by Supplier,Proveniente do fornecedor
South Africa VAT Account,Conta de IVA da África do Sul
South Africa VAT Settings,Configurações de IVA da África do Sul
Spacer,Espaçador
Specify Exchange Rate to convert one currency into another,Especifique a taxa de câmbio para converter uma moeda em outra
Specify conditions to calculate shipping amount,Especifique as condições para calcular o valor do envio
Split,Dividir
Split Asset,Split Asset
Split Batch,Lote dividido
Split Early Payment Discount Loss into Income and Tax Loss,Dividir a perda de desconto de pagamento antecipado em renda e perda de impostos
Split From,Dividido de
Split Issue,Questão dividida
Split Qty,Qty dividida
Split Quantity must be less than Asset Quantity,A quantidade dividida deve ser menor que a quantidade de ativo
Splitting {0} {1} into {2} rows as per Payment Terms,Dividindo {0} {1} em {2} linhas conforme as condições de pagamento
Sr,Sr
Stage,Estágio
Stage Name,Nome artístico
Stale Days,Dias obsoletos
Stale Days should start from 1.,Dias obsoletos devem começar de 1.
Standard Buying,Compra padrão
Standard Description,Descrição padrão
Standard Rated Expenses,Despesas com classificação padrão
Standard Selling,Venda padrão
Standard Selling Rate,Taxa de venda padrão
Standard Template,Modelo padrão
"Standard Terms and Conditions that can be added to Sales and Purchases. Examples: Validity of the offer, Payment Terms, Safety and Usage, etc.","Termos e condições padrão que podem ser adicionados às vendas e compras. Exemplos: validade da oferta, condições de pagamento, segurança e uso, etc."
Standard rated supplies in {0},Suprimentos com classificação padrão em {0}
"Standard tax template that can be applied to all Purchase Transactions. This template can contain a list of tax heads and also other expense heads like ""Shipping"", ""Insurance"", ""Handling"", etc.","Modelo de imposto padrão que pode ser aplicado a todas as transações de compra. Este modelo pode conter uma lista de cabeças de impostos e também outras cabeças de despesas, como ""frete"", ""seguro"", ""manuseio"", etc."
"Standard tax template that can be applied to all Sales Transactions. This template can contain a list of tax heads and also other expense/income heads like ""Shipping"", ""Insurance"", ""Handling"" etc.","Modelo de imposto padrão que pode ser aplicado a todas as transações de vendas. Este modelo pode conter uma lista de chefes de impostos e também outras cabeças de despesas/renda, como ""frete"", ""seguro"", ""manuseio"" etc."
Standing Name,Nome em pé
Start,Começar
Start / Resume,Iniciar / retomar
Start Date,Data de início
Start Date cannot be before the current date,A data de início não pode ser antes da data atual
Start Date should be lower than End Date,A data de início deve ser menor que a data de término
Start Deletion,Inicie a exclusão
Start Import,Comece a importar
Start Job,Começar o trabalho
Start Merge,Começar a mesclar
Start Reposting,Comece a republicar
Start Time,Hora de início
Start Time can't be greater than or equal to End Time for {0}.,O tempo de início não pode ser maior ou igual ao horário de término para {0}.
Start Timer,Iniciar o temporizador
Start Year,Ano de início
Start Year and End Year are mandatory,O ano inicial e o término do ano são obrigatórios
Start and End Dates,Datas de início e térmicas
Start date of current invoice's period,Data de início do período atual da fatura
Start date should be less than end date for Item {0},A data de início deve ser menor que a data de término do item {0}
Start date should be less than end date for task {0},A data de início deve ser menor que a data de término da tarefa {0}
Started,Iniciado
Started Time,Começou o tempo
Started a background job to create {1} {0},Iniciou um trabalho de fundo para criar {1} {0}
Starting location from left edge,Localização inicial da borda esquerda
Starting position from top edge,Posição inicial da borda superior
State,Estado
Status,Status
Status Details,Detalhes do status
Status Illustration,Ilustração de status
Status must be Cancelled or Completed,O status deve ser cancelado ou concluído
Status must be one of {0},O status deve ser um de {0}
Status set to rejected as there are one or more rejected readings.,"Status definido como rejeitado, pois há uma ou mais leituras rejeitadas."
Statutory info and other general information about your Supplier,Informações estatutárias e outras informações gerais sobre seu fornecedor
Stock,Stock
Stock Adjustment,Ajuste do stock
Stock Adjustment Account,Conta de ajuste de ações
Stock Ageing,Envelhecimento de ações
Stock Analytics,Análise de ações
Stock Assets,Ativos de stock
Stock Available,Stock disponível
Stock Balance,Balanço de ações
Stock Balance Report,Relatório de balanço de ações
Stock Capacity,Capacidade de stock
Stock Closing,Fechamento de ações
Stock Closing Balance,Saldo de fechamento de ações
Stock Closing Entry,Entrada de fechamento de stock
Stock Closing Entry {0} already exists for the selected date range,Entrada de fechamento de ações {0} já existe para o intervalo de data selecionado
"Stock Closing Entry {0} has been queued for processing, system will take sometime to complete it.","A entrada de fechamento de stock {0} foi na fila para processamento, o sistema levará algum tempo para concluí -lo."
Stock Closing Log,Log de fechamento de stock
Stock Details,Detalhes das ações
Stock Entries already created for Work Order {0}: {1},Entradas de stock já criadas para ordem de serviço {0}: {1}
Stock Entry,Entrada de stock
Stock Entry (Outward GIT),Entrada de stock (Git Outward)
Stock Entry Child,Iniciar filho
Stock Entry Detail,Detalhes de entrada de stock
Stock Entry Type,Tipo de entrada de stock
Stock Entry has been already created against this Pick List,A entrada de stock já foi criada contra esta lista de escolhas
Stock Entry {0} created,Entrada de stock {0} criada
Stock Entry {0} has created,A entrada de stock {0} criou
Stock Entry {0} is not submitted,A entrada de stock {0} não é enviada
Stock Expenses,Despesas de ações
Stock Frozen Up To,Stock congelado
Stock In Hand,Stock na mão
Stock Items,Itens de stock
Stock Ledger,Livro de registo de ações
Stock Ledger Entries and GL Entries are reposted for the selected Purchase Receipts,As entradas do livro-contador e as entradas GL são repositadas para os recibos de compra selecionados
Stock Ledger Entry,Entrada no registo de stock
Stock Ledger ID,ID do livro de ações
Stock Ledger Invariant Check,Verificação de invariantes do registo de stock
Stock Ledger Variance,Variação do registo de stock
Stock Levels,Níveis de stock
Stock Liabilities,Passivos de stock
Stock Manager,Gerente de ações
Stock Movement,Movimento de ações
Stock Partially Reserved,Stock parcialmente reservado
Stock Planning,Planejamento de ações
Stock Projected Qty,Qtdy de ações projetadas
Stock Qty,Qty de stock
Stock Qty vs Serial No Count,Qty de stock vs serial sem contagem
Stock Received But Not Billed,"Ações recebidas, mas não cobradas"
Stock Reconciliation,Reconciliação de stock
Stock Reconciliation Item,Item de reconciliação de stock
Stock Reconciliations,Reconciliações de stock
Stock Reposting Settings,Configurações de republicação de ações
Stock Reservation,Reserva de stock
Stock Reservation Entries Cancelled,Entradas de reserva de stock canceladas
Stock Reservation Entries Created,Entradas de reserva de stock criadas
Stock Reservation Entry,Entrada de reserva de stock
Stock Reservation Entry cannot be updated as it has been delivered.,A entrada de reserva de stock não pode ser atualizada como foi entregue.
"Stock Reservation Entry created against a Pick List cannot be updated. If you need to make changes, we recommend canceling the existing entry and creating a new one.","A entrada de reserva de stock criada contra uma lista de escolhas não pode ser atualizada. Se você precisar fazer alterações, recomendamos o cancelamento da entrada existente e a criação de uma nova."
Stock Reservation Warehouse Mismatch,Indatibilidade de armazém de reserva de stock
Stock Reservation can only be created against {0}.,A reserva de stock só pode ser criada contra {0}.
Stock Reserved,Stock reservado
Stock Reserved Qty,Qty reservado de stock
Stock Reserved Qty (in Stock UOM),Qty reservado de stock (em stock UOM)
Stock Settings,Configurações de stock
Stock Summary,Resumo das ações
Stock Transactions Settings,Configurações de transações de stock
Stock UOM,Stock uom
Stock UOM Quantity,Quantidade de stock UOM
Stock Unreservation,Não reservamento de ações
Stock Uom,Stock uom
Stock User,Usuário de ações
Stock Validations,Valitações de ações
Stock Value,Valor do stock
Stock and Account Value Comparison,Comparação de valor de ações e conta
Stock and Manufacturing,Stock e fabricação
Stock cannot be reserved in group warehouse {0}.,O stock não pode ser reservado no armazém de grupos {0}.
Stock cannot be reserved in the group warehouse {0}.,O stock não pode ser reservado no armazém do grupo {0}.
Stock cannot be updated against Purchase Receipt {0},As ações não podem ser atualizadas contra o recibo de compra {0}
Stock cannot be updated against the following Delivery Notes: {0},O stock não pode ser atualizado contra as seguintes notas de entrega: {0}
Stock cannot be updated because the invoice contains a drop shipping item. Please disable 'Update Stock' or remove the drop shipping item.,O stock não pode ser atualizado porque a fatura contém um item de remessa. Desative 'Atualizar stock' ou remover o item de envio.
Stock has been unreserved for work order {0}.,As ações não foram reservadas para a ordem de serviço {0}.
Stock not available for Item {0} in Warehouse {1}.,Stock não disponível para o item {0} no armazém {1}.
Stock quantity not enough for Item Code: {0} under warehouse {1}. Available quantity {2} {3}.,Quantidade de stock não é suficiente para o código do item: {0} em Warehouse {1}. Quantidade disponível {2} {3}.
Stock transactions before {0} are frozen,As transações de stock antes {0} são congeladas
Stock transactions that are older than the mentioned days cannot be modified.,As transações de stock que são mais antigas que os dias mencionadas não podem ser modificadas.
Stock will be reserved on submission of <b>Purchase Receipt</b> created against Material Request for Sales Order.,As ações serão reservadas mediante o envio de <b> recibo de compra </b> contra a solicitação de material para ordem de vendas.
Stock/Accounts can not be frozen as processing of backdated entries is going on. Please try again later.,"As ações/contas não podem ser congeladas à medida que o processamento de entradas com retrocesso está em andamento. Por favor, tente novamente mais tarde."
Stop,Parar
Stop Reason,Pare a razão
Stopped,Parou
"Stopped Work Order cannot be cancelled, Unstop it first to cancel","A ordem de serviço parada não pode ser cancelada, impeça -a primeiro para cancelar"
Stores,Lojas
Straight Line,Linha reta
Sub Assemblies,Sub Assemblies
Sub Assemblies & Raw Materials,Subsembléias e matérias -primas
Sub Assembly Item,Item de submarração
Sub Assembly Item Code,Código do item da submarração
Sub Assembly Item is mandatory,O item de submarração é obrigatório
Sub Assembly Items,Itens de submarração
Sub Assembly Warehouse,Armazém de submarração
Sub Operation,Sub -operação
Sub Operations,Sub -operações
Sub Procedure,Sub procedimento
Sub Total,Subtono
Sub-assembly BOM Count,Sub-assembly BOM Count
Sub-contracting,Subcontrato
Subcontract,Subcontratar
Subcontract BOM,Subcontrato Bom
Subcontract Order,Ordem do subcontrato
Subcontract Order Summary,Resumo da ordem do subcontrato
Subcontract Return,Retorno do subcontrato
Subcontracted Item,Item subcontratado
Subcontracted Item To Be Received,Item subcontratado a ser recebido
Subcontracted Purchase Order,Pedido de compra subcontratado
Subcontracted Quantity,Quantidade subcontratada
Subcontracted Raw Materials To Be Transferred,Matérias-primas subcontratadas a serem transferidas
Subcontracting,Subcontratação
Subcontracting BOM,Subcontratando Bom
Subcontracting Conversion Factor,Fator de conversão de subcontratação
Subcontracting Order,Ordem de subcontratação
Subcontracting Order (Draft) will be auto-created on submission of Purchase Order.,O pedido de subcontratação (rascunho) será criado automaticamente no envio do pedido de compra.
Subcontracting Order Item,Item de ordem de subcontratação
Subcontracting Order Service Item,Item de serviço de ordem de subcontratação
Subcontracting Order Supplied Item,Subcontratando Ordem de Item fornecido
Subcontracting Order {0} created.,Ordem de subcontratação {0} criada.
Subcontracting Purchase Order,Pedido de compra de subcontratação
Subcontracting Receipt,Subcontratando o recibo
Subcontracting Receipt Item,Subcontratando o item de recebimento
Subcontracting Receipt Supplied Item,Subcontratando Item fornecido
Subcontracting Settings,Configurações de subcontratação
Subdivision,Subdivisão
Subject,Assunto
Submit,Enviar
Submit Action Failed,Enviar ação falhou
Submit After Import,Envie após a importação
Submit ERR Journals?,Enviar diários de errr?
Submit Generated Invoices,Enviar faturas geradas
Submit Journal Entries,Envie entradas do diário
Submit this Work Order for further processing.,Envie esta ordem de serviço para um processamento adicional.
Submitted,Enviado
Subscription,Subscrição
Subscription End Date,Data de término da assinatura
Subscription End Date is mandatory to follow calendar months,A data final da assinatura é obrigatória para seguir os meses do calendário
Subscription End Date must be after {0} as per the subscription plan,A data de término da assinatura deve estar após {0} conforme o plano de assinatura
Subscription Invoice,Fatura de assinatura
Subscription Period,Período de assinatura
Subscription Plan,Plano de assinatura
Subscription Plan Detail,Detalhe do plano de assinatura
Subscription Plans,Planos de assinatura
Subscription Price Based On,Preço de assinatura com base em
Subscription Section,Seção de assinatura
Subscription Settings,Configurações de assinatura
Subscription Start Date,Data de início da assinatura
Subscription for Future dates cannot be processed.,A assinatura para datas futuras não pode ser processada.
Subscriptions,Assinaturas
Succeeded,Conseguiu
Succeeded Entries,Entradas sucedidas
Success,Sucesso
Success Redirect URL,Sucesso Redirecionar URL
Success Settings,Configurações de sucesso
Successful,Bem-sucedido
Successfully Reconciled,Reconciliado com sucesso
Successfully Set Supplier,Defina com sucesso o fornecedor
"Successfully changed Stock UOM, please redefine conversion factors for new UOM.","Mudou com sucesso o stock UOM, redefine os fatores de conversão para o novo UOM."
Successfully imported {0},Importado com sucesso {0}
"Successfully imported {0} record out of {1}. Click on Export Errored Rows, fix the errors and import again.","Importado com sucesso {0} registro de {1}. Clique em Exportar linhas erradas, corrige os erros e importe novamente."
Successfully imported {0} record.,IMPORTADO COM {0} REGISTRO.
"Successfully imported {0} records out of {1}. Click on Export Errored Rows, fix the errors and import again.","Importado com sucesso {0} registra de {1}. Clique em Exportar linhas erradas, corrige os erros e importe novamente."
Successfully imported {0} records.,Records {0} importados com sucesso.
Successfully linked to Customer,Com sucesso vinculado ao cliente
Successfully linked to Supplier,Com sucesso vinculado ao fornecedor
Successfully merged {0} out of {1}.,Mesclado com sucesso {0} fora de {1}.
Successfully updated {0},Atualizado com sucesso {0}
"Successfully updated {0} record out of {1}. Click on Export Errored Rows, fix the errors and import again.","Atualizado com sucesso {0} registro de {1}. Clique em Exportar linhas erradas, corrige os erros e importe novamente."
Successfully updated {0} record.,Atualizado com sucesso {0} registro.
"Successfully updated {0} records out of {1}. Click on Export Errored Rows, fix the errors and import again.","Atualizado com sucesso {0} registra de {1}. Clique em Exportar linhas erradas, corrige os erros e importe novamente."
Successfully updated {0} records.,Atualizado com sucesso {0} registros.
Suggestions,Sugestões
Summary,Resumo
Summary for this month and pending activities,Resumo para este mês e atividades pendentes
Summary for this week and pending activities,Resumo para esta semana e atividades pendentes
Sunday,Domingo
Supplied Item,Item fornecido
Supplied Items,Itens fornecidos
Supplied Qty,Qtdy fornecido
Supplier,Fornecedor
Supplier > Supplier Type,Fornecedor> Tipo de fornecedor
Supplier Address,Endereço do fornecedor
Supplier Address Details,Detalhes do endereço do fornecedor
Supplier Contact,Contato do fornecedor
Supplier Delivery Note,Nota de entrega do fornecedor
Supplier Details,Detalhes do fornecedor
Supplier Group,Grupo de fornecedores
Supplier Group Item,Item do grupo de fornecedores
Supplier Group Name,Nome do grupo de fornecedores
Supplier Info,Informações do fornecedor
Supplier Invoice,Fatura do fornecedor
Supplier Invoice Date,Data da fatura do fornecedor
Supplier Invoice Date cannot be greater than Posting Date,A data da fatura do fornecedor não pode ser maior do que a data de postagem
Supplier Invoice No,Fatura do fornecedor no
Supplier Invoice No exists in Purchase Invoice {0},Fatura do fornecedor Não existe na fatura de compra {0}
Supplier Item,Item do fornecedor
Supplier Items,Itens de fornecedor
Supplier Lead Time (days),Time de entrega do fornecedor (dias)
Supplier Ledger Summary,Resumo do Ledger do Fornecedor
Supplier Name,Nome do fornecedor
Supplier Naming By,Fornecedor nomeação por
Supplier Number,Número do fornecedor
Supplier Number At Customer,Número do fornecedor no cliente
Supplier Numbers,Números de fornecedores
Supplier Part No,Parte do fornecedor no
Supplier Part Number,Número da peça do fornecedor
Supplier Portal Users,Usuários do portal de fornecedores
Supplier Primary Address,Endereço primário do fornecedor
Supplier Primary Contact,Contato primário do fornecedor
Supplier Quotation,Cotação do fornecedor
Supplier Quotation Comparison,Comparação de cotações de fornecedores
Supplier Quotation Item,Item de cotação do fornecedor
Supplier Quotation {0} Created,Cotação do fornecedor {0} criada
Supplier Score,Pontuação do fornecedor
Supplier Scorecard,Scorecard do fornecedor
Supplier Scorecard Criteria,Critérios de scorecard do fornecedor
Supplier Scorecard Period,Período de Scorecard do Fornecedor
Supplier Scorecard Scoring Criteria,Critérios de pontuação do fornecedor
Supplier Scorecard Scoring Standing,Pontuação de placar de scorecard do fornecedor em pé
Supplier Scorecard Scoring Variable,Variável de pontuação de scorecard do fornecedor
Supplier Scorecard Setup,Configuração do fornecedor Scorecard
Supplier Scorecard Standing,Classificação do fornecedor
Supplier Scorecard Variable,Variável de scorecard do fornecedor
Supplier Type,Tipo de fornecedor
Supplier Warehouse,Armazém de fornecedores
Supplier delivers to Customer,O fornecedor entrega ao cliente
Supplier numbers assigned by the customer,Números de fornecedores atribuídos pelo cliente
Supplier of Goods or Services.,Fornecedor de bens ou serviços.
Supplier {0} not found in {1},Fornecedor {0} não encontrado em {1}
Supplier(s),Fornecedor (s)
Supplier-Wise Sales Analytics,Análise de vendas por fornecedor
Suppliers,Fornecedores
Supplies subject to the reverse charge provision,Suprimentos sujeitos à provisão de cobrança reversa
Supply Raw Materials for Purchase,Fornecimento de matérias-primas para compra
Support,Assistência
Support Hour Distribution,Distribuição de horas de assistência
Support Portal,Portal de assistência
Support Search Source,assistência de fonte de pesquisa
Support Settings,Configurações de assistência
Support Team,Equipe de apoio
Support Tickets,Tickets de assistência 
Suspended,Suspenso
Switch Between Payment Modes,Alterne entre os modos de pagamento
Switch Invoice Mode Error,Modo de fatura de troca de erro
Symbol,Símbolo
Sync Now,Sincronizar agora
Sync Started,A sincronização começou
Synchronize all accounts every hour,Sincronize todas as contas a cada hora
System Health,Saúde do sistema
System In Use,Sistema em uso
System Manager,Gerente de sistema
"System User (login) ID. If set, it will become default for all HR forms.","ID do usuário do sistema (login). Se definido, ele se tornará padrão para todos os formulários de RH."
System will automatically create the serial numbers / batch for the Finished Good on submission of work order,O sistema criará automaticamente os números de série / lote para o bem final ao enviar a ordem de serviço
System will fetch all the entries if limit value is zero.,O sistema buscará todas as entradas se o valor limite for zero.
System will not check over billing since amount for Item {0} in {1} is zero,"O sistema não verá o faturamento, pois o valor do item {0} em {1} é zero"
System will notify to increase or decrease quantity or amount ,O sistema notificará para aumentar ou diminuir a quantidade ou quantidade
TCS Amount,Quantidade de TCS
TCS Rate %,TCS Taxa %
TDS Amount,Quantidade de TDS
TDS Computation Summary,Resumo da computação TDS
TDS Deducted,TDs deduzidos
TDS Payable,TDs a pagar
TDS Rate %,Taxa de TDS %
TS-.YYYY.-,Ts-.yyyy.-
Table for Item that will be shown in Web Site,Tabela para item que será mostrado no site
Tag,Marcação
Target,Alvo
Target  Amount,Quantidade alvo
Target ({}),Alvo ({})
Target Asset,Ativo -alvo
Target Asset Location,Localização do ativo alvo
Target Asset {0} cannot be cancelled,O ativo alvo {0} não pode ser cancelado
Target Asset {0} cannot be submitted,O ativo alvo {0} não pode ser enviado
Target Asset {0} cannot be {1},O ativo de destino {0} não pode ser {1}
Target Asset {0} does not belong to company {1},Ativo de destino {0} não pertence à Companhia {1}
Target Asset {0} needs to be composite asset,Ativo de destino {0} precisa ser ativo composto
Target Batch No,Alvo em lote não
Target Detail,Detalhes do alvo
Target Details,Detalhes do alvo
Target Distribution,Distribuição de alvo
Target Exchange Rate,Taxa de câmbio alvo
Target Fieldname (Stock Ledger Entry),Target FieldName (Entrada no registo de stock)
Target Fixed Asset Account,Conta de ativo fixo alvo
Target Has Batch No,Target não tem lote não
Target Has Serial No,Alvo tem serial não
Target Incoming Rate,Taxa de entrada alvo
Target Is Fixed Asset,Target é um ativo fixo
Target Item Code,Código do item de destino
Target Item Name,Nome do item de destino
Target Item {0} must be a Fixed Asset item,Item de destino {0} deve ser um item de ativo fixo
Target Location,Localização do alvo
Target Location is required while receiving Asset {0} from an employee,A localização do alvo é necessária ao receber ativo {0} de um funcionário
Target Location is required while transferring Asset {0},A localização do destino é necessária ao transferir ativo {0}
Target Location or To Employee is required while receiving Asset {0},A localização alvo ou para o funcionário é necessária ao receber ativo {0}
Target On,Alvo em
Target Qty,Qty -alvo
Target Qty must be a positive number,Qty -alvo deve ser um número positivo
Target Serial No,Alvo serial no
Target Warehouse,Target Warehouse
Target Warehouse Address,Endereço do armazém -alvo
Target Warehouse Address Link,Link de endereço do armazém alvo
Target Warehouse Reservation Error,Erro de reserva de armazém alvo
Target Warehouse is required before Submit,O armazém -alvo é necessário antes de enviar
Target Warehouse is set for some items but the customer is not an internal customer.,"O Target Warehouse está definido para alguns itens, mas o cliente não é um cliente interno."
Target warehouse is mandatory for row {0},O Target Warehouse é obrigatório para a linha {0}
Targets,Alvos
Tariff Number,Número da tarifa
Task,Tarefa
Task Assignee Email,Email do cessionário de tarefas
Task Completion,Conclusão da tarefa
Task Depends On,Tarefa depende
Task Description,Descrição da tarefa
Task Name,Nome da tarefa
Task Progress,Progresso da tarefa
Task Type,Tipo de tarefa
Task Weight,Peso da tarefa
Task {0} depends on Task {1}. Please add Task {1} to the Tasks list.,Tarefa {0} depende da tarefa {1}. Adicione a tarefa {1} à lista de tarefas.
Tasks,Tarefas
Tasks Completed,Tarefas concluídas
Tasks Overdue,Tarefas vencidas
Tax,Imposto
Tax Account,Conta tributária
Tax Amount,Valor do imposto
Tax Amount After Discount Amount,Valor do imposto após o valor do desconto
Tax Amount After Discount Amount (Company Currency),Valor do imposto após o valor do desconto (moeda da empresa)
Tax Amount will be rounded on a row(items) level,O valor do imposto será arredondado em nível (itens) de nível (itens)
Tax Assets,Ativos fiscais
Tax Breakup,Quebra de impostos
Tax Category,Categoria tributária
"Tax Category has been changed to ""Total"" because all the Items are non-stock items","A categoria tributária foi alterada para ""total"" porque todos os itens são itens sem stock"
Tax ID,ID do imposto
Tax Id,ID do imposto
Tax Id: ,ID de imposto:
Tax Id: {0},ID de imposto: {0}
Tax Rate,Taxa de imposto
Tax Rates,Taxas de imposto
Tax Refunds provided to Tourists under the Tax Refunds for Tourists Scheme,Reembolsos de impostos fornecidos aos turistas sob o esquema de reembolsos de impostos para turistas
Tax Rule,Regra tributária
Tax Rule Conflicts with {0},A regra tributária entra em conflito com {0}
Tax Settings,Configurações tributárias
Tax Template is mandatory.,O modelo de imposto é obrigatório.
Tax Total,Total de impostos
Tax Type,Tipo de imposto
Tax Withheld Vouchers,Imposto retido vouchers
Tax Withholding,Retenção de impostos
Tax Withholding Account,Conta de retenção de impostos
Tax Withholding Category,Categoria de retenção de impostos
Tax Withholding Category {} against Company {} for Customer {} should have Cumulative Threshold value.,A categoria de retenção de impostos {} contra a empresa {} para o cliente {} deve ter valor limite cumulativo.
Tax Withholding Details,Detalhes da retenção de impostos
Tax Withholding Net Total,Total líquido retido na fonte do imposto
Tax Withholding Rate,Taxa de retenção de impostos
Tax Withholding Rates,Taxas de retenção de impostos
Tax detail table fetched from item master as a string and stored in this field.|||Used for Taxes and Charges,Tabela de detalhes fiscais buscada no mestre de itens como uma corda e armazenada neste campo. ||| usada para impostos e cobranças
Tax will be withheld only for amount exceeding the cumulative threshold,O imposto será retido apenas para o valor que excede o limiar cumulativo
Taxable Amount,Valor tributável
Taxes,Impostos
Taxes and Charges,Impostos e acusações
Taxes and Charges Added,Impostos e cobranças adicionados
Taxes and Charges Added (Company Currency),Impostos e encargos adicionados (moeda da empresa)
Taxes and Charges Calculation,Cálculo de impostos e cobranças
Taxes and Charges Deducted,Impostos e acusações deduzidos
Taxes and Charges Deducted (Company Currency),Impostos e acusações deduzidos (moeda da empresa)
Taxes row #{0}: {1} cannot be smaller than {2},Taxes Linha #{0}: {1} não pode ser menor que {2}
Team,Equipe
Team Member,Membro da equipe
Telephone Expenses,Despesas telefônicas
Telephony,Telefonia
Telephony Call Type,Tipo de chamada de telefonia
Template,Modelo
Template Item,Item de modelo
Template Item Selected,Item de modelo selecionado
Template Name,Nome do modelo
Template Options,Opções de modelo
Template Task,Tarefa de modelo
Template Title,Título do modelo
Template Warnings,Avisos de modelo
Temporarily on Hold,Temporariamente em espera
Temporary,Temporário
Temporary Accounts,Contas temporárias
Temporary Opening,Abertura temporária
Temporary Opening Account,Conta de abertura temporária
Term Details,Detalhes do termo
Terms,Termos
Terms & Conditions,Termos e Condições
Terms Template,Modelo de termos
Terms and Conditions,Termos e Condições
Terms and Conditions Content,Termos e condições conteúdo
Terms and Conditions Details,Detalhes dos termos e condições
Terms and Conditions Help,Termos e condições ajuda
Territory,Território
Territory Item,Item território
Territory Manager,Gerente de território
Territory Name,Nome do território
Territory Target Variance Based On Item Group,Variação da meta por território com base no grupo de itens
Territory Targets,Metas por território
Territory-wise Sales,Vendas por território
Test,Teste
The 'From Package No.' field must neither be empty nor it's value less than 1.,O 'do pacote nº' O campo não deve estar vazio nem é o valor menor que 1.
"The Access to Request for Quotation From Portal is Disabled. To Allow Access, Enable it in Portal Settings.","O acesso à solicitação de cotação do portal está desativado. Para permitir o acesso, habilite -o nas configurações do portal."
The BOM which will be replaced,O nascido que será substituído
The Batch {0} has negative quantity {1} in warehouse {2}. Please correct the quantity.,"O lote {0} possui quantidade negativa {1} no armazém {2}. Por favor, corrija a quantidade."
The Campaign '{0}' already exists for the {1} '{2}',A campanha '{0}' já existe para o {1} '{2}'
The Condition '{0}' is invalid,A condição '{0}' é inválida
The Document Type {0} must have a Status field to configure Service Level Agreement,O tipo de documento {0} deve ter um campo de status para configurar o contrato de nível de serviço
"The GL Entries and closing balances will be processed in the background, it can take a few minutes.","As entradas GL e os saldos de fechamento serão processados em segundo plano, pode levar alguns minutos."
"The GL Entries will be cancelled in the background, it can take a few minutes.","As entradas GL serão canceladas em segundo plano, pode levar alguns minutos."
The Loyalty Program isn't valid for the selected company,O programa de fidelidade não é válido para a empresa selecionada
"The Payment Request {0} is already paid, cannot process payment twice","A solicitação de pagamento {0} já está paga, não pode processar o pagamento duas vezes"
The Payment Term at row {0} is possibly a duplicate.,O prazo de pagamento na linha {0} é possivelmente uma duplicata.
"The Pick List having Stock Reservation Entries cannot be updated. If you need to make changes, we recommend canceling the existing Stock Reservation Entries before updating the Pick List.","A lista de escolhas com entradas de reserva de stock não pode ser atualizada. Se você precisar fazer alterações, recomendamos o cancelamento das entradas de reserva de stock existente antes de atualizar a lista de escolhas."
The Process Loss Qty has reset as per job cards Process Loss Qty,A QTY de perda de processo foi redefinida conforme os cartões de trabalho Process Perd Qty
The Sales Person is linked with {0},O vendedor está vinculado a {0}
The Serial No at Row #{0}: {1} is not available in warehouse {2}.,A série NO na linha #{0}: {1} não está disponível no armazém {2}.
The Serial No {0} is reserved against the {1} {2} and cannot be used for any other transaction.,O NO {0} serial é reservado contra o {1} {2} e não pode ser usado para qualquer outra transação.
The Serial and Batch Bundle {0} is not valid for this transaction. The 'Type of Transaction' should be 'Outward' instead of 'Inward' in Serial and Batch Bundle {0},O pacote de série e lote {0} não é válido para esta transação. O 'tipo de transação' deve ser 'externo' em vez de 'para dentro' no pacote de série e lote {0}
"The Stock Entry of type 'Manufacture' is known as backflush. Raw materials being consumed to manufacture finished goods is known as backflushing. <br><br> When creating Manufacture Entry, raw-material items are backflushed based on BOM of production item. If you want raw-material items to be backflushed based on Material Transfer entry made against that Work Order instead, then you can set it under this field.","A entrada de stock do tipo 'fabricação' é conhecida como backflush. As matérias -primas que estão sendo consumidas para fabricar mercadorias acabadas são conhecidas como backflushing. <br> <br> Ao criar entrada de fabricação, os itens de materiais crus são retrofissurados com base no nascimento do item de produção. Se você deseja que os itens materiais crus sejam preenchidos com base na entrada de transferência de material feita contra essa ordem de serviço, poderá configurá-lo sob esse campo."
The Work Order is mandatory for Disassembly Order,A ordem de serviço é obrigatória para a ordem de desmontagem
"The account head under Liability or Equity, in which Profit/Loss will be booked","O chefe da conta sob responsabilidade ou patrimônio líquido, no qual o lucro/perda será reservado"
The allocated amount is greater than the outstanding amount of Payment Request {0},O valor alocado é maior que o valor pendente da solicitação de pagamento {0}
The amount of {0} set in this payment request is different from the calculated amount of all payment plans: {1}. Make sure this is correct before submitting the document.,O valor de {0} definido nesta solicitação de pagamento é diferente do valor calculado de todos os planos de pagamento: {1}. Verifique se isso está correto antes de enviar o documento.
The currency of invoice {} ({}) is different from the currency of this dunning ({}).,A moeda da fatura {} ({}) é diferente da moeda deste Dunning ({}).
The default BOM for that item will be fetched by the system. You can also change the BOM.,O BOM padrão para esse item será buscado pelo sistema. Você também pode alterar o nascido.
The difference between from time and To Time must be a multiple of Appointment,A diferença entre o tempo e o tempo deve ser um múltiplo de consulta
The field Asset Account cannot be blank,A conta de ativo de campo não pode ficar em branco
The field Equity/Liability Account cannot be blank,A conta de patrimônio/responsabilidade de campo não pode ficar em branco
The field From Shareholder cannot be blank,O campo do acionista não pode ficar em branco
The field To Shareholder cannot be blank,O campo para o acionista não pode ficar em branco
The field {0} in row {1} is not set,O campo {0} na linha {1} não está definido
The fields From Shareholder and To Shareholder cannot be blank,Os campos do acionista e do acionista não podem ficar em branco
The folio numbers are not matching,Os números de fólio não estão correspondendo
"The following Items, having Putaway Rules, could not be accomodated:","Os seguintes itens, tendo regras de cutação, não puderam ser acomodados:"
The following assets have failed to automatically post depreciation entries: {0},Os seguintes ativos falharam em pós -depreciação automaticamente entradas: {0}
"The following batches are expired, please restock them: <br> {0}","Os seguintes lotes expirados, reabastecê -los: <br> {0}"
The following deleted attributes exist in Variants but not in the Template. You can either delete the Variants or keep the attribute(s) in template.,"Os seguintes atributos excluídos existem em variantes, mas não no modelo. Você pode excluir as variantes ou manter os atributos no modelo."
The following employees are currently still reporting to {0}:,"Atualmente, os seguintes funcionários ainda estão se reportando para {0}:"
The following invalid Pricing Rules are deleted:,As seguintes regras de preços inválidos são excluídos:
The following {0} were created: {1},Os seguintes {0} foram criados: {1}
The gross weight of the package. Usually net weight + packaging material weight. (for print),O peso bruto do pacote. Geralmente peso líquido + peso de material de embalagem. (para impressão)
The holiday on {0} is not between From Date and To Date,O feriado em {0} não está entre a data e até a data
The item {item} is not marked as {type_of} item. You can enable it as {type_of} item from its Item master.,O item {item} não está marcado como {type_of} item. Você pode habilitá -lo como {type_of} item do seu mestre de itens.
The items {0} and {1} are present in the following {2} :,Os itens {0} e {1} estão presentes no seguinte {2}:
The items {items} are not marked as {type_of} item. You can enable them as {type_of} item from their Item masters.,Os itens {itens} não estão marcados como {type_of} item. Você pode habilitá -los como {type_of} item de seus mestres de itens.
The job card {0} is in {1} state and you cannot complete.,O cartão de trabalho {0} está no estado {1} e você não pode concluir.
The job card {0} is in {1} state and you cannot start it again.,O cartão de trabalho {0} está no estado {1} e você não pode iniciá -lo novamente.
The lowest tier must have a minimum spent amount of 0. Customers need to be part of a tier as soon as they are enrolled in the program.,O nível mais baixo deve ter um valor mínimo gasto de 0. Os clientes precisam fazer parte de uma camada assim que estiverem inscritos no programa.
The net weight of this package. (calculated automatically as sum of net weight of items),O peso líquido deste pacote. (calculado automaticamente como soma do peso líquido dos itens)
The new BOM after replacement,O novo nascimento após a substituição
The number of shares and the share numbers are inconsistent,O número de ações e os números de ações são inconsistentes
The operation {0} can not add multiple times,A operação {0} não pode adicionar várias vezes
The operation {0} can not be the sub operation,A operação {0} não pode ser a sub -operação
The original invoice should be consolidated before or along with the return invoice.,A fatura original deve ser consolidada antes ou junto com a fatura de retorno.
The parent account {0} does not exists in the uploaded template,A conta pai {0} não existe no modelo carregado
The payment gateway account in plan {0} is different from the payment gateway account in this payment request,A conta de gateway de pagamento no plano {0} é diferente da conta do gateway de pagamento nesta solicitação de pagamento
"The percentage you are allowed to bill more against the amount ordered. For example, if the order value is $100 for an item and tolerance is set as 10%, then you are allowed to bill up to $110 ","A porcentagem que você pode cobrar mais contra o valor ordenado. Por exemplo, se o valor do pedido for de US $ 100 para um item e a tolerância for definida como 10%, você poderá cobrar até US $ 110"
The percentage you are allowed to pick more items in the pick list than the ordered quantity.,A porcentagem que você pode escolher mais itens na lista de escolhas do que a quantidade ordenada.
"The percentage you are allowed to receive or deliver more against the quantity ordered. For example, if you have ordered 100 units, and your Allowance is 10%, then you are allowed to receive 110 units.","A porcentagem que você pode receber ou entregar mais contra a quantidade solicitada. Por exemplo, se você pediu 100 unidades e seu subsídio é de 10%, poderá receber 110 unidades."
"The percentage you are allowed to transfer more against the quantity ordered. For example, if you have ordered 100 units, and your Allowance is 10%, then you are allowed transfer 110 units.","A porcentagem que você pode transferir mais contra a quantidade ordenada. Por exemplo, se você pediu 100 unidades e seu subsídio é de 10%, poderá transferir 110 unidades."
The reserved stock will be released when you update items. Are you certain you wish to proceed?,O stock reservado será liberado quando você atualizar itens. Você tem certeza de que deseja prosseguir?
The reserved stock will be released. Are you certain you wish to proceed?,O stock reservado será liberado. Você tem certeza de que deseja prosseguir?
The root account {0} must be a group,A conta raiz {0} deve ser um grupo
The selected BOMs are not for the same item,Os BOMs selecionados não são para o mesmo item
The selected change account {} doesn't belongs to Company {}.,A conta de alteração selecionada {} não pertence à empresa {}.
The selected item cannot have Batch,O item selecionado não pode ter lote
The seller and the buyer cannot be the same,O vendedor e o comprador não podem ser os mesmos
The serial and batch bundle {0} not linked to {1} {2},O pacote de série e lote {0} não vinculado a {1} {2}
The serial no {0} does not belong to item {1},O serial no {0} não pertence ao item {1}
The shareholder does not belong to this company,O acionista não pertence a esta empresa
The shares already exist,As ações já existem
The shares don't exist with the {0},As ações não existem com o {0}
"The stock for the item {0} in the {1} warehouse was negative on the {2}. You should create a positive entry {3} before the date {4} and time {5} to post the correct valuation rate. For more details, please read the <a href='https://docs.erpnext.com/docs/user/manual/en/stock-adjustment-cogs-with-negative-stock'>documentation<a>.","O stock do item {0} no armazém {1} foi negativo no {2}. Você deve criar uma entrada positiva {3} antes da data {4} e a hora {5} para postar a taxa de avaliação correta. Para mais detalhes, leia o <a href = 'https: //docs.erpnext.com/docs/user/manual/en/stock-adjustment-cogs-with-negative-stock'> documentação <a>."
"The stock has been reserved for the following Items and Warehouses, un-reserve the same to {0} the Stock Reconciliation: <br /><br /> {1}","O stock foi reservado para os seguintes itens e armazéns, sem reservar o mesmo para {0} a reconciliação de stock: <r /> <r /> {1}"
"The sync has started in the background, please check the {0} list for new records.","A sincronização começou em segundo plano, verifique a lista {0} para novos registros."
The task has been enqueued as a background job.,A tarefa foi criada como um trabalho de segundo plano.
"The task has been enqueued as a background job. In case there is any issue on processing in background, the system will add a comment about the error on this Stock Reconciliation and revert to the Draft stage","A tarefa foi criada como um trabalho de segundo plano. Caso haja algum problema no processamento em segundo plano, o sistema adicionará um comentário sobre o erro nesta reconciliação de stock e reverterá para o estágio de rascunho"
"The task has been enqueued as a background job. In case there is any issue on processing in background, the system will add a comment about the error on this Stock Reconciliation and revert to the Submitted stage","A tarefa foi criada como um trabalho de segundo plano. Caso haja algum problema no processamento em segundo plano, o sistema adicionará um comentário sobre o erro nesta reconciliação de stock e reverterá para o estágio enviado"
The total Issue / Transfer quantity {0} in Material Request {1}  cannot be greater than allowed requested quantity {2} for Item {3},A quantidade total de emissão / transferência {0} na solicitação de material {1} não pode ser maior do que a quantidade solicitada permitida {2} para o item {3}
The total Issue / Transfer quantity {0} in Material Request {1} cannot be greater than requested quantity {2} for Item {3},A quantidade total de emissão / transferência {0} na solicitação de material {1} não pode ser maior que a quantidade solicitada {2} para o item {3}
The uploaded file does not match the selected Code List.,O arquivo carregado não corresponde à lista de código selecionada.
The user cannot submit the Serial and Batch Bundle manually,O usuário não pode enviar o pacote de série e lote manualmente
"The users with this Role are allowed to create/modify a stock transaction, even though the transaction is frozen.","Os usuários com essa função podem criar/modificar uma transação de stock, mesmo que a transação esteja congelada."
The value of {0} differs between Items {1} and {2},O valor de {0} difere entre os itens {1} e {2}
The value {0} is already assigned to an existing Item {1}.,O valor {0} já está atribuído a um item existente {1}.
The warehouse where you store finished Items before they are shipped.,O armazém onde você armazena itens terminados antes de serem enviados.
"The warehouse where you store your raw materials. Each required item can have a separate source warehouse. Group warehouse also can be selected as source warehouse. On submission of the Work Order, the raw materials will be reserved in these warehouses for production usage.","O armazém onde você armazena suas matérias -primas. Cada item necessário pode ter um armazém de origem separado. O armazém de grupos também pode ser selecionado como armazém de origem. Ao enviar a ordem de serviço, as matérias -primas serão reservadas nesses armazéns para o uso da produção."
The warehouse where your Items will be transferred when you begin production. Group Warehouse can also be selected as a Work in Progress warehouse.,O armazém onde seus itens serão transferidos quando você começar a produção. O armazém de grupos também pode ser selecionado como um trabalho de trabalho em andamento.
The {0} ({1}) must be equal to {2} ({3}),O {0} ({1}) deve ser igual a {2} ({3})
The {0} contains Unit Price Items.,O {0} contém itens de preço unitário.
The {0} {1} created successfully,O {0} {1} criado com sucesso
The {0} {1} is used to calculate the valuation cost for the finished good {2}.,O {0} {1} é usado para calcular o custo de avaliação para o bem final {2}.
"Then Pricing Rules are filtered out based on Customer, Customer Group, Territory, Supplier, Supplier Type, Campaign, Sales Partner etc.","Em seguida, as regras de preços são filtradas com base em clientes, grupo de clientes, território, fornecedor, tipo de fornecedor, campanha, parceiro de vendas etc."
There are active maintenance or repairs against the asset. You must complete all of them before cancelling the asset.,Existem manutenção ativa ou reparos contra o ativo. Você deve completar todos eles antes de cancelar o ativo.
"There are inconsistencies between the rate, no of shares and the amount calculated","Existem inconsistências entre a taxa, o número de ações e o valor calculado"
There are ledger entries against this account. Changing {0} to non-{1} in live system will cause incorrect output in 'Accounts {2}' report,Existem entradas de contabilidade contra esta conta. Alterar {0} para não {1} no sistema vivo causará saída incorreta em 'contas {2}' relatório
There are no Failed transactions,Não há transações com falha
There are no active Fiscal Years for which Demo Data can be generated.,Não há exercícios fiscais ativos para os quais os dados da demonstração possam ser gerados.
There are no slots available on this date,Não há slots disponíveis nesta data
"There are two options to maintain valuation of stock. FIFO (first in - first out) and Moving Average. To understand this topic in detail please visit <a href='https://docs.erpnext.com/docs/v13/user/manual/en/stock/articles/item-valuation-fifo-and-moving-average' target='_blank'>Item Valuation, FIFO and Moving Average.</a>","Existem duas opções para manter a avaliação do stock. FIFO (primeiro em - primeiro a sair) e média móvel. Para entender esse tópico em detalhes, visite <a href = 'https: //docs.erpnext.com/docs/v13/user/manual/en/stock/articles/item-valuation-fifo-and-moving-average' alvo = '_ em branco'> avaliação do item, fino e média móvel. </a>"
There aren't any item variants for the selected item,Não há variantes de itens para o item selecionado
There can be multiple tiered collection factor based on the total spent. But the conversion factor for redemption will always be same for all the tier.,Pode haver vários fatores de coleta em camadas com base no total gasto. Mas o fator de conversão para resgate sempre será o mesmo para toda a camada.
There can only be 1 Account per Company in {0} {1},Só pode haver 1 conta por empresa em {0} {1}
"There can only be one Shipping Rule Condition with 0 or blank value for ""To Value""","Só pode haver uma condição de regra de remessa com 0 ou valor em branco para ""valorizar"""
There is already a valid Lower Deduction Certificate {0} for Supplier {1} against category {2} for this time period.,Já existe um certificado de dedução mais baixa válido {0} para o fornecedor {1} contra a categoria {2} para este período.
There is already an active Subcontracting BOM {0} for the Finished Good {1}.,Já existe um Bom Subcontrating ativo {0} para o bem final {1}.
There is no batch found against the {0}: {1},Não há lote encontrado contra o {0}: {1}
There must be atleast 1 Finished Good in this Stock Entry,Deve haver pelo menos 1 terminado bem nesta entrada de stock
There was an error creating Bank Account while linking with Plaid.,Houve um erro de criação de conta bancária enquanto vinculava a xadrez.
There was an error saving the document.,Houve um erro salvando o documento.
There was an error syncing transactions.,Houve um erro de sincronização de transações.
There was an error updating Bank Account {} while linking with Plaid.,Houve um erro atualizando a conta bancária {} enquanto vinculava a xadrez.
There was an issue connecting to Plaid's authentication server. Check browser console for more information,Havia um problema se conectando ao servidor de autenticação da Plaid. Verifique o console do navegador para obter mais informações
There were errors while sending email. Please try again.,"Houve erros ao enviar e-mail. Por favor, tente novamente."
There were issues unlinking payment entry {0}.,Havia problemas que desbastem a entrada de pagamento {0}.
This Account has '0' balance in either Base Currency or Account Currency,Esta conta possui saldo '0' na moeda base ou na moeda da conta
This Item is a Template and cannot be used in transactions. Item attributes will be copied over into the variants unless 'No Copy' is set,"Este item é um modelo e não pode ser usado em transações. Os atributos do item serão copiados para as variantes, a menos que 'nenhuma cópia' esteja definida"
This Item is a Variant of {0} (Template).,Este item é uma variante de {0} (modelo).
This Month's Summary,Resumo deste mês
This PO has been fully subcontracted.,Este PO foi totalmente subcontratado.
This Warehouse will be auto-updated in the Target Warehouse field of Work Order.,Este armazém será atualizado automaticamente no campo de ordem de serviço do armazém-alvo.
This Warehouse will be auto-updated in the Work In Progress Warehouse field of Work Orders.,Este armazém será atualizado automaticamente no trabalho de Warehouse Campo de Ordens de Serviço.
This Week's Summary,Resumo desta semana
This action will stop future billing. Are you sure you want to cancel this subscription?,Esta ação interromperá o faturamento futuro. Tem certeza de que deseja cancelar esta assinatura?
This action will unlink this account from any external service integrating ERPNext with your bank accounts. It cannot be undone. Are you certain ?,Esta ação desvinculará esta conta de qualquer serviço externo que integra o ERPNext às suas contas bancárias. Não pode ser desfeito. Você tem certeza?
This asset category is marked as non-depreciable. Please disable depreciation calculation or choose a different category.,Esta categoria de ativos é marcada como não depreciável. Desative o cálculo da depreciação ou escolha uma categoria diferente.
This covers all scorecards tied to this Setup,Isso abrange todos os scorecards amarrados a esta configuração
This document is over limit by {0} {1} for item {4}. Are you making another {3} against the same {2}?,Este documento está acima do limite por {0} {1} para o item {4}. Você está fazendo outro {3} contra o mesmo {2}?
This field is used to set the 'Customer'.,Este campo é usado para definir o 'cliente'.
This filter will be applied to Journal Entry.,Este filtro será aplicado à entrada do diário.
This is a Template BOM and will be used to make the work order for {0} of the item {1},Este é um modelo Bom e será usado para fazer a ordem de serviço para {0} do item {1}
This is a location where final product stored.,Este é um local onde o produto final armazenado.
This is a location where operations are executed.,Este é um local onde as operações são executadas.
This is a location where raw materials are available.,Este é um local onde estão disponíveis matérias -primas.
This is a location where scraped materials are stored.,Este é um local onde os materiais raspados são armazenados.
This is a preview of the email to be sent. A PDF of the document will automatically be attached with the email.,Esta é uma prévia do email a ser enviada. Um PDF do documento será automaticamente anexado ao email.
This is a root account and cannot be edited.,Esta é uma conta raiz e não pode ser editada.
This is a root customer group and cannot be edited.,Este é um grupo de clientes raiz e não pode ser editado.
This is a root department and cannot be edited.,Este é um departamento de raiz e não pode ser editado.
This is a root item group and cannot be edited.,Este é um grupo de itens raiz e não pode ser editado.
This is a root sales person and cannot be edited.,Este é um vendedor de raiz e não pode ser editado.
This is a root supplier group and cannot be edited.,Este é um grupo de fornecedores de raiz e não pode ser editado.
This is a root territory and cannot be edited.,Este é um território raiz e não pode ser editado.
This is based on stock movement. See {0} for details,Isso é baseado no movimento do stock. Veja {0} para obter detalhes
This is based on the Time Sheets created against this project,Isso é baseado nas folhas de tempo criadas contra este projeto
This is based on transactions against this Sales Person. See timeline below for details,Isso se baseia em transações contra esse vendas. Veja a linha do tempo abaixo para obter detalhes
This is considered dangerous from accounting point of view.,Isso é considerado perigoso do ponto de vista contábil.
This is done to handle accounting for cases when Purchase Receipt is created after Purchase Invoice,Isso é feito para lidar com a contabilidade para casos quando o recibo de compra é criado após a fatura de compra
"This is enabled by default. If you want to plan materials for sub-assemblies of the Item you're manufacturing leave this enabled. If you plan and manufacture the sub-assemblies separately, you can disable this checkbox.","Isso é ativado por padrão. Se você deseja planejar materiais para submontagens do item que você está fabricando deixando isso ativado. Se você planeja e fabricar os submontagens separadamente, poderá desativar esta caixa de seleção."
"This is for raw material Items that'll be used to create finished goods. If the Item is an additional service like 'washing' that'll be used in the BOM, keep this unchecked.","Isto é para itens de matéria -prima que serão usados para criar produtos acabados. Se o item for um serviço adicional, como 'lavagem' que será usado no BOM, mantenha isso desmarcado."
This item filter has already been applied for the {0},Este filtro de item já foi aplicado para {0}
This option can be checked to edit the 'Posting Date' and 'Posting Time' fields.,Esta opção pode ser verificada para editar os campos 'Data de postagem' e 'Publicação'.
This schedule was created when Asset {0} was adjusted through Asset Value Adjustment {1}.,Este cronograma foi criado quando o ativo {0} foi ajustado através do ajuste do valor do ativo {1}.
This schedule was created when Asset {0} was consumed through Asset Capitalization {1}.,Este cronograma foi criado quando o ativo {0} foi consumido por meio de capitalização de ativos {1}.
This schedule was created when Asset {0} was repaired through Asset Repair {1}.,Este cronograma foi criado quando o ativo {0} foi reparado através do reparo de ativos {1}.
This schedule was created when Asset {0} was restored due to Sales Invoice {1} cancellation.,Este cronograma foi criado quando o ativo {0} foi restaurado devido à fatura de vendas {1} cancelamento.
This schedule was created when Asset {0} was restored on Asset Capitalization {1}'s cancellation.,Este cronograma foi criado quando o ativo {0} foi restaurado no cancelamento de capitalização de ativos {1}.
This schedule was created when Asset {0} was restored.,Este cronograma foi criado quando o ativo {0} foi restaurado.
This schedule was created when Asset {0} was returned through Sales Invoice {1}.,Este cronograma foi criado quando o Asset {0} foi retornado através da fatura de vendas {1}.
This schedule was created when Asset {0} was scrapped.,Este cronograma foi criado quando o ativo {0} foi descartado.
This schedule was created when Asset {0} was {1} into new Asset {2}.,Este cronograma foi criado quando o Asset {0} foi {1} no novo ativo {2}.
This schedule was created when Asset {0} was {1} through Sales Invoice {2}.,Este cronograma foi criado quando o Asset {0} foi {1} através da fatura de vendas {2}.
This schedule was created when Asset {0}'s Asset Value Adjustment {1} was cancelled.,Este cronograma foi criado quando o ajuste do valor do ativo do Asset {0} {1} foi cancelado.
This schedule was created when Asset {0}'s shifts were adjusted through Asset Shift Allocation {1}.,Este cronograma foi criado quando os turnos do Asset {0} foram ajustados através da alocação de mudança de ativos {1}.
"This section allows the user to set the Body and Closing text of the Dunning Letter for the Dunning Type based on language, which can be used in Print.","Esta seção permite que o usuário defina o corpo e o texto de fechamento da letra Dunning para o tipo de dunning com base no idioma, que pode ser usado na impressão."
"This table is used to set details about the 'Item', 'Qty', 'Basic Rate', etc.","Esta tabela é usada para definir detalhes sobre o 'item', 'qty', 'taxa básica', etc."
This tool helps you to update or fix the quantity and valuation of stock in the system. It is typically used to synchronise the system values and what actually exists in your warehouses.,"Esta ferramenta ajuda você a atualizar ou corrigir a quantidade e avaliação do stock no sistema. Normalmente, é usado para sincronizar os valores do sistema e o que realmente existe em seus armazéns."
This value shall be used when no matching Common Code for a record is found.,Este valor deve ser usado quando nenhum código comum correspondente para um registro for encontrado.
"This will be appended to the Item Code of the variant. For example, if your abbreviation is ""SM"", and the item code is ""T-SHIRT"", the item code of the variant will be ""T-SHIRT-SM""","Isso será anexado ao código do item da variante. Por exemplo, se sua abreviação for ""SM"" e o código do item é ""camiseta"", o código do item da variante será ""camiseta-sm"""
This will restrict user access to other employee records,Isso restringirá o acesso do usuário a outros registros de funcionários
This {} will be treated as material transfer.,Este {} será tratado como transferência de material.
Threshold for Suggestion,Limiar para sugestão
Threshold for Suggestion (In Percentage),Limiar para sugestão (em porcentagem)
Thumbnail,Miniatura
Thursday,Quinta-feira
Tier Name,Nome do nível
Time,Tempo
Time (In Mins),Tempo (em minutos)
Time Between Operations (Mins),Tempo entre operações (minutos)
Time In Mins,Tempo em minutos
Time Logs,Time Logs
Time Required (In Mins),Tempo necessário (em minutos)
Time Sheet,Folha de tempo
Time Sheet List,Lista de folhas de tempo
Time Sheets,Folhas de tempo
Time Taken to Deliver,Tempo necessário para entregar
Time Tracking,Rastreamento de tempo
Time at which materials were received,Horário em que os materiais foram recebidos
Time in mins,Tempo em minutos
Time in mins.,Tempo em minutos.
Time logs are required for {0} {1},Os logs de tempo são necessários para {0} {1}
Time slot is not available,O horário não está disponível
Time(in mins),Tempo (em minutos)
Timeline,Linha do tempo
Timer,Timer
Timer exceeded the given hours.,O cronômetro excedeu as horas fornecidas.
Timesheet,Quadro de horários
Timesheet Billing Summary,Resumo da cobrança do quadro de horários
Timesheet Detail,Detalhes do quadro de horários
Timesheet for tasks.,Quadro de horários para tarefas.
Timesheet {0} is already completed or cancelled,Timesheet {0} já está concluído ou cancelado
Timesheets,Plábeis de horários
"Timesheets help keep track of time, cost and billing for activities done by your team","Os horários de horários ajudam a acompanhar o tempo, o custo e o faturamento para atividades realizadas por sua equipe"
Timeslots,Intervalos de tempo
Title,Título
To,Para
To Bill,Para Bill
To Currency,Para moeda
To Date,A data
To Date cannot be before From Date,Até o momento não pode ser antes da data
To Date cannot be before From Date.,Até o momento não pode ser antes da data.
To Date cannot be less than From Date,Até o momento não pode ser menor que a data
To Date is mandatory,Até o momento é obrigatório
To Date must be greater than From Date,Até o momento deve ser maior que a data
To Date should be within the Fiscal Year. Assuming To Date = {0},"Até o momento, deve estar dentro do ano fiscal. Assumindo até datar = {0}"
To Datetime,Para DateTime
To Deliver,Para entregar
To Deliver and Bill,Para entregar e Bill
To Delivery Date,Para a data de entrega
To Doctype,Para Doctype
To Due Date,Para a data de vencimento
To Employee,Para funcionário
To Fiscal Year,Para o ano fiscal
To Folio No,Para fólio não
To Invoice Date,Para faturar a data
To No,Para não
To Package No.,Para o pacote No.
To Pay,Pagar
To Payment Date,Para a data de pagamento
To Posting Date,Para a data de postagem
To Produce,Para produzir
To Range,Para variar
To Receive,Para receber
To Receive and Bill,Para receber e Bill
To Reference Date,Para a data de referência
To Rename,Para renomear
To Shareholder,Para acionista
To Time,Para o tempo
To Time cannot be before from date,Para o tempo não pode ser antes da data
To Track inbound purchase,Para rastrear a compra de entrada
To Value,Para valorizar
To Warehouse,Para armazém
To Warehouse (Optional),Para Warehouse (opcional)
To add Operations tick the 'With Operations' checkbox.,"Para adicionar operações, marque a caixa de seleção 'com operações'."
To add subcontracted Item's raw materials if include exploded items is disabled.,"Para adicionar matérias -primas do item subcontratado, se incluir itens explodidos estiver desativada."
"To allow over billing, update ""Over Billing Allowance"" in Accounts Settings or the Item.","Para permitir o excesso de cobrança, atualize ""subsídio por cobrança"" nas configurações de contas ou no item."
"To allow over receipt / delivery, update ""Over Receipt/Delivery Allowance"" in Stock Settings or the Item.","Para permitir o excesso de recebimento / entrega, atualize ""Over Over Recibt / Delivery Subsídio"" nas configurações de stock ou no item."
To apply condition on parent field use parent.field_name and to apply condition on child table use doc.field_name. Here field_name could be based on the actual column name of the respective field.,"Para aplicar a condição no campo pai, use parent.field_name e aplicar condição na tabela infantil use doc.field_name. Aqui Field_Name pode ser baseado no nome real da coluna do respectivo campo."
To be Delivered to Customer,Para ser entregue ao cliente
To cancel a {} you need to cancel the POS Closing Entry {}.,"Para cancelar um {}, você precisa cancelar a entrada de fechamento POS {}."
To cancel this Sales Invoice you need to cancel the POS Closing Entry {}.,"Para cancelar esta fatura de vendas, você precisa cancelar a entrada de fechamento do POS {}."
To create a Payment Request reference document is required,"Para criar um documento de referência de solicitação de pagamento, é necessário"
"To enable Capital Work in Progress Accounting,","Para ativar o trabalho de capital em andamento contabilidade,"
To include non-stock items in the material request planning. i.e. Items for which 'Maintain Stock' checkbox is unticked.,"Para incluir itens ininterruptos no planejamento de solicitação de material. ou seja, itens para os quais a caixa de seleção 'Manter stock' é desamarrado."
"To include sub-assembly costs and scrap items in Finished Goods on a work order without using a job card, when the 'Use Multi-Level BOM' option is enabled.","Para incluir os custos da submontagem e os itens de sucata em mercadorias acabadas em uma ordem de serviço sem usar um cartão de trabalho, quando a opção 'Use Bom Multi-Level Bom' estiver ativada."
"To include tax in row {0} in Item rate, taxes in rows {1} must also be included","Para incluir imposto na linha {0} na taxa de item, os impostos em linhas {1} também devem ser incluídos"
"To merge, following properties must be same for both items","Para mesclar, as seguintes propriedades devem ser iguais para ambos os itens"
"To not apply Pricing Rule in a particular transaction, all applicable Pricing Rules should be disabled.","Para não aplicar a regra de preços em uma transação específica, todas as regras de preços aplicáveis devem ser desativadas."
"To overrule this, enable '{0}' in company {1}","Para anular isso, ativar '{0}' na empresa {1}"
"To still proceed with editing this Attribute Value, enable {0} in Item Variant Settings.","Para ainda prosseguir com a edição deste valor de atributo, ative {0} nas configurações da variante do item."
To submit the invoice without purchase order please set {0} as {1} in {2},"Para enviar a fatura sem pedido de compra, defina {0} como {1} em {2}"
To submit the invoice without purchase receipt please set {0} as {1} in {2},"Para enviar a fatura sem recibo de compra, defina {0} como {1} em {2}"
"To use a different finance book, please uncheck 'Include Default FB Assets'","Para usar um livro de finanças diferente, desmarque 'Inclua os ativos padrão do FB'"
"To use a different finance book, please uncheck 'Include Default FB Entries'","Para usar um livro de finanças diferente, desmarque 'inclua entradas padrão do FB'"
Toggle Full Width,Alternar a largura total
Toggle Recent Orders,Alternar pedidos recentes
Toggle Theme,Tema de alternância
Too many columns. Export the report and print it using a spreadsheet application.,Muitas colunas. Exportar o relatório e imprimi -lo usando um aplicativo de planilha.
Tools,Ferramentas
Total,Total
Total (Company Currency),Total (moeda da empresa)
Total (Credit),Total (crédito)
Total (Without Tax),Total (sem imposto)
Total Achieved,Total alcançado
Total Actual,Total real
Total Additional Costs,Total de custos adicionais
Total Advance,Avanço total
Total Allocated Amount,Quantidade total alocada
Total Allocated Amount (Company Currency),Valor alocado total (moeda da empresa)
Total Allocations,Alocações totais
Total Amount,Montante total
Total Amount Currency,Quantidade total de moeda
Total Amount in Words,Quantidade total em palavras
Total Applicable Charges in Purchase Receipt Items table must be same as Total Taxes and Charges,Tabela total de cobranças aplicáveis na tabela de itens de recibo de compra deve ser o mesmo que os impostos e cobranças totais
Total Asset,Ativo total
Total Asset Cost,Custo total do ativo
Total Assets,Total de ativos
Total Billable Amount,Valor total fatal
Total Billable Amount (via Timesheet),Valor faturável total (via quadro de horários)
Total Billable Hours,Horário total fatal
Total Billed Amount,Valor total faturado
Total Billed Amount (via Sales Invoice),Valor total faturado (por fatura de vendas)
Total Billed Hours,Total de horas cobradas
Total Billing Amount,Valor total de cobrança
Total Billing Hours,Horário total de cobrança
Total Budget,Orçamento total
Total Characters,Caracteres totais
Total Commission,Comissão Total
Total Completed Qty,Total concluído Qtd
Total Consumed Material Cost (via Stock Entry),Custo de material consumido total (via entrada de stock)
Total Contribution Amount Against Invoices: {0},Valor da contribuição total contra faturas: {0}
Total Contribution Amount Against Orders: {0},Valor de contribuição total contra ordens: {0}
Total Cost,Custo total
Total Cost (Company Currency),Custo total (moeda da empresa)
Total Costing Amount,Valor total de custo
Total Costing Amount (via Timesheet),Valor total de custo (via timeshet)
Total Credit,Crédito total
Total Credit/ Debit Amount should be same as linked Journal Entry,O valor total de crédito/ débito deve ser o mesmo que a entrada do diário vinculado
Total Debit,Débito total
Total Debit must be equal to Total Credit. The difference is {0},O débito total deve ser igual ao crédito total. A diferença é {0}
Total Delivered Amount,Valor total entregue
Total Demand (Past Data),Demanda total (dados anteriores)
Total Equity,Patrimônio total
Total Estimated Distance,Distância estimada total
Total Expense,Despesa total
Total Expense This Year,Despesas totais este ano
Total Experience,Experiência total
Total Forecast (Future Data),Previsão total (dados futuros)
Total Forecast (Past Data),Previsão total (dados anteriores)
Total Gain/Loss,Ganho/perda total
Total Hold Time,Tempo total de espera
Total Holidays,Total de férias
Total Income,Renda total
Total Income This Year,Renda total este ano
Total Incoming Value (Receipt),Valor total de entrada (recibo)
Total Interest,Interesse total
Total Invoiced Amount,Quantidade total faturada
Total Issues,Questões totais
Total Items,Total de itens
Total Liability,Responsabilidade total
Total Message(s),Mensagens totais
Total Monthly Sales,Vendas mensais totais
Total Net Weight,Peso líquido total
Total Number of Booked Depreciations ,Número total de depreciações reservadas
Total Number of Depreciations,Número total de depreciações
Total Only,Somente total
Total Operating Cost,Custo operacional total
Total Operation Time,Tempo total de operação
Total Order Considered,Ordem total considerada
Total Order Value,Valor total da ordem
Total Other Charges,Total de outras cobranças
Total Outgoing,Total de saída
Total Outgoing Value (Consumption),Valor total de saída (consumo)
Total Outstanding,Total pendente
Total Outstanding Amount,Valor total pendente
Total Paid Amount,Valor total pago
Total Payment Amount in Payment Schedule must be equal to Grand / Rounded Total,O valor total do pagamento no cronograma de pagamento deve ser igual ao total grande / arredondado
Total Payment Request amount cannot be greater than {0} amount,O valor total da solicitação de pagamento não pode ser maior que {0} valor
Total Payments,Pagamentos totais
Total Picked Quantity {0} is more than ordered qty {1}. You can set the Over Picking Allowance in Stock Settings.,A quantidade total escolhida {0} é mais do que a qty ordenada {1}. Você pode definir o subsídio excessivo nas configurações de stock.
Total Planned Qty,Qtdy total planejado
Total Produced Qty,Qtdy total produzido
Total Projected Qty,Qty total projetado
Total Purchase Amount,Valor total de compra
Total Purchase Cost (via Purchase Invoice),Custo total de compra (por fatura de compra)
Total Purchase Cost has been updated,O custo total de compra foi atualizado
Total Qty,Qtdy total
Total Quantity,Quantidade total
Total Received Amount,Valor total recebido
Total Repair Cost,Custo total de reparo
Total Reposting Count,Contagem total de republicação
Total Revenue,Receita total
Total Sales Amount,Valor total de vendas
Total Sales Amount (via Sales Order),Valor total de vendas (por ordem de vendas)
Total Stock Summary,Resumo total de ações
Total Supplied Qty,Qtdy total fornecido
Total Target,Alvo total
Total Tasks,Tarefas totais
Total Tax,Imposto total
Total Taxes and Charges,Total de impostos e cobranças
Total Taxes and Charges (Company Currency),Total de impostos e cobranças (moeda da empresa)
Total Time (in Mins),Tempo total (em minutos)
Total Time in Mins,Tempo total em minutos
Total Unpaid: {0},Total não pago: {0}
Total Value,Valor total
Total Value Difference (Incoming - Outgoing),Diferença de valor total (recebimento - saída)
Total Variance,Variação total
Total Views,Visualizações totais
Total Weight,Peso total
Total Weight (kg),Peso total (kg)
Total Working Hours,Horário total de trabalho
Total advance ({0}) against Order {1} cannot be greater than the Grand Total ({2}),O avanço total ({0}) contra a ordem {1} não pode ser maior que o grande total ({2})
Total allocated percentage for sales team should be 100,A porcentagem total alocada para a equipe de vendas deve ser 100
Total contribution percentage should be equal to 100,A porcentagem de contribuição total deve ser igual a 100
Total hours: {0},Horário total: {0}
Total payments amount can't be greater than {},O valor total dos pagamentos não pode ser maior que {}
Total percentage against cost centers should be 100,A porcentagem total em relação aos centros de custo deve ser 100
Total {0} ({1}),Total {0} ({1})
"Total {0} for all items is zero, may be you should change 'Distribute Charges Based On'","Total {0} Para todos os itens é zero, pode ser que você deve alterar 'Distribuir as cobranças com base em'"
Total(Amt),Total (AMT)
Total(Qty),Total (Qtd)
Totals,Totais
Traceability,Rastreabilidade
Track Semi Finished Goods,Rastrear produtos semi -acabados
Track Service Level Agreement,Rastrear contrato de nível de serviço
Track separate Income and Expense for product verticals or divisions.,Acompanhe receita e despesa separadas para verticais ou divisões do produto.
Tracking Status,Status de rastreamento
Tracking Status Info,Rastreando informações de status
Tracking URL,Rastreando URL
Transaction,Transação
Transaction Currency,Moeda de transação
Transaction Date,Data da transação
Transaction Deletion Document: {0} is running for this Company. {1},Documento de exclusão de transações: {0} está em execução para esta empresa. {1}
Transaction Deletion Record,Registro de exclusão da transação
Transaction Deletion Record Details,Detalhes do registro de exclusão de transações
Transaction Deletion Record Item,Item de registro de exclusão de transações
Transaction Details,Detalhes da transação
Transaction Exchange Rate,Taxa de câmbio da transação
Transaction ID,ID da transação
Transaction Information,Informações sobre transações
Transaction Settings,Configurações da transação
Transaction Type,Tipo de transação
Transaction currency must be same as Payment Gateway currency,A moeda da transação deve ser a mesma que a moeda de gateway de pagamento
Transaction currency: {0} cannot be different from Bank Account({1}) currency: {2},Moeda de transação: {0} não pode ser diferente da conta bancária ({1}) Moeda: {2}
Transaction not allowed against stopped Work Order {0},Transação não permitida contra a ordem de serviço parada {0}
Transaction reference no {0} dated {1},Referência de transação no {0} datado {1}
Transactions,Transações
Transactions Annual History,Transações História Anual
Transactions against the Company already exist! Chart of Accounts can only be imported for a Company with no transactions.,Transações contra a empresa já existem! O gráfico de contas só pode ser importado para uma empresa sem transações.
Transactions using Sales Invoice in POS are disabled.,As transações usando a fatura de vendas no POS estão desativadas.
Transfer,Transferir
Transfer Asset,Transferir ativo
Transfer From Warehouses,Transferência de armazéns
Transfer Material Against,Transferir material contra
Transfer Materials,Materiais de transferência
Transfer Materials For Warehouse {0},Transferir materiais para armazém {0}
Transfer Status,Status de transferência
Transfer Type,Tipo de transferência
Transferred,Transferido
Transferred Qty,Qty transferido
Transferred Quantity,Quantidade transferida
Transferred Raw Materials,Matérias -primas transferidas
Transferring cannot be done to an Employee. Please enter location where Asset {0} has to be transferred,"A transferência não pode ser feita para um funcionário. Por favor, insira o local onde o ativo {0} deve ser transferido"
Transit,Trânsito
Transit Entry,Entrada de trânsito
Transport Receipt Date,Data de recebimento de transporte
Transport Receipt No,Recibo de transporte no
Transporter,Transportador
Transporter Details,Detalhes do transportador
Transporter Info,Informações do transportador
Transporter Name,Nome do transportador
Travel Expenses,Despesas de viagem
Tree Details,Detalhes da árvore
Tree Type,Tipo de árvore
Trial Balance,Balancete de avaliação
Trial Balance (Simple),Balancete de avaliação (simples)
Trial Balance for Party,Balancete de avaliação para a entidade
Trial Period End Date,Data final do período de teste
Trial Period End Date Cannot be before Trial Period Start Date,Data final do período do teste não pode ser antes da data de início do período do teste
Trial Period Start Date,Data de início do período do teste
Trial Period Start date cannot be after Subscription Start Date,Data de início do período do teste não pode ser após a data de início da assinatura
Trialing,Trial
Truncates 'Remarks' column to set character length,"Coluna de ""observações"" truncadas para definir o comprimento do personagem"
Tuesday,Terça-feira
Twice Daily,Duas vezes ao dia
Two-way,De duas vias
Type,Tipo
Type Of Call,Tipo de chamada
Type of Payment,Tipo de pagamento
Type of Transaction,Tipo de transação
Type of document to rename.,Tipo de documento para renomear.
Types of activities for Time Logs,Tipos de atividades para toras de tempo
UAE VAT 201,IVA dos Emirados Árabes Unidos 201
UAE VAT Account,Conta de IVA dos Emirados Árabes Unidos
UAE VAT Accounts,Contas de IVA dos Emirados Árabes Unidos
UAE VAT Settings,Configurações do IVA dos Emirados Árabes Unidos
UOM,Uom
UOM Category,Categoria UOM
UOM Conversion Detail,Detalhes de conversão de UOM
UOM Conversion Factor,Fator de conversão de UOM
UOM Conversion factor ({0} -> {1}) not found for item: {2},UOM Fator de conversão ({0} -> {1}) não encontrado para o item: {2}
UOM Conversion factor is required in row {0},O fator de conversão do UOM é necessário na linha {0}
UOM Name,Nome da UOM
UOM conversion factor required for UOM: {0} in Item: {1},Fator de conversão do UOM necessário para o UOM: {0} no item: {1}
UOM {0} not found in Item {1},Uom {0} não encontrado no item {1}
UOMs,Nós
UPC,UPC
UPC-A,UPC-A
URL,Url
URL can only be a string,URL só pode ser uma corda
UnBuffered Cursor,Cursor não bosgo
UnReconcile,Não -reconhecil
UnReconcile Allocations,Alocações não -conciliadas
Unable to find exchange rate for {0} to {1} for key date {2}. Please create a Currency Exchange record manually,Não é possível encontrar a taxa de troca para {0} para {1} para a data da chave {2}. Crie um registro de troca de moeda manualmente
Unable to find score starting at {0}. You need to have standing scores covering 0 to 100,Não é possível encontrar a pontuação a partir de {0}. Você precisa ter pontuações permanentes cobrindo 0 a 100
Unable to find the time slot in the next {0} days for the operation {1}. Please increase the 'Capacity Planning For (Days)' in the {2}.,"Não é possível encontrar o slot de tempo nos próximos dias {0} para a operação {1}. Por favor, aumente o 'planejamento de capacidade para (dias)' no {2}."
Unable to find variable:,Não é possível encontrar variável:
Unallocated Amount,Quantidade não alocada
Unassigned Qty,Qtdy não atribuído
Unblock Invoice,Desbloquear fatura
Unclosed Fiscal Years Profit / Loss (Credit),Lucro / perda de anos fiscais não -isolados (crédito)
Under AMC,Sob AMC
Under Graduate,Em graduação
Under Warranty,Sob garantia
"Under Working Hours table, you can add start and end times for a Workstation. For example, a Workstation may be active from 9 am to 1 pm, then 2 pm to 5 pm. You can also specify the working hours based on shifts. While scheduling a Work Order, the system will check for the availability of the Workstation based on the working hours specified.","Sob a mesa do horário de trabalho, você pode adicionar horários de início e término para uma estação de trabalho. Por exemplo, uma estação de trabalho pode estar ativa das 9h às 13h, depois das 14h às 17h. Você também pode especificar o horário de trabalho com base nos turnos. Ao agendar uma ordem de serviço, o sistema verificará a disponibilidade da estação de trabalho com base no horário de trabalho especificado."
Unfulfilled,Não realizado
Unit of Measure,Unidade de medida
Unit of Measure {0} has been entered more than once in Conversion Factor Table,Unidade de medida {0} foi inserida mais de uma vez na tabela de fatores de conversão
Units of Measure,Unidades de medida
Unknown,Desconhecido
Unknown Caller,Chamador desconhecido
Unlink Advance Payment on Cancellation of Order,Pagamento antecipado desvincular o cancelamento do pedido
Unlink Payment on Cancellation of Invoice,Pagamento desvincular sobre o cancelamento da fatura
Unlink external integrations,Desvincular integrações externas
Unlinked,Desvinculado
Unpaid,Não remunerado
Unpaid and Discounted,Não remunerado e com desconto
Unplanned machine maintenance,Manutenção da máquina não planejada
Unqualified,Não qualificado
Unrealized Exchange Gain/Loss Account,Conta de ganho/perda de troca não realizada
Unrealized Profit / Loss Account,Conta de lucro / perda não realizada
Unrealized Profit / Loss account for intra-company transfers,Lucro / perda não realizado para transferências intra-companais
Unrealized Profit/Loss account for intra-company transfers,Lucro/perda não realizado para transferências intra-companais
Unreconcile Payment,Pagamento não -conciliado
Unreconcile Payment Entries,Entradas de pagamento não -conciliadas
Unreconcile Transaction,Transação não -conciliada
Unreconciled,Não -reconhecido
Unreconciled Amount,Quantidade não reconhecida
Unreconciled Entries,Entradas não -reconhecidas
Unreserve,UNSERVEVE
Unreserve Stock,Stock UNSERVEVE
Unreserve for Raw Materials,UNSERVEVE para matérias -primas
Unreserve for Sub-assembly,UNSERVEVE para a submontagem
Unreserving Stock...,Stock não merecido ...
Unresolved,Não resolvido
Unscheduled,Não programado
Unsecured Loans,Empréstimos não garantidos
Unset Matched Payment Request,Solicitação de pagamento não atendida
Unsigned,Não assinado
Unsubscribe from this Email Digest,Cancelar a inscrição deste resumo de e-mail
Unsubscribed,Cancelado
Until,Até
Unverified,Não verificado
Unverified Webhook Data,Dados não verificados da webhook
Up,Acima
Upcoming Calendar Events,Próximos eventos do calendário
Upcoming Calendar Events ,Próximos eventos do calendário
Update,Atualizar
Update Account Name / Number,Atualizar nome / número da conta
Update Account Number / Name,Atualizar número da conta / nome
Update Additional Information,Atualizar informações adicionais
Update Auto Repeat Reference,Atualizar referência de repetição automática
Update BOM Cost Automatically,Atualize o custo da BOM automaticamente
"Update BOM cost automatically via scheduler, based on the latest Valuation Rate/Price List Rate/Last Purchase Rate of raw materials","Atualize o custo da BOM automaticamente via agendador, com base na taxa de avaliação mais recente/taxa de lista de preços/última taxa de compra de matérias -primas"
Update Billed Amount in Delivery Note,Atualizar valor faturado na nota de entrega
Update Billed Amount in Purchase Order,Atualizar valor faturado no pedido de compra
Update Billed Amount in Purchase Receipt,Atualizar valor faturado no recibo de compra
Update Billed Amount in Sales Order,Atualizar valor faturado em ordem de vendas
Update Clearance Date,Atualizar data de liberação
Update Consumed Material Cost In Project,Atualização consumiu o custo de material no projeto
Update Cost,Custo de atualização
Update Cost Center Name / Number,Nome / número do centro de custo de atualização
Update Current Stock,Atualize o stock atual
Update Existing Price List Rate,Atualizar a taxa de lista de preços existente
Update Existing Records,Atualizar registros existentes
Update Items,Atualizar itens
Update Outstanding for Self,Atualize excelente para si mesmo
Update Price List Based On,Atualizar lista de preços com base em
Update Print Format,Atualize o formato de impressão
Update Rate and Availability,Taxa de atualização e disponibilidade
Update Rate as per Last Purchase,Taxa de atualização conforme a última compra
Update Stock,Atualizar o stock
Update Total Purchase Cost,Atualizar custo de compra total
Update Type,Tipo de atualização
Update frequency of Project,Atualizar a frequência do projeto
Update latest price in all BOMs,Atualizar o preço mais recente em todos os BOMs
Update stock must be enabled for the purchase invoice {0},O stock de atualização deve estar ativado para a fatura de compra {0}
Update the modified timestamp on new communications received in Lead & Opportunity.,Atualize o registro de data e hora modificado em novas comunicações recebidas no Lead & Opportunity.
Update timestamp on new communication,Atualize o registro de data e hora em uma nova comunicação
Updated successfully,Atualizado com sucesso
Updated via 'Time Log' (In Minutes),Atualizado via 'Time Log' (em minutos)
Updating Variants...,Atualizando variantes ...
Updating Work Order status,Atualizando o status da ordem de serviço
"Updating {0} of {1}, {2}","Atualização {0} de {1}, {2}"
Upload Bank Statement,Carregue o extrato bancário
Upload XML Invoices,Carregue as faturas XML
"Upon submission of the Sales Order, Work Order, or Production Plan, the system will automatically reserve the stock.","Após o envio da ordem de vendas, ordem de serviço ou plano de produção, o sistema reservará automaticamente as ações."
Upper Income,Renda superior
Urgent,Urgente
Url,Url
Use 'Repost in background' button to trigger background job. Job can only be triggered when document is in Queued or Failed status.,Use o botão 'Repost no plano de fundo' para acionar o trabalho de fundo. O trabalho só pode ser acionado quando o documento estiver em fila ou com falha.
Use Batch-wise Valuation,Use avaliação em lote
Use Company Default Round Off Cost Center,Use o centro de custo de redonda padrão da empresa
Use Company default Cost Center for Round off,Use o centro de custo padrão da empresa para arredondar
Use Google Maps Direction API to calculate estimated arrival times,Use a API de direção do Google Maps para calcular os tempos de chegada estimados
Use Google Maps Direction API to optimize route,Use a API de direção do Google Maps para otimizar a rota
Use HTTP Protocol,Use o protocolo HTTP
Use Item based reposting,Use reposicionamento baseado em itens
Use Multi-Level BOM,Use BOM de vários níveis
Use Sales Invoice,Use a fatura de vendas
Use Serial / Batch Fields,Use campos de série / lote
Use Serial No / Batch Fields,Use campos de no / lote serial
Use Server Side Reactivity,Use a reatividade lateral do servidor
Use Transaction Date Exchange Rate,Use a taxa de câmbio de data da transação
Use a name that is different from previous project name,Use um nome diferente do nome do projeto anterior
Use for Shopping Cart,Use para carrinho de compras
Used,Usado
Used for Production Plan,Usado para plano de produção
User,Usuário
User Details,Detalhes do usuário
User Forum,Fórum do usuário
User ID,ID do usuário
User ID not set for Employee {0},ID do usuário não definido para funcionário {0}
User Remark,Observação do usuário
User Resolution Time,Tempo de resolução do usuário
User Settings,Configurações do usuário
User has not applied rule on the invoice {0},O usuário não aplicou a regra na fatura {0}
User {0} does not exist,Usuário {0} não existe
User {0} doesn't have any default POS Profile. Check Default at Row {1} for this User.,Usuário {0} não possui nenhum perfil de POS padrão. Verifique o padrão na linha {1} para este usuário.
User {0} is already assigned to Employee {1},Usuário {0} já está atribuído ao funcionário {1}
User {0} is disabled,Usuário {0} está desativado
User {0}: Removed Employee Self Service role as there is no mapped employee.,"Usuário {0}: Removeu a função de auto -serviço do funcionário, pois não há funcionário mapeado."
User {0}: Removed Employee role as there is no mapped employee.,"Usuário {0}: Remove a função do funcionário, pois não há funcionário mapeado."
User {} is disabled. Please select valid user/cashier,Usuário {} está desativado. Selecione Usuário/Caixa Válido
Users,Usuários
Users can consume raw materials and add semi-finished goods or final finished goods against the operation using job cards.,Os usuários podem consumir matérias-primas e adicionar produtos semi-acabados ou bens finais finais contra a operação usando cartões de trabalho.
Users can enable the checkbox If they want to adjust the incoming rate (set using purchase receipt) based on the purchase invoice rate.,Os usuários podem ativar a caixa de seleção se desejar ajustar a taxa de entrada (definida usando o recibo de compra) com base na taxa de fatura de compra.
Users with this role are allowed to over bill above the allowance percentage,Os usuários com essa função podem sobrecarregar acima da porcentagem de subsídio
Users with this role are allowed to over deliver/receive against orders above the allowance percentage,Os usuários com essa função podem entregar/receber contra pedidos acima da porcentagem de subsídio
Users with this role are allowed to set frozen accounts and create / modify accounting entries against frozen accounts,Os usuários com essa função podem definir contas congeladas e criar / modificar entradas contábeis contra contas congeladas
Using negative stock disables FIFO/Moving average valuation when inventory is negative.,O uso de stock negativo desativa a avaliação média/média móvel quando o inventário é negativo.
Utilities,Utilitários
Utility Expenses,Despesas de utilidade
VAT Accounts,Contas de IVA
VAT Amount (AED),VAT Valor (AED)
VAT Audit Report,Relatório de Auditoria do IVA
VAT on Expenses and All Other Inputs,IVA em despesas e todas as outras entradas
VAT on Sales and All Other Outputs,IVA sobre vendas e todos os outros resultados
Valid From,Válido de
Valid From date not in Fiscal Year {0},Válido a partir da data não no ano fiscal {0}
Valid From must be after {0} as last GL Entry against the cost center {1} posted on this date,Válido de deve estar depois {0} como última entrada GL contra o centro de custo {1} postado nesta data
Valid Till,Válido para
Valid Up To,Válido até
Valid Up To date cannot be before Valid From date,Válido até o momento não pode ser antes válido a partir da data
Valid Up To date not in Fiscal Year {0},Válido até agora não no ano fiscal {0}
Valid for Countries,Válido para países
Valid from and valid upto fields are mandatory for the cumulative,Válido e válido até os campos são obrigatórios para o cumulativo
Valid till Date cannot be before Transaction Date,Válido até a data não pode ser antes da data da transação
Valid till date cannot be before transaction date,Válido até a data não pode ser antes da data da transação
Validate Applied Rule,Validar regra aplicada
Validate Components and Quantities Per BOM,Validar componentes e quantidades por nascimento
Validate Negative Stock,Validar stock negativo
Validate Pricing Rule,Validar regra de preços
Validate Selling Price for Item Against Purchase Rate or Valuation Rate,Valide o preço de venda do item contra a taxa de compra ou a taxa de avaliação
Validate Stock on Save,Validar o stock em salvamento
Validity,Validade
Validity Details,Detalhes da validade
Validity and Usage,Validade e uso
Validity in Days,Validade em dias
Validity period of this quotation has ended.,O período de validade desta citação terminou.
Valuation,Avaliação
Valuation (I - K),Avaliação (I - K)
Valuation Field Type,Tipo de campo de avaliação
Valuation Method,Método de avaliação
Valuation Rate,Taxa de avaliação
Valuation Rate (In / Out),Taxa de avaliação (IN / OUT)
Valuation Rate Missing,Taxa de avaliação ausente
"Valuation Rate for the Item {0}, is required to do accounting entries for {1} {2}.",A taxa de avaliação para o item {0} é necessária para fazer entradas contábeis para {1} {2}.
Valuation Rate is mandatory if Opening Stock entered,A taxa de avaliação é obrigatória se o stock de abertura inserido
Valuation Rate required for Item {0} at row {1},Taxa de avaliação necessária para o item {0} na linha {1}
Valuation and Total,Avaliação e total
Valuation rate for customer provided items has been set to zero.,A taxa de avaliação para itens fornecidos pelo cliente foi definida como zero.
Valuation rate for the item as per Sales Invoice (Only for Internal Transfers),Taxa de avaliação para o item conforme a fatura de vendas (apenas para transferências internas)
Valuation type charges can not be marked as Inclusive,As cobranças do tipo de avaliação não podem ser marcadas como inclusivas
Valuation type charges can not marked as Inclusive,As cobranças do tipo de avaliação não podem ser marcadas como inclusivas
Value,Valor
Value (G - D),Valor (g - d)
Value ({0}),Valor ({0})
Value After Depreciation,Valor após depreciação
Value Based Inspection,Inspeção baseada em valor
Value Change,Mudança de valor
Value Details,Detalhes do valor
Value Or Qty,Valor ou qty
Value Proposition,Proposição de valor
Value as on,Valor como em
Value for Attribute {0} must be within the range of {1} to {2} in the increments of {3} for Item {4},O valor do atributo {0} deve estar dentro do intervalo de {1} a {2} nos incrementos de {3} para o item {4}
Value of Goods,Valor dos bens
Value of New Capitalized Asset,Valor de novo ativo capitalizado
Value of New Purchase,Valor de nova compra
Value of Scrapped Asset,Valor do ativo descartado
Value of Sold Asset,Valor do ativo vendido
Value of goods cannot be 0,O valor dos bens não pode ser 0
Value or Qty,Valor ou qty
Values Changed,Os valores foram alterados
Variable Name,Nome variável
Variables,Variáveis
Variance,Variação
Variance ({}),Variação ({})
Variant,Variante
Variant Attribute Error,Erro de atributo variante
Variant Attributes,Atributos variantes
Variant BOM,Variante Bom
Variant Based On,Variante baseada em
Variant Based On cannot be changed,A variante baseada em não pode ser alterada
Variant Details Report,Relatório de detalhes da variante
Variant Field,Campo variante
Variant Item,Item variante
Variant Items,Itens variantes
Variant Of,Variante de
Variant creation has been queued.,A criação variante foi na fila.
Variants,Variantes
Vehicle,Veículo
Vehicle Date,Data do veículo
Vehicle No,Veículo não
Vehicle Number,Número do veículo
Vehicle Value,Valor do veículo
Vendor Name,Nome do fornecedor
Verification failed please check the link,"Falha na verificação, verifique o link"
Verified By,Verificado por
Verify Email,Verifique o email
Version,Versão
Via Customer Portal,Via portal do cliente
Via Landed Cost Voucher,Via comprovante de custo de importação
Video,Vídeo
Video Settings,Configurações de vídeo
View,Visualizar
View BOM Update Log,Visualize o log de atualização BOM
View Chart of Accounts,Exibir o gráfico de contas
View Exchange Gain/Loss Journals,Ver revistas de ganho/perda de troca
View General Ledger,Ver general Ledger
View Leads,Ver leads
View Ledger,Ver Ledger
View Ledgers,Ver Ledgers
View Now,Ver agora
View Type,Exibir tipo
View Website,Veja o site
View attachments,Ver anexos
View call log,Exibir log de chamadas
Views,Visualizações
Vimeo,Vimeo
Visit the forums,Visite os fóruns
Visited,Visitado
Visual Plant Floor,Piso visual da planta
Voice,Voz
Voice Call Settings,Configurações de chamada de voz
Voucher,VIOCHER
Voucher #,VIOCHER #
Voucher Detail No,Detalhe do voucher no
Voucher Detail Reference,Referência de detalhes do voucher
Voucher Name,Nome do voucher
Voucher No,VIOCHER NO
Voucher No is mandatory,O voucher não é obrigatório
Voucher Qty,Centro de voucher
Voucher Subtype,Subtipo de voucher
Voucher Type,Tipo de voucher
Voucher {0} is over-allocated by {1},O voucher {0} é ampliado por {1}
Voucher-wise Balance,Equilíbrio em voucher
Vouchers,VIOS
"WARNING: Exotel app has been separated from ERPNext, please install the app to continue using Exotel integration.","Aviso: o aplicativo Exotel foi separado do ERPNext, instale o aplicativo para continuar usando a integração do EXOTEL."
WIP Composite Asset,Ativo composto de limpeza
WIP WH,WIP WH
WIP Warehouse,WIP Warehouse
Wages,Remunerações
Wages per hour,Salários por hora
Waiting for payment...,Esperando pelo pagamento ...
Warehouse,Armazém
Warehouse Capacity Summary,Resumo da capacidade do armazém
Warehouse Capacity for Item '{0}' must be greater than the existing stock level of {1} {2}.,A capacidade do armazém para o item '{0}' deve ser maior que o nível de stock existente de {1} {2}.
Warehouse Contact Info,Informações de contato do armazém
Warehouse Detail,Detalhes do armazém
Warehouse Details,Detalhes do armazém
Warehouse Disabled?,Armazém desativado?
Warehouse Name,Nome do armazém
Warehouse Settings,Configurações do armazém
Warehouse Type,Tipo de armazém
Warehouse Wise Stock Balance,Balanço de stock sábio de armazém
Warehouse and Reference,Armazém e referência
Warehouse can not be deleted as stock ledger entry exists for this warehouse.,"O armazém não pode ser excluído, pois existe uma entrada de contabilidade para este armazém."
Warehouse cannot be changed for Serial No.,O armazém não pode ser alterado para o número de série
Warehouse is mandatory,Armazém é obrigatório
Warehouse not found against the account {0},Armazém não encontrado em relação à conta {0}
Warehouse not found in the system,Armazém não encontrado no sistema
Warehouse required for stock Item {0},Armazém necessário para o item de stock {0}
Warehouse wise Item Balance Age and Value,Balanço de itens e valor do Item Sábio
Warehouse {0} can not be deleted as quantity exists for Item {1},"Warehouse {0} não pode ser excluído, pois a quantidade existe para o item {1}"
Warehouse {0} does not belong to Company {1}.,Warehouse {0} não pertence à empresa {1}.
Warehouse {0} does not belong to company {1},Warehouse {0} não pertence à empresa {1}
"Warehouse {0} is not allowed for Sales Order {1}, it should be {2}","Warehouse {0} não é permitido para a ordem de vendas {1}, deve ser {2}"
"Warehouse {0} is not linked to any account, please mention the account in the warehouse record or set default inventory account in company {1}.","O Warehouse {0} não está vinculado a nenhuma conta, mencione a conta no registro do armazém ou defina uma conta de inventário padrão na empresa {1}."
Warehouse's Stock Value has already been booked in the following accounts:,O valor das ações do Warehouse já foi reservado nas seguintes contas:
Warehouse: {0} does not belong to {1},Armazém: {0} não pertence a {1}
Warehouses,Armazéns
Warehouses with child nodes cannot be converted to ledger,Armazéns com nós filhos não podem ser convertidos em razão
Warehouses with existing transaction can not be converted to group.,Armazéns com transação existente não podem ser convertidos em grupo.
Warehouses with existing transaction can not be converted to ledger.,Armazéns com transação existente não podem ser convertidos em razão.
Warn,Avisar
Warn POs,Avisar pos
Warn Purchase Orders,Avisar os pedidos de compra
Warn RFQs,Avise os RFQs
Warn for new Purchase Orders,Avisar por novos pedidos de compra
Warn for new Request for Quotations,Avisar para o novo pedido de citações
Warning,Aviso
Warning - Row {0}: Billing Hours are more than Actual Hours,Aviso - Linha {0}: As horas de cobrança são mais do que as horas reais
Warning : Cost of Goods Sold Account,AVISO: Custo dos bens vendidos por conta
Warning on Negative Stock,Aviso sobre o stock negativo
Warning!,Aviso!
Warning: Another {0} # {1} exists against stock entry {2},Aviso: outro {0} # {1} existe contra a entrada de stock {2}
Warning: Material Requested Qty is less than Minimum Order Qty,Aviso: o material solicitado material é menor que o pedido mínimo de Qtdy
Warning: Sales Order {0} already exists against Customer's Purchase Order {1},Aviso: Ordem de vendas {0} já existe contra o pedido de compra do cliente {1}
Warranty / AMC Details,Garantia / AMC Detalhes
Warranty / AMC Status,Garantia / status AMC
Warranty Claim,Reivindicação de garantia
Warranty Expiry Date,Data de vencimento da garantia
Warranty Period (Days),Período de garantia (dias)
Warranty Period (in days),Período de garantia (em dias)
Watch Video,Assista ao vídeo
We're here to help!,Estamos aqui para ajudar!
Website,Site
Website Attribute,Atributo do site
Website Description,Descrição do site
Website Filter Field,Campo de filtro do site
Website Image,Imagem do site
Website Item Group,Grupo de itens do site
Website Manager,Gerente de sites
Website Specifications,Especificações do site
Wednesday,Quarta-feira
Week,Semana
Week {0} {1},Semana {0} {1}
Weekday,Dia da semana
Weekly,Semanalmente
Weekly Off,Semanalmente
Weekly Time to send,Hora semanal para enviar
Weight,Peso
Weight (kg),Peso (kg)
Weight Per Unit,Peso por unidade
Weight UOM,Peso uom
Weighting Function,Função de ponderação
Welcome email sent,E -mail de boas-vindas enviado
Welcome to {0},Bem -vindo a {0}
What do you need help with?,Com o que você precisa de ajuda?
WhatsApp,Whatsapp
Wheels,Rodas
"When a parent warehouse is chosen, the system conducts Project Qty checks against the associated child warehouses","Quando um armazém dos pais é escolhido, o sistema realiza verificações de Qty do projeto contra os armazéns infantis associados"
"When creating an Item, entering a value for this field will automatically create an Item Price at the backend.","Ao criar um item, inserir um valor para este campo criará automaticamente um preço de item no back -end."
"While creating account for Child Company {0}, parent account {1} found as a ledger account.","Ao criar uma conta para a empresa infantil {0}, a conta pai {1} encontrada como uma conta contábil."
"While creating account for Child Company {0}, parent account {1} not found. Please create the parent account in corresponding COA","Ao criar uma conta para a empresa infantil {0}, a conta pai {1} não encontrada. Crie a conta pai no COA correspondente"
"While making Purchase Invoice from Purchase Order, use Exchange Rate on Invoice's transaction date rather than inheriting it from Purchase Order. Only applies for Purchase Invoice.","Ao fazer a fatura de compra do pedido de compra, use a taxa de câmbio na data da transação da fatura, em vez de herdá -la do pedido de compra. Aplica -se apenas para fatura de compra."
White,Branco
Widowed,Viúva
Width (cm),Largura (cm)
Width of amount in word,Largura da quantidade em palavra
Will also apply for variants,Também se candidatará a variantes
Will also apply for variants unless overridden,"Também se candidatará a variantes, a menos que seja substituído"
Wire Transfer,Transferência bancária
With Operations,Com operações
With Period Closing Entry For Opening Balances,Com a entrada de fechamento do período para saldos de abertura
Withdrawal,Cancelamento
Work Done,Trabalho feito
Work In Progress,Trabalho em andamento
Work In Progress Warehouse,Trabalho em andamento Warehouse
Work Order,Ordem de serviço
Work Order / Subcontract PO,Ordem de trabalho / subcontrato PO
Work Order Analysis,Análise de ordem de serviço
Work Order Consumed Materials,Ordem de serviço consumido materiais
Work Order Item,Item de ordem de serviço
Work Order Operation,Operação de ordem de serviço
Work Order Qty,Qtdy de ordem de serviço
Work Order Qty Analysis,Análise de Qtdy de Ordem de Serviço
Work Order Stock Report,Relatório de ações da ordem de serviço
Work Order Summary,Resumo da ordem de serviço
Work Order cannot be created for following reason: <br> {0},A ordem de serviço não pode ser criada para o seguinte motivo: <br> {0}
Work Order cannot be raised against a Item Template,A ordem de serviço não pode ser levantada contra um modelo de item
Work Order has been {0},A ordem de serviço foi {0}
Work Order not created,Ordem de serviço não criada
Work Order {0}: Job Card not found for the operation {1},Ordem de trabalho {0}: cartão de trabalho não encontrado para a operação {1}
Work Orders,Ordens de trabalho
Work Orders Created: {0},Ordens de trabalho criadas: {0}
Work Orders in Progress,Ordens de trabalho em andamento
Work in Progress,Trabalho em andamento
Work-in-Progress Warehouse,Armazém de trabalho em andamento
Work-in-Progress Warehouse is required before Submit,O armazém de trabalho em andamento é necessário antes de enviar
Workday,Dia de trabalho
Workday {0} has been repeated.,Dia de trabalho {0} foi repetido.
Working,Trabalhando
Working Hours,Horas de trabalho
Workspace Settings,Configurações do espaço de trabalho
Workstation,Estação de trabalho
Workstation / Machine,Estação de trabalho / máquina
Workstation Dashboard,Painel de estação de trabalho
Workstation Name,Nome da estação de trabalho
Workstation Status,Status da estação de trabalho
Workstation Type,Tipo de estação de trabalho
Workstation Working Hour,Hora de trabalho da estação de trabalho
Workstation is closed on the following dates as per Holiday List: {0},"A estação de trabalho está fechada nas seguintes datas, conforme a lista de férias: {0}"
Workstations,Estações de trabalho
Wrapping up,Embrulhando
Write Off,Eliminar
Write Off Account,Escreva conta
Write Off Amount,Valor de escreva
Write Off Amount (Company Currency),Valor de escreva (moeda da empresa)
Write Off Based On,Escrever com base em
Write Off Cost Center,Centro de custo de escreva
Write Off Difference Amount,Reduzir a quantidade de diferença
Write Off Entry,Escreva a entrada
Write Off Limit,Limite de escreva
Write Off Outstanding Amount,Reduzir uma quantia pendente
Writeoff,Eliminar
Written Down Value,Valor escrito
Wrong Company,Empresa errada
Wrong Password,Senha errada
Wrong Template,Modelo errado
XML Files Processed,Arquivos XML processados
Year End Date,Data de término do ano
Year Name,Nome do ano
Year Start Date,Data de início do ano
Year of Passing,Ano de passagem
Year start date or end date is overlapping with {0}. To avoid please set company,"A data de início do ano ou a data de término está sobreposta a {0}. Para evitar, por favor, defina a empresa"
Yearly,Anual
Yellow,Amarelo
You are importing data for the code list:,Você está importando dados para a lista de códigos:
You are not allowed to update as per the conditions set in {} Workflow.,Você não tem permissão para atualizar conforme as condições definidas no {} fluxo de trabalho.
You are not authorized to add or update entries before {0},Você não está autorizado a adicionar ou atualizar entradas antes {0}
You are not authorized to make/edit Stock Transactions for Item {0} under warehouse {1} before this time.,Você não está autorizado a fazer/editar transações de stock para o item {0} em Warehouse {1} antes desse período.
You are not authorized to set Frozen value,Você não está autorizado a definir valor congelado
You are picking more than required quantity for the item {0}. Check if there is any other pick list created for the sales order {1}.,Você está escolhendo mais do que a quantidade necessária para o item {0}. Verifique se existe outra lista de escolhas criada para o pedido de vendas {1}.
You can add the original invoice {} manually to proceed.,Você pode adicionar a fatura original {} para prosseguir manualmente.
You can also copy-paste this link in your browser,Você também pode copiar colas este link em seu navegador
You can also set default CWIP account in Company {},Você também pode definir a conta CWIP padrão na Companhia {}
You can change the parent account to a Balance Sheet account or select a different account.,Você pode alterar a conta pai para uma conta de balanço ou selecionar uma conta diferente.
You can not enter current voucher in 'Against Journal Entry' column,Você não pode inserir o voucher atual em 'contra a coluna do diário de entrada'
You can only have Plans with the same billing cycle in a Subscription,Você só pode ter planos com o mesmo ciclo de cobrança em uma assinatura
You can only redeem max {0} points in this order.,Você só pode resgatar os pontos max {0} nesta ordem.
You can only select one mode of payment as default,Você só pode selecionar um modo de pagamento como padrão
You can redeem upto {0}.,Você pode resgatar até {0}.
"You can set it as a machine name or operation type. For example, stiching machine 12","Você pode defini -lo como um nome de máquina ou tipo de operação. Por exemplo, Stiching Machine 12"
You can't make any changes to Job Card since Work Order is closed.,"Você não pode fazer alterações no cartão de trabalho, pois a ordem de serviço está fechada."
You can't process the serial number {0} as it has already been used in the SABB {1}. {2} if you want to inward same serial number multiple times then enabled 'Allow existing Serial No to be Manufactured/Received again' in the {3},"Você não pode processar o número de série {0} como já foi usado no Sabb {1}. {2} Se você deseja interno o mesmo número de série várias vezes, ativado 'Permitir que a série não seja fabricada/recebida novamente' no {3}"
You can't redeem Loyalty Points having more value than the Rounded Total.,Você não pode resgatar pontos de fidelidade com mais valor do que o total arredondado.
You cannot change the rate if BOM is mentioned against any Item.,Você não pode alterar a taxa se a BOM for mencionada em relação a qualquer item.
You cannot create a {0} within the closed Accounting Period {1},Você não pode criar um {0} dentro do período contábil fechado {1}
You cannot create or cancel any accounting entries with in the closed Accounting Period {0},Você não pode criar ou cancelar quaisquer entradas contábeis no período contábil fechado {0}
You cannot create/amend any accounting entries till this date.,Você não pode criar/alterar as entradas contábeis até esta data.
You cannot credit and debit same account at the same time,Você não pode creditar e debitar a mesma conta ao mesmo tempo
You cannot delete Project Type 'External',Você não pode excluir o tipo de projeto 'externo'
You cannot edit root node.,Você não pode editar o nó raiz.
You cannot redeem more than {0}.,Você não pode resgatar mais do que {0}.
You cannot repost item valuation before {},Você não pode repassar a avaliação do item antes {}
You cannot restart a Subscription that is not cancelled.,Você não pode reiniciar uma assinatura que não é cancelada.
You cannot submit empty order.,Você não pode enviar um pedido vazio.
You cannot submit the order without payment.,Você não pode enviar o pedido sem pagamento.
You cannot {0} this document because another Period Closing Entry {1} exists after {2},Você não pode {0} este documento porque outro período de fechamento de encerramento {1} existe após {2}
You do not have permissions to {} items in a {}.,Você não tem permissões para {} itens em um {}.
You don't have enough Loyalty Points to redeem,Você não tem pontos de lealdade suficientes para resgatar
You don't have enough points to redeem.,Você não tem pontos suficientes para resgatar.
You had {} errors while creating opening invoices. Check {} for more details,Você teve erros {} ao criar faturas de abertura. Verifique {} para mais detalhes
You have already selected items from {0} {1},Você já selecionou itens de {0} {1}
You have been invited to collaborate on the project {0}.,Você foi convidado a colaborar no projeto {0}.
You have entered a duplicate Delivery Note on Row,Você inseriu uma nota de entrega duplicada na linha
You have to enable auto re-order in Stock Settings to maintain re-order levels.,Você deve ativar a reordenação automática nas configurações de stock para manter os níveis de reordenação.
You haven't created a {0} yet,Você não criou um {0} ainda
You must add atleast one item to save it as draft.,Você deve adicionar pelo menos um item para salvá -lo como rascunho.
You must select a customer before adding an item.,Você deve selecionar um cliente antes de adicionar um item.
You need to cancel POS Closing Entry {} to be able to cancel this document.,Você precisa cancelar a entrada de fechamento de POS {} para poder cancelar este documento.
You selected the account group {1} as {2} Account in row {0}. Please select a single account.,Você selecionou o grupo de conta {1} como {2} conta na linha {0}. Selecione uma única conta.
YouTube,YouTube
YouTube Interactions,Interações do YouTube
Your Name (required),Seu nome (necessário)
Your email address...,Seu endereço de email...
Your email has been verified and your appointment has been scheduled,Seu e-mail foi verificado e sua consulta foi agendada
Your order is out for delivery!,Seu pedido está disponível para entrega!
Your tickets,Seus tickets
Youtube ID,ID do YouTube
Youtube Statistics,Estatísticas do YouTube
ZIP Code,CEP
Zero Balance,Balanço zero
Zero Rated,Zero avaliado
Zero quantity,Quantidade zero
Zip File,Arquivo zip
[Important] [ERPNext] Auto Reorder Errors,[IMPORTANTE] [ERPNEXT] erros de reordenação automática
`Allow Negative rates for Items`,`Permitir taxas negativas para itens '
access,acesso
after,depois
and,e
as Code,como código
as Description,como descrição
as Title,como título
as a percentage of finished item quantity,como uma porcentagem de quantidade de item acabado
at,no
based_on,baseado em
by {},por {}
cannot be greater than 100,não pode ser maior que 100
color,cor
dated {0},datado {0}
description,descrição
development,desenvolvimento
discount applied,desconto aplicado
doc_type,doc_type
doctype,Doctype
"e.g. ""Summer Holiday 2019 Offer 20""","por exemplo ""Holida de verão 2019 Oferta 20"""
example: Next Day Shipping,Exemplo: envio no dia seguinte
exchangerate.host,trocangeate.host
fieldname,FieldName
frankfurter.app,Frankfurter.app
hidden,escondido
hours,horas
image,imagem
is already,já é
lft,LFT
material_request_item,material_request_item
must be between 0 and 100,deve estar entre 0 e 100
old_parent,Old_parent
on,sobre
or its descendants,ou seus descendentes
out of 5,fora de 5
paid to,pago a
payments app is not installed. Please install it from {0} or {1},O aplicativo de pagamentos não está instalado. Instale -o de {0} ou {1}
payments app is not installed. Please install it from {} or {},"O aplicativo de pagamentos não está instalado. Por favor, instale -o de {} ou {}"
per hour,por hora
performing either one below:,executando qualquer um deles abaixo:
product bundle item row's name in sales order. Also indicates that picked item is to be used for a product bundle,Pacote de produtos Nome do item da linha em ordem de vendas. Também indica que o item escolhido deve ser usado para um pacote de produtos
production,produção
quotation_item,citação_item
ratings,Classificações
received from,recebido de
returned,retornou
rgt,Rgt
sandbox,Sandbox
sold,vendido
subscription is already cancelled.,A assinatura já foi cancelada.
target_ref_field,Target_ref_field
temporary name,nome temporário
title,título
to,para
to unallocate the amount of this Return Invoice before cancelling it.,Para desalocar o valor dessa fatura de retorno antes de cancelá -la.
unique e.g. SAVE20  To be used to get discount,"Único, por exemplo Save20 para ser usado para obter desconto"
variance,variação
via Asset Repair,via reparo de ativos
via BOM Update Tool,via ferramenta de atualização BOM
will be,vai ser
you must select Capital Work in Progress Account in accounts table,você deve selecionar a conta de trabalho em andamento na tabela de contas
{0},{0}
{0} '{1}' is disabled,{0} '{1}' está desativado
{0} '{1}' not in Fiscal Year {2},{0} '{1}' não no ano fiscal {2}
{0} ({1}) cannot be greater than planned quantity ({2}) in Work Order {3},{0} ({1}) não pode ser maior que a quantidade planejada ({2}) na ordem de serviço {3}
{0} <b>{1}</b> has submitted Assets. Remove Item <b>{2}</b> from table to continue.,{0} <b> {1} </b> enviou ativos enviados. Remova o item <b> {2} </b> da tabela para continuar.
{0} Account not found against Customer {1}.,{0} conta não encontrada contra o cliente {1}.
{0} Account: {1} ({2}) must be in either customer billing currency: {3} or Company default currency: {4},{0} conta: {1} ({2}) deve estar na moeda de cobrança do cliente: {3} ou a moeda padrão da empresa: {4}
{0} Budget for Account {1} against {2} {3} is {4}. It {5} exceed by {6},{0} orçamento para a conta {1} contra {2} {3} é {4}. Ele {5} excede por {6}
{0} Coupon used are {1}. Allowed quantity is exhausted,{0} cupom usado são {1}. A quantidade permitida está esgotada
{0} Digest,{0} Digest
{0} Number {1} is already used in {2} {3},{0} número {1} já está usado em {2} {3}
{0} Operations: {1},{0} operações: {1}
{0} Request for {1},{0} solicitação para {1}
"{0} Retain Sample is based on batch, please check Has Batch No to retain sample of item","{0} reter a amostra é baseada no lote, verifique se tem lote não para reter amostra de item"
{0} Transaction(s) Reconciled,{0} transações reconciliadas
{0} account is not of type {1},{0} conta não é do tipo {1}
{0} account not found while submitting purchase receipt,{0} conta não encontrada durante o envio de recibo de compra
{0} against Bill {1} dated {2},{0} contra a conta {1} datada {2}
{0} against Purchase Order {1},{0} contra o pedido de compra {1}
{0} against Sales Invoice {1},{0} contra a fatura de vendas {1}
{0} against Sales Order {1},{0} contra a ordem de vendas {1}
{0} already has a Parent Procedure {1}.,{0} já possui um procedimento pai {1}.
{0} and {1} are mandatory,{0} e {1} são obrigatórios
{0} asset cannot be transferred,{0} ativo não pode ser transferido
{0} can be enabled/disabled after all the POS Opening Entries are closed.,{0} pode ser ativado/desativado depois que todas as entradas de abertura do POS forem fechadas.
{0} can not be negative,{0} não pode ser negativo
{0} cannot be used as a Main Cost Center because it has been used as child in Cost Center Allocation {1},{0} não pode ser usado como um centro de custo principal porque foi usado como criança na alocação do centro de custo {1}
{0} cannot be zero,{0} não pode ser zero
{0} created,{0} criado
{0} currency must be same as company's default currency. Please select another account.,{0} A moeda deve ser a mesma que a moeda padrão da empresa. Selecione outra conta.
"{0} currently has a {1} Supplier Scorecard standing, and Purchase Orders to this supplier should be issued with caution.","{0} atualmente possui um scorecard {1} em pé de scorecard, e os pedidos de compra a este fornecedor devem receber cautela."
"{0} currently has a {1} Supplier Scorecard standing, and RFQs to this supplier should be issued with caution.","{0} atualmente possui um scorecard {1} em pé de scorecard, e os RFQs para este fornecedor devem receber cautela."
{0} does not belong to Company {1},{0} não pertence à empresa {1}
{0} entered twice in Item Tax,{0} inserido duas vezes no imposto sobre o item
{0} entered twice {1} in Item Taxes,{0} digitado duas vezes {1} nos impostos dos itens
{0} for {1},{0} para {1}
{0} has Payment Term based allocation enabled. Select a Payment Term for Row #{1} in Payment References section,{0} possui alocação baseada no prazo de pagamento ativada. Selecione um termo de pagamento para a linha #{1} na seção Referências de pagamento
{0} has been submitted successfully,{0} foi enviado com sucesso
{0} hours,{0} horas
{0} in row {1},{0} na linha {1}
{0} is a mandatory Accounting Dimension. <br>Please set a value for {0} in Accounting Dimensions section.,{0} é uma dimensão contábil obrigatória. <br> Defina um valor para {0} na seção Dimensões contábeis.
{0} is added multiple times on rows: {1},{0} é adicionado várias vezes nas linhas: {1}
{0} is already running for {1},{0} já está em execução para {1}
{0} is blocked so this transaction cannot proceed,{0} está bloqueado para que essa transação não possa prosseguir
{0} is mandatory for Item {1},{0} é obrigatório para o item {1}
{0} is mandatory for account {1},{0} é obrigatório para a conta {1}
{0} is mandatory. Maybe Currency Exchange record is not created for {1} to {2},{0} é obrigatório. Talvez o registro de troca de moeda não seja criado para {1} para {2}
{0} is mandatory. Maybe Currency Exchange record is not created for {1} to {2}.,{0} é obrigatório. Talvez o registro de troca de moeda não seja criado para {1} para {2}.
{0} is not a company bank account,{0} não é uma conta bancária da empresa
{0} is not a group node. Please select a group node as parent cost center,{0} não é um nó de grupo. Selecione um nó de grupo como centro de custo dos pais
{0} is not a stock Item,{0} não é um item de stock
{0} is not a valid Value for Attribute {1} of Item {2}.,{0} não é um valor válido para o atributo {1} do item {2}.
{0} is not added in the table,{0} não é adicionado na tabela
{0} is not enabled in {1},{0} não está ativado em {1}
{0} is not running. Cannot trigger events for this Document,{0} não está em execução. Não pode desencadear eventos para este documento
{0} is not the default supplier for any items.,{0} não é o fornecedor padrão para quaisquer itens.
{0} is on hold till {1},{0} está em espera até {1}
{0} items in progress,{0} itens em andamento
{0} items lost during process.,{0} itens perdidos durante o processo.
{0} items produced,{0} itens produzidos
{0} must be negative in return document,{0} deve ser negativo no documento de retorno
{0} not allowed to transact with {1}. Please change the Company or add the Company in the 'Allowed To Transact With'-Section in the Customer record.,{0} não é permitido transações com {1}. Altere a empresa ou adicione a empresa na seção 'permissão para transações com a seção' no registro do cliente.
{0} not found for item {1},{0} não encontrado para o item {1}
{0} parameter is invalid,{0} O parâmetro é inválido
{0} payment entries can not be filtered by {1},{0} entradas de pagamento não podem ser filtradas por {1}
{0} qty of Item {1} is being received into Warehouse {2} with capacity {3}.,{0} Qty do item {1} está sendo recebido no armazém {2} com capacidade {3}.
{0} to {1},{0} para {1}
"{0} units are reserved for Item {1} in Warehouse {2}, please un-reserve the same to {3} the Stock Reconciliation.","{0} As unidades são reservadas para o item {1} no armazém {2}, por favor, revereva o mesmo para {3} a reconciliação de stock."
{0} units of Item {1} is not available in any of the warehouses.,{0} unidades do item {1} não estão disponíveis em nenhum dos armazéns.
{0} units of Item {1} is picked in another Pick List.,{0} unidades do item {1} são colhidas em outra lista de escolhas.
{0} units of {1} are required in {2} with the inventory dimension: {3} ({4}) on {5} {6} for {7} to complete the transaction.,{0} unidades de {1} são necessárias em {2} com a dimensão do inventário: {3} ({4}) em {5} {6} para {7} para concluir a transação.
{0} units of {1} needed in {2} on {3} {4} for {5} to complete this transaction.,{0} unidades de {1} necessária em {2} em {3} {4} para {5} para concluir esta transação.
{0} units of {1} needed in {2} on {3} {4} to complete this transaction.,{0} unidades de {1} necessária em {2} em {3} {4} para concluir esta transação.
{0} units of {1} needed in {2} to complete this transaction.,{0} unidades de {1} necessária em {2} para concluir esta transação.
{0} until {1},{0} até {1}
{0} valid serial nos for Item {1},{0} NOS serial válida para o item {1}
{0} variants created.,{0} variantes criadas.
{0} will be given as discount.,{0} será dado como desconto.
{0} {1},{0} {1}
{0} {1} Manually,{0} {1} manualmente
{0} {1} Partially Reconciled,{0} {1} parcialmente reconciliado
"{0} {1} cannot be updated. If you need to make changes, we recommend canceling the existing entry and creating a new one.","{0} {1} não pode ser atualizado. Se você precisar fazer alterações, recomendamos o cancelamento da entrada existente e a criação de uma nova."
{0} {1} created,{0} {1} criado
{0} {1} does not exist,{0} {1} não existe
{0} {1} has accounting entries in currency {2} for company {3}. Please select a receivable or payable account with currency {2}.,{0} {1} possui entradas contábeis na moeda {2} para a empresa {3}. Selecione uma conta a receber ou a pagar com moeda {2}.
{0} {1} has already been fully paid.,{0} {1} já foi totalmente pago.
{0} {1} has already been partly paid. Please use the 'Get Outstanding Invoice' or the 'Get Outstanding Orders' button to get the latest outstanding amounts.,"{0} {1} já foi pago parcialmente. Por favor, use a fatura 'obtenha excelente' ou o botão 'Obtenha pedidos pendentes' para obter os valores mais recentes."
{0} {1} has been modified. Please refresh.,"{0} {1} foi modificado. Por favor, atualize."
{0} {1} has not been submitted so the action cannot be completed,"{0} {1} não foi enviado, portanto a ação não pode ser concluída"
{0} {1} is allocated twice in this Bank Transaction,{0} {1} é alocado duas vezes nesta transação bancária
{0} {1} is already linked to Common Code {2}.,{0} {1} já está vinculado ao código comum {2}.
"{0} {1} is associated with {2}, but Party Account is {3}","{0} {1} está associado a {2}, mas a conta do partido é {3}"
{0} {1} is cancelled or closed,{0} {1} é cancelado ou fechado
{0} {1} is cancelled or stopped,{0} {1} é cancelado ou parado
{0} {1} is cancelled so the action cannot be completed,{0} {1} é cancelado para que a ação não possa ser concluída
{0} {1} is closed,{0} {1} está fechado
{0} {1} is disabled,{0} {1} está desativado
{0} {1} is frozen,{0} {1} está congelado
{0} {1} is fully billed,{0} {1} está totalmente cobrado
{0} {1} is not active,{0} {1} não está ativo
{0} {1} is not associated with {2} {3},{0} {1} não está associado a {2} {3}
{0} {1} is not in any active Fiscal Year,{0} {1} não está em nenhum ano fiscal ativo
{0} {1} is not submitted,{0} {1} não é enviado
{0} {1} is on hold,{0} {1} está em espera
{0} {1} must be submitted,{0} {1} deve ser enviado
{0} {1} not allowed to be reposted. Modify {2} to enable reposting.,{0} {1} não tem permissão para ser reposnsada. Modifique {2} para ativar a reposição.
{0} {1} status is {2},{0} {1} O status é {2}
{0} {1} via CSV File,{0} {1} via arquivo CSV
{0} {1}: 'Profit and Loss' type account {2} not allowed in Opening Entry,{0} {1}: 'Lucro e perda' Conta do tipo {2} não permitido na abertura de entrada
{0} {1}: Account {2} does not belong to Company {3},{0} {1}: conta {2} não pertence à empresa {3}
{0} {1}: Account {2} is a Group Account and group accounts cannot be used in transactions,{0} {1}: conta {2} é uma conta de grupo e contas de grupo não podem ser usadas nas transações
{0} {1}: Account {2} is inactive,{0} {1}: conta {2} está inativa
{0} {1}: Accounting Entry for {2} can only be made in currency: {3},{0} {1}: a entrada contábil para {2} só pode ser feita na moeda: {3}
{0} {1}: Cost Center is mandatory for Item {2},{0} {1}: o centro de custo é obrigatório para o item {2}
{0} {1}: Cost Center is required for 'Profit and Loss' account {2}.,{0} {1}: O centro de custo é necessário para 'Lucro e perda' da conta {2}.
{0} {1}: Cost Center {2} does not belong to Company {3},{0} {1}: Cost Center {2} não pertence à Companhia {3}
{0} {1}: Cost Center {2} is a group cost center and group cost centers cannot be used in transactions,{0} {1}: Cost Center {2} é um centro de custo de grupo e os centros de custo do grupo não podem ser usados em transações
{0} {1}: Customer is required against Receivable account {2},{0} {1}: o cliente é necessário contra a conta a receber {2}
{0} {1}: Either debit or credit amount is required for {2},{0} {1}: o valor de débito ou crédito é necessário para {2}
{0} {1}: Supplier is required against Payable account {2},{0} {1}: O fornecedor é necessário contra a conta a pagar {2}
{0}%,{0}%
{0}% Billed,{0}% cobrado
{0}% Delivered,{0}% entregue
{0}% of total invoice value will be given as discount.,{0}% do valor total da fatura será fornecido como desconto.
{0}'s {1} cannot be after {2}'s Expected End Date.,{0} 's {1} não pode estar após a data de término esperada de {2}.
"{0}, complete the operation {1} before the operation {2}.","{0}, preencha a operação {1} antes da operação {2}."
{0}: {1} does not belong to the Company: {2},{0}: {1} não pertence à empresa: {2}
{0}: {1} does not exists,{0}: {1} não existe
{0}: {1} must be less than {2},{0}: {1} deve ser menor que {2}
{count} Assets created for {item_code},{count} ativos criados para {item_code}
{doctype} {name} is cancelled or closed.,{doctype} {nome} é cancelado ou fechado.
{field_label} is mandatory for sub-contracted {doctype}.,{field_label} é obrigatório para subcontratado {doctype}.
{item_name}'s Sample Size ({sample_size}) cannot be greater than the Accepted Quantity ({accepted_quantity}),{item_name} O tamanho da amostra ({sample_size}) não pode ser maior que a quantidade aceita ({aceita_quantity})
{ref_doctype} {ref_name} is {status}.,{ref_doctype} {ref_name} é {status}.
{},{}
{} can't be cancelled since the Loyalty Points earned has been redeemed. First cancel the {} No {},"{} não pode ser cancelado, pois os pontos de fidelidade ganhos foram resgatados. Primeiro cancele o {} no {}"
{} has submitted assets linked to it. You need to cancel the assets to create purchase return.,{} enviou ativos vinculados a ele. Você precisa cancelar os ativos para criar retorno de compra.
{} is a child company.,{} é uma empresa infantil.
{} {} is already linked with another {},{} {} já está vinculado a outro {}
{} {} is already linked with {} {},{} {} já está vinculado a {} {}
{} {} is not affecting bank account {},{} {} não está afetando a conta bancária {}
 Address,Endereço
 Amount,Quantia
 BOM,BOM
 Is Child Table,É uma tabela secundária
 Is Subcontracted,É subcontratado
 Item,Item
 Name,Nome
 Rate,Avaliar
 Raw Material,Matéria-prima
 Reserve Stock,Stock de Reserva
 Skip Material Transfer,Pular transferência de material
 Sub Assembly,Submontagem
 Summary,Resumo
(K) Valuation = Value (D) ÷ Qty (A),(K) Avaliação = Valor (D) Quantidade (A)
"<br>|||<h4>Note</h4>|||<ul>|||<li>|||You can use <a href=""https://jinja.palletsprojects.com/en/2.11.x/"" target=""_blank"">Jinja tags</a> in <b>Subject</b> and <b>Body</b> fields for dynamic values.|||</li><li>|||    All fields in this doctype are available under the <b>doc</b> object and all fields for the customer to whom the mail will go to is available under the  <b>customer</b> object.|||</li></ul>|||<h4> Examples</h4>|||<!-- {% raw %} -->|||<ul>|||    <li><b>Subject</b>:<br><br><pre><code>Statement Of Accounts for {{ customer.customer_name }}</code></pre><br></li>|||    <li><b>Body</b>: <br><br>|||<pre><code>Hello {{ customer.customer_name }},<br>PFA your Statement Of Accounts from {{ doc.from_date }} to {{ doc.to_date }}.</code> </pre></li>|||</ul>|||<!-- {% endraw %} -->","<br>|||<h4>Observação</h4>|||<ul>|||<li>|||Você pode usar <a href=""https://jinja.palletsprojects.com/en/2.11.x/"" target=""_blank"">Tags Jinja</a> nos campos <b>Assunto</b> e <b>Corpo</b> para dinâmica valores.|||</li><li>|||    Todos os campos neste tipo de documento estão disponíveis no objeto <b>doc</b> e todos os campos do cliente para quem o e-mail será enviado estão disponíveis no objeto <b>customer</b>.|||</li></ul>|||<h4> Exemplos</h4>|||<!-- {% raw %} -->|||<ul>|||    <li><b>Assunto</b>:<br><br><pre><code>Declaração de contas para {{ customer.customer_name }}</code></pre><br></li>|||    <li><b>Body</b>: <br><br>|||<pre><code>Olá {{ customer.customer_name }},<br>PFA seu extrato de contas de {{ doc.from_date }} a {{ doc.to_date }}.</code> </pre></li>|||</ul>|||<!-- {% desenhar %} -->"
<div>|||<h3> All dimensions in centimeter only </h3>|||</div>,<div>|||<h3> Todas as dimensões apenas em centímetros </h3>|||</div>
"<h3>About Product Bundle</h3>||||||<p>Aggregate group of <b>Items</b> into another <b>Item</b>. This is useful if you are bundling a certain <b>Items</b> into a package and you maintain stock of the packed <b>Items</b> and not the aggregate <b>Item</b>.</p>|||<p>The package <b>Item</b> will have <code>Is Stock Item</code> as <b>No</b> and <code>Is Sales Item</code> as <b>Yes</b>.</p>|||<h4>Example:</h4>|||<p>If you are selling Laptops and Backpacks separately and have a special price if the customer buys both, then the Laptop + Backpack will be a new Product Bundle Item.</p>","<h3>Sobre o pacote de produtos</h3>||||||<p>Agregue um grupo de <b>Itens</b> em outro <b>Item</b>. Isso é útil se você estiver agrupando determinados <b>itens</b> em um pacote e mantiver stock dos <b>itens</b> embalados e não do <b>item</b> agregado.</p>|||<p>O <b>item</b> do pacote terá <code>É item de stock</code> como <b>Não</b> e <code>É item de venda</code> como <b>Sim</b>.</p>|||<h4>Exemplo:</h4>|||<p>Se você vende laptops e mochilas separadamente e tem um preço especial se o cliente comprar ambos, o laptop + mochila será um novo item do pacote de produtos.</p>"
"<h3>Currency Exchange Settings Help</h3>|||<p>There are 3 variables that could be used within the endpoint, result key and in values of the parameter.</p>|||<p>Exchange rate between {from_currency} and {to_currency} on {transaction_date} is fetched by the API.</p>|||<p>Example: If your endpoint is exchange.com/2021-08-01, then, you will have to input exchange.com/{transaction_date}</p>","<h3>Ajuda de configurações de câmbio</h3>|||<p>Existem três variáveis ​​que podem ser usadas no endpoint, na chave de resultado e nos valores do parâmetro.</p>|||<p>A taxa de câmbio entre {from_currency} e {to_currency} em {transaction_date} é buscada pela API.</p>|||<p>Exemplo: se seu endpoint for exchange.com/2021-08-01, então você terá que inserir exchange.com/{transaction_date}</p>"
"<h4>Body Text and Closing Text Example</h4>||||||<div>We have noticed that you have not yet paid invoice {{sales_invoice}} for {{frappe.db.get_value(""Currency"", currency, ""symbol"")}} {{outstanding_amount}}. This is a friendly reminder that the invoice was due on {{due_date}}. Please pay the amount due immediately to avoid any further dunning cost.</div>||||||<h4>How to get fieldnames</h4>||||||<p>The fieldnames you can use in your template are the fields in the document. You can find out the fields of any documents via Setup &gt; Customize Form View and selecting the document type (e.g. Sales Invoice)</p>||||||<h4>Templating</h4>||||||<p>Templates are compiled using the Jinja Templating Language. To learn more about Jinja, <a class=""strong"" href=""http://jinja.pocoo.org/docs/dev/templates/"">read this documentation.</a></p>","<h4>Exemplo de corpo de texto e texto de fechamento</h4>||||||<div>Percebemos que você ainda não pagou a fatura {{sales_invoice}} de {{frappe.db.get_value(""Currency"", currency, ""symbol"")}} {{outstanding_amount}}. Este é um lembrete amigável de que a fatura vence em {{due_date}}. Pague o valor devido imediatamente para evitar custos adicionais de cobrança.</div>||||||<h4>Como obter nomes de campo</h4>||||||<p>Os nomes de campo que você pode usar em seu modelo são os campos do documento. Você pode descobrir os campos de qualquer documento em Configuração &gt; Personalize a visualização do formulário e selecione o tipo de documento (por exemplo, fatura de vendas)</p>||||||<h4>Modelos</h4>||||||<p>Os modelos são compilados usando a linguagem de modelos Jinja. Para saber mais sobre o Jinja, <a class=""strong"" href=""http://jinja.pocoo.org/docs/dev/templates/"">leia esta documentação.</a></p>"
"<h4>Contract Template Example</h4>||||||<pre>Contract for Customer {{ party_name }}||||||-Valid From : {{ start_date }} |||-Valid To : {{ end_date }}|||</pre>||||||<h4>How to get fieldnames</h4>||||||<p>The field names you can use in your Contract Template are the fields in the Contract for which you are creating the template. You can find out the fields of any documents via Setup &gt; Customize Form View and selecting the document type (e.g. Contract)</p>||||||<h4>Templating</h4>||||||<p>Templates are compiled using the Jinja Templating Language. To learn more about Jinja, <a class=""strong"" href=""http://jinja.pocoo.org/docs/dev/templates/"">read this documentation.</a></p>","<h4>Exemplo de modelo de contrato</h4>||||||<pre>Contrato para o cliente {{ party_name }}||||||-Válido desde: {{ start_date }} |||-Válido até: {{ end_date }}|||</pre>||||||<h4>Como obter nomes de campo</h4>||||||<p>O os nomes dos campos que você pode usar em seu modelo de contrato são os campos do contrato para o qual você está criando o modelo. Você pode descobrir os campos de qualquer documento em Configuração &gt; Personalize a visualização do formulário e selecione o tipo de documento (por exemplo, Contrato)</p>||||||<h4>Modelos</h4>||||||<p>Os modelos são compilados usando a linguagem de modelos Jinja. Para saber mais sobre o Jinja, <a class=""strong"" href=""http://jinja.pocoo.org/docs/dev/templates/"">leia esta documentação.</a></p>"
"<h4>Standard Terms and Conditions Example</h4>||||||<pre>Delivery Terms for Order number {{ name }}||||||-Order Date : {{ transaction_date }} |||-Expected Delivery Date : {{ delivery_date }}|||</pre>||||||<h4>How to get fieldnames</h4>||||||<p>The fieldnames you can use in your email template are the fields in the document from which you are sending the email. You can find out the fields of any documents via Setup &gt; Customize Form View and selecting the document type (e.g. Sales Invoice)</p>||||||<h4>Templating</h4>||||||<p>Templates are compiled using the Jinja Templating Language. To learn more about Jinja, <a class=""strong"" href=""http://jinja.pocoo.org/docs/dev/templates/"">read this documentation.</a></p>","<h4>Exemplo de termos e condições padrão</h4>||||||<pre>Condições de entrega para o número do pedido {{ name }}||||||-Data do pedido: {{ transaction_date }} |||-Data de entrega esperada: {{ delivery_date }}|||</pre>||||||<h4>Como obter nomes de campo</h4>||||||<p>Os nomes de campo que você pode usar em seu modelo de e-mail são os campos do documento do qual você está enviando o e-mail. Você pode descobrir os campos de qualquer documento em Configuração &gt; Personalize a visualização do formulário e selecione o tipo de documento (por exemplo, fatura de vendas)</p>||||||<h4>Modelos</h4>||||||<p>Os modelos são compilados usando a linguagem de modelos Jinja. Para saber mais sobre o Jinja, <a class=""strong"" href=""http://jinja.pocoo.org/docs/dev/templates/"">leia esta documentação.</a></p>"
"<p>In your <b>Email Template</b>, you can use the following special variables:|||</p>|||<ul>|||        <li>|||            <code>{{ update_password_link }}</code>: A link where your supplier can set a new password to log into your portal.|||        </li>|||        <li>|||            <code>{{ portal_link }}</code>: A link to this RFQ in your supplier portal.|||        </li>|||        <li>|||            <code>{{ supplier_name }}</code>: The company name of your supplier.|||        </li>|||        <li>|||            <code>{{ contact.salutation }} {{ contact.last_name }}</code>: The contact person of your supplier.|||        </li><li>|||            <code>{{ user_fullname }}</code>: Your full name.|||        </li>|||    </ul>|||<p></p>|||<p>Apart from these, you can access all values in this RFQ, like <code>{{ message_for_supplier }}</code> or <code>{{ terms }}</code>.</p>","<p>No seu <b>Modelo de e-mail</b>, você pode usar as seguintes variáveis ​​especiais:|||</p>|||<ul>|||        <li>|||            <code>{{ update_password_link }}</code>: Um link onde seu fornecedor pode definir uma nova senha para fazer login em seu portal.|||        </li>|||        <li>|||            <code>{{ portal_link }}</code>: Um link para esta RFQ no portal do seu fornecedor.|||        </li>|||        <li>|||            <code>{{ fornecedor_name }}</code>: O nome da empresa do seu fornecedor.|||        </li>|||        <li>|||            <code>{{ contact.salutation }} {{ contact.last_name }}</code>: A pessoa de contato do seu fornecedor.|||        </li><li>|||            <code>{{ user_fullname }}</code>: Seu nome completo.|||        </li>|||    </ul>|||<p></p>|||<p>Além desses, você pode acessar todos os valores nesta RFQ, como <code>{{ message_for_supplier }}</code> ou <code>{{ termos }}</code>.</p>"
"<pre><h5>Message Example</h5>||||||&lt;p&gt; Thank You for being a part of {{ doc.company }}! We hope you are enjoying the service.&lt;/p&gt;||||||&lt;p&gt; Please find enclosed the E Bill statement. The outstanding amount is {{ doc.grand_total }}.&lt;/p&gt;||||||&lt;p&gt; We don't want you to be spending time running around in order to pay for your Bill.<br>After all, life is beautiful and the time you have in hand should be spent to enjoy it!<br>So here are our little ways to help you get more time for life! &lt;/p&gt;||||||&lt;a href=""{{ payment_url }}""&gt; click here to pay &lt;/a&gt;||||||</pre>|||","<pre><h5>Exemplo de mensagem</h5>||||||&lt;p&gt; Obrigado por fazer parte da {{ doc.company }}! Esperamos que você esteja gostando do serviço.&lt;/p&gt;||||||&lt;p&gt; Por favor, encontre em anexo a declaração do E Bill. O valor pendente é {{ doc.grand_total }}.&lt;/p&gt;||||||&lt;p&gt; Não queremos que você perca tempo correndo para pagar suas contas.<br>Afinal, a vida é linda e o tempo que você tem em mãos deve ser gasto para aproveitá-la!<br>Então aqui estão nossas pequenas maneiras de ajudá-lo a conseguir mais tempo para a vida! &lt;/p&gt;||||||&lt;a href=""{{ payment_url }}""&gt; clique aqui para pagar &lt;/a&gt;||||||</pre>|||"
"<pre><h5>Message Example</h5>||||||&lt;p&gt;Dear {{ doc.contact_person }},&lt;/p&gt;||||||&lt;p&gt;Requesting payment for {{ doc.doctype }}, {{ doc.name }} for {{ doc.grand_total }}.&lt;/p&gt;||||||&lt;a href=""{{ payment_url }}""&gt; click here to pay &lt;/a&gt;||||||</pre>|||","<pre><h5>Exemplo de mensagem</h5>||||||&lt;p&gt;Prezado {{ doc.contact_person }},&lt;/p&gt;||||||&lt;p&gt;Solicitando pagamento para {{ doc.doctype }}, {{ doc.name }} para {{ doc.grand_total }}.&lt;/p&gt;||||||&lt;a href=""{{ payment_url }}""&gt; clique aqui para pagar &lt;/a&gt;||||||</pre>|||"
"<table class=""table table-bordered table-condensed"">|||<thead>|||  <tr>|||         <th class=""table-sr"" style=""width: 50%;"">Child Document</th>|||         <th class=""table-sr"" style=""width: 50%;"">Non Child Document</th>|||   </tr>|||</thead>|||<tbody>|||<tr>|||         <td>|||                  <p> To access parent document field use parent.fieldname and to access child table document field use doc.fieldname </p>||||||         </td>|||         <td>|||                    <p>To access document field use doc.fieldname </p>|||         </td>|||</tr>|||<tr>|||        <td>|||                   <p><b>Example: </b> parent.doctype == ""Stock Entry"" and doc.item_code == ""Test"" </p>||||||        </td>|||         <td>|||                   <p><b>Example: </b> doc.doctype == ""Stock Entry"" and doc.purpose == ""Manufacture""</p>    |||          </td>|||</tr>||||||</tbody>|||</table>|||||||||||||||||||||","<table class=""table table-bordered table-condensed"">|||<thead>|||  <tr>|||         <th class=""table-sr"" style=""width: 50%;"">Documento filho</th>|||         <th class=""table-sr"" style=""width: 50%;"">Documento não filho</th>|||   </tr>|||</thead>|||<tbody>|||<tr>|||         <td>|||                  <p> Para acessar o campo do documento pai use parent.fieldname e para acessar o campo do documento da tabela filho use doc.fieldname </p>||||||         </td>|||         <td>|||                    <p>Para acessar o campo do documento use doc.fieldname </p>|||         </td>|||</tr>|||<tr>|||        <td>|||                   <p><b>Exemplo: </b> parent.doctype == ""Entrada de stock"" e doc.item_code == ""Teste"" </p>||||||        </td>|||         <td>|||                   <p><b>Exemplo: </b> doc.doctype == ""Entrada de Stock"" e doc.purpose == ""Fabricação""</p> |||          </td>|||</tr>||||||</tbody>|||</table>||||||||||||||||||||"
"Creation of {0} failed.|||				Check <b><a href=""/app/bulk-transaction-log"">Bulk Transaction Log</a></b>","Falha na criação de {0}.|||				Verifique o <b><a href=""/app/bulk-transaction-log"">Registro de transações em massa</a></b>"
"Creation of {0} partially successful.|||				Check <b><a href=""/app/bulk-transaction-log"">Bulk Transaction Log</a></b>","Criação de {0} parcialmente bem-sucedida.|||				Verifique o <b><a href=""/app/bulk-transaction-log"">Registro de transações em massa</a></b>"
Employee Analytics,Análise de funcionários
Employee Birthday,Aniversário do funcionário
Employee Hours Utilization Based On Timesheet,Utilização de horas de funcionários com base no quadro de horários
Employee Information,Informações do funcionário
Employee Leave Balance,Saldo de licenças de funcionários
Employee Leave Balance Summary,Resumo do saldo de licenças de funcionários
"Enter the Operation, the table will fetch the Operation details like Hourly Rate, Workstation automatically.|||||| After that, set the Operation Time in minutes and the table will calculate the Operation Costs based on the Hourly Rate and Operation Time.","Insira a Operação, a tabela irá buscar os detalhes da Operação como Taxa Horária, Estação de Trabalho automaticamente.|||||| Depois disso, defina o Tempo de Operação em minutos e a tabela calculará os Custos de Operação com base na Taxa Horária e no Tempo de Operação."
"Enter the Operation, the table will fetch the Operation details like Hourly Rate, Workstation automatically.|||||||| After that, set the Operation Time in minutes and the table will calculate the Operation Costs based on the Hourly Rate and Operation Time.","Insira a Operação, a tabela irá buscar os detalhes da Operação como Taxa Horária, Estação de Trabalho automaticamente.|||||||| Depois disso, defina o Tempo de Operação em minutos e a tabela calculará os Custos de Operação com base na Taxa Horária e no Tempo de Operação."
Error: This asset already has {0} depreciation periods booked.|||					The `depreciation start` date must be at least {1} periods after the `available for use` date.|||					Please correct the dates accordingly.,"Erro: Este ativo já possui {0} períodos de depreciação registrados.|||					A data de `início da depreciação` deve ser pelo menos {1} períodos após a data de `disponibilidade para uso`.|||					Por favor, corrija as datas de acordo."
"Example: ABCD.#####|||If series is set and Serial No is not mentioned in transactions, then automatic serial number will be created based on this series. If you always want to explicitly mention Serial Nos for this item. leave this blank.","Exemplo: ABCD.#####|||Se a série for definida e o número de série não for mencionado nas transações, então o número de série automático será criado com base nesta série. Se você sempre quiser mencionar explicitamente os números de série para este item. deixe isso em branco."
If <b>Enabled</b> - Reconciliation happens on the <b>Advance Payment posting date</b><br>|||If <b>Disabled</b> - Reconciliation happens on oldest of 2 Dates: <b>Invoice Date</b> or the <b>Advance Payment posting date</b><br>|||,Se <b>Ativado</b> - A reconciliação ocorre na <b>Data de lançamento do Pagamento Antecipado</b><br>|||Se <b>Desativado</b> - A reconciliação ocorre na mais antiga das 2 Datas: <b>Data da Fatura</b> ou na <b>Data de lançamento do Pagamento Antecipado</b><br>|||
"If enabled, do not update serial / batch values in the stock transactions on creation of auto Serial ||| / Batch Bundle. ","Se habilitado, não atualiza valores de série/lote nas transações de stock na criação do Serial automático ||| / Pacote de lote."
"If enabled, formula for <b>Qty to Order</b>: <br>|||Required Qty (BOM) - <a href=""https://docs.frappe.io/erpnext/user/manual/en/projected-quantity"">Projected Qty</a>. <br> This helps avoid over-ordering.","Se ativado, fórmula para <b>Quantidade a ser solicitada</b>: <br>|||Qtd necessária (BOM) - <a href=""https://docs.frappe.io/erpnext/user/manual/en/projected-quantity"">Qtd projetada</a>. <br> Isso ajuda a evitar pedidos excessivos."
"If enabled, formula for <b>Required Qty</b>: <br>|||Required Qty (BOM) - <a href=""https://docs.frappe.io/erpnext/user/manual/en/projected-quantity"">Projected Qty</a>. <br> This helps avoid over-ordering.","Se ativado, fórmula para <b>Qtd necessária</b>: <br>|||Qtd necessária (BOM) - <a href=""https://docs.frappe.io/erpnext/user/manual/en/projected-quantity"">Qtd projetada</a>. <br> Isso ajuda a evitar pedidos excessivos."
"Leave blank for home.|||This is relative to site URL, for example ""about"" will redirect to ""https://yoursitename.com/about""","Deixe em branco para a página inicial.|||Isso é relativo ao URL do site, por exemplo, ""about"" redirecionará para ""https://yoursitename.com/about"""
"Only values between [0,1) are allowed. Like {0.00, 0.04, 0.09, ...}|||Ex: If allowance is set at 0.07, accounts that have balance of 0.07 in either of the currencies will be considered as zero balance account","Somente valores entre [0,1) são permitidos. Como {0,00, 0,04, 0,09, ...}|||Ex: Se a provisão for definida como 0,07, as contas que tiverem saldo de 0,07 em qualquer uma das moedas serão consideradas como conta com saldo zero"
PVP,PVP
PVR,PVR
Project Profitability,Rentabilidade do Projeto
"Replace a particular BOM in all other BOMs where it is used. It will replace the old BOM link, update cost and regenerate ""BOM Explosion Item"" table as per new BOM.|||It also updates latest price in all the BOMs.","Substitua uma BOM específica em todas as outras BOMs onde ela for usada. Ele substituirá o antigo link da BOM, atualizará o custo e regenerará a tabela ""Item de explosão da BOM"" de acordo com a nova BOM.|||Ele também atualiza o preço mais recente em todas as BOMs."
"Row #{0}: Selling rate for item {1} is lower than its {2}.|||					Selling {3} should be atleast {4}.<br><br>Alternatively,|||					you can disable selling price validation in {5} to bypass|||					this validation.","Linha #{0}: A taxa de venda do item {1} é menor que seu {2}.|||					A venda de {3} deve ser pelo menos {4}.<br><br>Como alternativa,|||					você pode desativar a validação do preço de venda em {5} para ignorar|||					esta validação."
"Scorecard variables can be used, as well as:|||{total_score} (the total score from that period),|||{period_number} (the number of periods to present day)|||","Variáveis ​​do scorecard podem ser usadas, assim como:|||{total_score} (a ​​pontuação total daquele período),|||{period_number} (o número de períodos até o dia atual)|||"
Select whether to get items from a Sales Order or a Material Request. For now select <b>Sales Order</b>.||| A Production Plan can also be created manually where you can select the Items to manufacture.,Selecione se deseja obter itens de um pedido de vendas ou de uma solicitação de material. Por enquanto selecione <b>Pedido de venda</b>.||| Um Plano de Produção também pode ser criado manualmente onde você pode selecionar os Itens a serem fabricados.
Select whether to get items from a Sales Order or a Material Request. For now select <b>Sales Order</b>.|||| A Production Plan can also be created manually where you can select the Items to manufacture.,Selecione se deseja obter itens de um pedido de vendas ou de uma solicitação de material. Por enquanto selecione <b>Pedido de venda</b>.|||| Um Plano de Produção também pode ser criado manualmente onde você pode selecionar os Itens a serem fabricados.
"Simple Python formula applied on Reading fields.<br> Numeric eg. 1: <b>reading_1 &gt; 0.2 and reading_1 &lt; 0.5</b><br>|||Numeric eg. 2: <b>mean &gt; 3.5</b> (mean of populated fields)<br>|||Value based eg.:  <b>reading_value in (""A"", ""B"", ""C"")</b>","Fórmula Python simples aplicada em campos de leitura.<br> Numérico, por exemplo. 1: <b>leitura_1&gt; 0,2 e leitura_1 &lt; 0,5</b><br>|||Numérico, por exemplo. 2: <b>média&gt; 3,5</b> (média dos campos preenchidos)<br>|||Baseado em valor, por exemplo: <b>valor_leitura em (""A"", ""B"", ""C"")</b>"
Tax detail table fetched from item master as a string and stored in this field.|||Used for Taxes and Charges,Tabela de detalhes de impostos obtida do cadastro de itens como uma string e armazenada neste campo.|||Usada para Impostos e Encargos
or,ou
{0} and {1},{0} e {1}
